run_id,score_bucket,member_count,pct_members,avg_score,min_score,max_score,avg_hcc_score,avg_rxc_score,avg_demographic_score
c44f1e3a-9098-4527-ad01-5b325f274a62,10.300000190734863,28,0.0033621517771373678,10.344321387154716,10.300000190734863,10.39799976348877,9.771214268037252,0.2885714258466448,0.28453571402600836
c44f1e3a-9098-4527-ad01-5b325f274a62,48.5,1,0.00012007684918347742,48.555999755859375,48.555999755859375,48.555999755859375,48.45399856567383,0.0,0.10199999809265137
c44f1e3a-9098-4527-ad01-5b325f274a62,8.199999809265137,34,0.004082612872238232,8.24576473236084,8.20300006866455,8.295000076293945,7.7973529661402985,0.2007647062487462,0.24764705909525647
c44f1e3a-9098-4527-ad01-5b325f274a62,53.5,4,0.0004803073967339097,53.56350040435791,53.54100036621094,53.582000732421875,53.33774948120117,0.0,0.22574999555945396
c44f1e3a-9098-4527-ad01-5b325f274a62,12.800000190734863,24,0.002881844380403458,12.847041726112366,12.803000450134277,12.895999908447266,12.409125049908956,0.16945833526551723,0.268458333487312
c44f1e3a-9098-4527-ad01-5b325f274a62,52.79999923706055,1,0.00012007684918347742,52.869998931884766,52.869998931884766,52.869998931884766,52.569000244140625,0.0,0.3009999990463257
c44f1e3a-9098-4527-ad01-5b325f274a62,65.0,3,0.00036023054755043225,65.03100077311198,65.00700378417969,65.07099914550781,59.76499938964844,4.87666670481364,0.3893333276112874
c44f1e3a-9098-4527-ad01-5b325f274a62,4.5,15,0.0018011527377521613,4.548799959818522,4.506999969482422,4.593999862670898,4.094333362579346,0.21579999923706056,0.23866666754086813
c44f1e3a-9098-4527-ad01-5b325f274a62,6.400000095367432,21,0.002521613832853026,6.4473333812895275,6.408999919891357,6.492000102996826,6.016238076346261,0.15190476462954566,0.27919047893512816
c44f1e3a-9098-4527-ad01-5b325f274a62,5.400000095367432,25,0.0030019212295869357,5.4567600440979005,5.408999919891357,5.491000175476074,5.031079969406128,0.12107999801635742,0.3046000000834465
c44f1e3a-9098-4527-ad01-5b325f274a62,0.30000001192092896,112,0.013448607108549471,0.34543750275458607,0.3009999990463257,0.3970000147819519,0.016044643042343005,0.0016071428544819355,0.3277857171238533
c44f1e3a-9098-4527-ad01-5b325f274a62,13.5,25,0.0030019212295869357,13.532799949645996,13.503000259399414,13.586999893188477,13.19132007598877,0.1119600009918213,0.22951999962329864
c44f1e3a-9098-4527-ad01-5b325f274a62,26.5,8,0.0009606147934678194,26.544625282287598,26.527000427246094,26.579999923706055,19.254499912261963,6.968124866485596,0.32200000435113907
c44f1e3a-9098-4527-ad01-5b325f274a62,41.20000076293945,2,0.00024015369836695484,41.25900077819824,41.2400016784668,41.27799987792969,40.11850166320801,0.7870000004768372,0.35350000858306885
c44f1e3a-9098-4527-ad01-5b325f274a62,12.300000190734863,25,0.0030019212295869357,12.341760025024413,12.300000190734863,12.39900016784668,11.863600006103516,0.2020799970626831,0.2760800006985664
c44f1e3a-9098-4527-ad01-5b325f274a62,21.299999237060547,12,0.001440922190201729,21.364750067392986,21.32200050354004,21.393999099731445,21.084916591644287,0.0360000009338061,0.24383333387474218
c44f1e3a-9098-4527-ad01-5b325f274a62,17.0,23,0.002761767531219981,17.064173988673996,17.007999420166016,17.094999313354492,14.884304279866425,1.9477825994076936,0.23208695747282193
c44f1e3a-9098-4527-ad01-5b325f274a62,4.599999904632568,27,0.0032420749279538905,4.658666646039045,4.609000205993652,4.697999954223633,4.314851787355211,0.11144444236048946,0.23237037189580775
c44f1e3a-9098-4527-ad01-5b325f274a62,29.899999618530273,10,0.0012007684918347744,29.964599990844725,29.929000854492188,29.996000289916992,25.586000156402587,4.115500036627054,0.26309999749064444
c44f1e3a-9098-4527-ad01-5b325f274a62,36.20000076293945,8,0.0009606147934678194,36.27137565612793,36.21900177001953,36.29899978637695,30.348374724388123,5.6525000631809235,0.2704999949783087
c44f1e3a-9098-4527-ad01-5b325f274a62,15.800000190734863,16,0.0019212295869356388,15.85281252861023,15.807000160217285,15.89900016784668,14.375812530517578,1.171937506645918,0.30506250308826566
c44f1e3a-9098-4527-ad01-5b325f274a62,31.700000762939453,11,0.0013208453410182516,31.74572719227184,31.700000762939453,31.77899932861328,31.5520002191717,0.0,0.1937272697687149
c44f1e3a-9098-4527-ad01-5b325f274a62,16.600000381469727,20,0.0024015369836695487,16.65334987640381,16.60099983215332,16.69099998474121,13.362699842453003,3.0039001520723105,0.2867500025779009
c44f1e3a-9098-4527-ad01-5b325f274a62,30.399999618530273,11,0.0013208453410182516,30.45145468278365,30.4060001373291,30.496000289916992,28.118272694674406,2.0729091384194116,0.2602727257392623
c44f1e3a-9098-4527-ad01-5b325f274a62,2.799999952316284,41,0.004923150816522575,2.854756087791629,2.802000045776367,2.8949999809265137,2.563926827616808,0.04990243911743164,0.24092683305100696
c44f1e3a-9098-4527-ad01-5b325f274a62,6.099999904632568,33,0.003962536023054755,6.147999951333711,6.10099983215332,6.198999881744385,5.783787900751287,0.07681818261291042,0.28739393818559067
c44f1e3a-9098-4527-ad01-5b325f274a62,11.600000381469727,36,0.004322766570605188,11.650777763790554,11.600000381469727,11.697999954223633,11.072444372706943,0.2871111109852791,0.29122222277025384
c44f1e3a-9098-4527-ad01-5b325f274a62,23.899999618530273,12,0.001440922190201729,23.942583401997883,23.899999618530273,23.982999801635742,19.22308341662089,4.450083335240682,0.2694166669001182
c44f1e3a-9098-4527-ad01-5b325f274a62,23.299999237060547,13,0.0015609990393852064,23.34907707801232,23.315000534057617,23.389999389648438,22.50169225839468,0.6215384556696966,0.225846155331685
c44f1e3a-9098-4527-ad01-5b325f274a62,31.299999237060547,8,0.0009606147934678194,31.35362482070923,31.31399917602539,31.395999908447266,27.636625051498413,3.5187498927116394,0.19825000315904617
c44f1e3a-9098-4527-ad01-5b325f274a62,26.399999618530273,11,0.0013208453410182516,26.441909096457742,26.400999069213867,26.496999740600586,23.120000058954414,3.092454671859741,0.2294545437801968
c44f1e3a-9098-4527-ad01-5b325f274a62,17.899999618530273,17,0.002041306436119116,17.948176552267636,17.899999618530273,17.996999740600586,16.148823513704187,1.5148823471630322,0.2844705897219041
c44f1e3a-9098-4527-ad01-5b325f274a62,3.5,26,0.003121998078770413,3.5580769135401797,3.503999948501587,3.5929999351501465,3.125884642967811,0.22846153951608217,0.20373077174791923
c44f1e3a-9098-4527-ad01-5b325f274a62,19.799999237060547,18,0.002161383285302594,19.863000128004288,19.805999755859375,19.898000717163086,17.71966666645474,1.847166631784704,0.29616666916343903
c44f1e3a-9098-4527-ad01-5b325f274a62,1.0,25,0.0030019212295869357,1.0570400094985961,1.0019999742507935,1.0980000495910645,0.7946400022506714,0.03451999872922897,0.2278800004720688
c44f1e3a-9098-4527-ad01-5b325f274a62,9.800000190734863,21,0.002521613832853026,9.84900002252488,9.809000015258789,9.88599967956543,9.632857095627557,0.0,0.21614285416546322
c44f1e3a-9098-4527-ad01-5b325f274a62,43.0,3,0.00036023054755043225,43.0369987487793,43.0099983215332,43.090999603271484,37.502333323160805,5.39900016784668,0.13566666593154272
c44f1e3a-9098-4527-ad01-5b325f274a62,24.5,15,0.0018011527377521613,24.543399810791016,24.500999450683594,24.59000015258789,22.786400047938027,1.4506666819254557,0.30633333772420884
c44f1e3a-9098-4527-ad01-5b325f274a62,21.5,18,0.002161383285302594,21.539444287618,21.5,21.591999053955078,19.11405571301778,2.143833292855157,0.28155555410517585
c44f1e3a-9098-4527-ad01-5b325f274a62,7.099999904632568,18,0.002161383285302594,7.1462222470177545,7.10099983215332,7.193999767303467,6.6827777359220715,0.17983333269755045,0.28361111051506466
c44f1e3a-9098-4527-ad01-5b325f274a62,3.0999999046325684,25,0.0030019212295869357,3.1514799880981443,3.0999999046325684,3.194999933242798,2.7248399877548217,0.1808400011062622,0.24580000042915345
c44f1e3a-9098-4527-ad01-5b325f274a62,25.299999237060547,13,0.0015609990393852064,25.359384830181416,25.304000854492188,25.393999099731445,23.43853845963111,1.7036153628275945,0.21723076643852088
c44f1e3a-9098-4527-ad01-5b325f274a62,28.600000381469727,8,0.0009606147934678194,28.63587498664856,28.606000900268555,28.694000244140625,21.790750205516815,6.573874965310097,0.27125000208616257
c44f1e3a-9098-4527-ad01-5b325f274a62,56.599998474121094,2,0.00024015369836695484,56.67299842834473,56.65599822998047,56.689998626708984,56.51849937438965,0.0,0.15450000017881393
c44f1e3a-9098-4527-ad01-5b325f274a62,49.20000076293945,1,0.00012007684918347742,49.20899963378906,49.20899963378906,49.20899963378906,48.91699981689453,0.0,0.2919999957084656
c44f1e3a-9098-4527-ad01-5b325f274a62,42.599998474121094,3,0.00036023054755043225,42.641666412353516,42.62300109863281,42.6609992980957,42.50033315022787,0.0,0.1413333316644033
c44f1e3a-9098-4527-ad01-5b325f274a62,18.399999618530273,10,0.0012007684918347744,18.443499946594237,18.405000686645508,18.496000289916992,17.430300426483154,0.6703000068664551,0.34290000051259995
c44f1e3a-9098-4527-ad01-5b325f274a62,64.19999694824219,4,0.0004803073967339097,64.25349998474121,64.23699951171875,64.26899719238281,48.6904993057251,15.248000144958496,0.3150000013411045
c44f1e3a-9098-4527-ad01-5b325f274a62,36.0,6,0.0007204610951008645,36.05400021870931,36.00699996948242,36.097999572753906,34.50699933369955,1.2228333155314128,0.3241666654745738
c44f1e3a-9098-4527-ad01-5b325f274a62,38.599998474121094,3,0.00036023054755043225,38.663665771484375,38.65800094604492,38.66999816894531,32.875999450683594,5.497666676839192,0.29000000407298404
c44f1e3a-9098-4527-ad01-5b325f274a62,23.600000381469727,10,0.0012007684918347744,23.655899810791016,23.601999282836914,23.69700050354004,19.404900225996972,3.9259000778198243,0.325100003182888
c44f1e3a-9098-4527-ad01-5b325f274a62,31.899999618530273,11,0.0013208453410182516,31.940636374733664,31.908000946044922,31.990999221801758,27.907181826504793,3.697818237272176,0.3356363664973866
c44f1e3a-9098-4527-ad01-5b325f274a62,38.5,4,0.0004803073967339097,38.541500091552734,38.50699996948242,38.58300018310547,36.44999980926514,1.8342499732971191,0.25724999979138374
c44f1e3a-9098-4527-ad01-5b325f274a62,37.400001525878906,2,0.00024015369836695484,37.43899917602539,37.40599822998047,37.47200012207031,37.12200164794922,0.0,0.31700000911951065
c44f1e3a-9098-4527-ad01-5b325f274a62,61.70000076293945,1,0.00012007684918347742,61.77399826049805,61.77399826049805,61.77399826049805,61.5629997253418,0.0,0.210999995470047
c44f1e3a-9098-4527-ad01-5b325f274a62,44.0,3,0.00036023054755043225,44.023999532063804,44.00899887084961,44.03300094604492,30.682665983835857,13.08633295694987,0.2549999952316284
c44f1e3a-9098-4527-ad01-5b325f274a62,61.400001525878906,1,0.00012007684918347742,61.49800109863281,61.49800109863281,61.49800109863281,61.33700180053711,0.0,0.16099999845027924
c44f1e3a-9098-4527-ad01-5b325f274a62,43.70000076293945,3,0.00036023054755043225,43.721666971842446,43.70100021362305,43.75,38.03766632080078,5.396999994913737,0.28700000544389087
c44f1e3a-9098-4527-ad01-5b325f274a62,48.099998474121094,4,0.0004803073967339097,48.17400074005127,48.14799880981445,48.19900131225586,47.844499588012695,0.0,0.3295000046491623
c44f1e3a-9098-4527-ad01-5b325f274a62,46.79999923706055,3,0.00036023054755043225,46.829332987467446,46.821998596191406,46.8390007019043,40.89966646830241,5.641666680574417,0.2880000074704488
c44f1e3a-9098-4527-ad01-5b325f274a62,48.79999923706055,2,0.00024015369836695484,48.83500099182129,48.83300018310547,48.83700180053711,48.64500045776367,0.0,0.1899999938905239
c44f1e3a-9098-4527-ad01-5b325f274a62,32.79999923706055,5,0.0006003842459173872,32.857000732421874,32.819000244140625,32.882999420166016,22.62279987335205,9.958400256931782,0.2758000001311302
c44f1e3a-9098-4527-ad01-5b325f274a62,54.5,3,0.00036023054755043225,54.54066721598307,54.500999450683594,54.59600067138672,53.919334411621094,0.4556666612625122,0.16566666960716248
c44f1e3a-9098-4527-ad01-5b325f274a62,59.900001525878906,1,0.00012007684918347742,59.99599838256836,59.99599838256836,59.99599838256836,59.854000091552734,0.0,0.1420000046491623
c44f1e3a-9098-4527-ad01-5b325f274a62,37.79999923706055,4,0.0004803073967339097,37.85099983215332,37.81800079345703,37.87099838256836,33.75675058364868,3.9189999103546143,0.1752499956637621
c44f1e3a-9098-4527-ad01-5b325f274a62,53.20000076293945,3,0.00036023054755043225,53.266334533691406,53.2400016784668,53.297000885009766,52.274332682291664,0.7599999904632568,0.23200000077486038
c44f1e3a-9098-4527-ad01-5b325f274a62,50.099998474121094,2,0.00024015369836695484,50.16950035095215,50.15299987792969,50.18600082397461,49.870500564575195,0.0,0.29899999499320984
c44f1e3a-9098-4527-ad01-5b325f274a62,63.0,1,0.00012007684918347742,63.09700012207031,63.09700012207031,63.09700012207031,46.43000030517578,16.283000946044922,0.3840000033378601
c44f1e3a-9098-4527-ad01-5b325f274a62,49.099998474121094,2,0.00024015369836695484,49.128000259399414,49.12699890136719,49.12900161743164,48.84700012207031,0.0,0.2809999957680702
c44f1e3a-9098-4527-ad01-5b325f274a62,54.29999923706055,1,0.00012007684918347742,54.39699935913086,54.39699935913086,54.39699935913086,54.172000885009766,0.0,0.22499999403953552
c44f1e3a-9098-4527-ad01-5b325f274a62,2.200000047683716,38,0.004562920268972142,2.2510789695538973,2.2049999237060547,2.2980000972747803,1.8033684209773415,0.20647368619316503,0.2412368431687355
c44f1e3a-9098-4527-ad01-5b325f274a62,15.899999618530273,27,0.0032420749279538905,15.945000012715658,15.904999732971191,15.98799991607666,11.465000011302807,4.240074054510505,0.23992592537844623
c44f1e3a-9098-4527-ad01-5b325f274a62,79.0,1,0.00012007684918347742,79.03500366210938,79.03500366210938,79.03500366210938,78.93299865722656,0.0,0.10199999809265137
c44f1e3a-9098-4527-ad01-5b325f274a62,0.0,351,0.04214697406340057,0.022737891713098923,0.0,0.09799999743700027,0.0,0.0,0.022737891713098923
c44f1e3a-9098-4527-ad01-5b325f274a62,21.0,17,0.002041306436119116,21.0438232421875,21.006000518798828,21.07900047302246,20.26776465247659,0.48135293669560375,0.29470588223022576
c44f1e3a-9098-4527-ad01-5b325f274a62,0.10000000149011612,201,0.024135446685878963,0.14467164210567426,0.10000000149011612,0.19499999284744263,0.0014129352955082755,0.0,0.143258706810166
c44f1e3a-9098-4527-ad01-5b325f274a62,34.70000076293945,8,0.0009606147934678194,34.742374897003174,34.71500015258789,34.78499984741211,32.654375314712524,1.7714999914169312,0.3165000006556511
c44f1e3a-9098-4527-ad01-5b325f274a62,28.700000762939453,12,0.001440922190201729,28.750083446502686,28.711000442504883,28.798999786376953,24.98424983024597,3.489333361387253,0.2764999990661939
c44f1e3a-9098-4527-ad01-5b325f274a62,17.799999237060547,19,0.002281460134486071,17.846368287739,17.80299949645996,17.892000198364258,15.072999922852768,2.5301053194623244,0.24326315796688983
c44f1e3a-9098-4527-ad01-5b325f274a62,21.600000381469727,19,0.002281460134486071,21.655052787379216,21.60300064086914,21.69300079345703,19.288263069955928,2.099684213337145,0.26710526684397146
c44f1e3a-9098-4527-ad01-5b325f274a62,11.0,37,0.004442843419788665,11.048432375933674,11.001999855041504,11.098999977111816,10.793837856602025,0.03362162250119287,0.22097297496086843
c44f1e3a-9098-4527-ad01-5b325f274a62,25.399999618530273,21,0.002521613832853026,25.452380770728702,25.402999877929688,25.496999740600586,21.495809509640647,3.6794762384323847,0.27709524014166426
c44f1e3a-9098-4527-ad01-5b325f274a62,19.700000762939453,30,0.0036023054755043226,19.745999972025555,19.704999923706055,19.798999786376953,18.846999899546304,0.6451333314180374,0.2538666660586993
c44f1e3a-9098-4527-ad01-5b325f274a62,5.0,25,0.0030019212295869357,5.048400001525879,5.001999855041504,5.098999977111816,4.777079982757568,0.06567999839782715,0.2056399992108345
c44f1e3a-9098-4527-ad01-5b325f274a62,38.099998474121094,6,0.0007204610951008645,38.156500498453774,38.11000061035156,38.18600082397461,31.397167205810547,6.543166796366374,0.2161666713654995
c44f1e3a-9098-4527-ad01-5b325f274a62,29.100000381469727,12,0.001440922190201729,29.152416547139484,29.106000900268555,29.198999404907227,24.998500029246014,3.8869166870911918,0.2669999996821086
c44f1e3a-9098-4527-ad01-5b325f274a62,47.20000076293945,4,0.0004803073967339097,47.25349998474121,47.23400115966797,47.284000396728516,45.3120002746582,1.690750002861023,0.25074999406933784
c44f1e3a-9098-4527-ad01-5b325f274a62,43.5,2,0.00024015369836695484,43.5625,43.5260009765625,43.5989990234375,35.5625,7.8379998207092285,0.16200000420212746
c44f1e3a-9098-4527-ad01-5b325f274a62,13.699999809265137,25,0.0030019212295869357,13.74107997894287,13.701000213623047,13.79699993133545,12.818240013122558,0.6457600116729736,0.2770800015330315
c44f1e3a-9098-4527-ad01-5b325f274a62,1.100000023841858,31,0.0037223823246878003,1.1500322511119228,1.1009999513626099,1.190999984741211,0.8757741931946047,0.0,0.27425806584858126
c44f1e3a-9098-4527-ad01-5b325f274a62,43.79999923706055,4,0.0004803073967339097,43.871750831604004,43.81999969482422,43.89400100708008,43.2182502746582,0.4104999899864197,0.2429999988526106
c44f1e3a-9098-4527-ad01-5b325f274a62,13.600000381469727,20,0.0024015369836695487,13.653650093078614,13.60200023651123,13.692000389099121,13.012000012397767,0.4096500039100647,0.23200000077486038
c44f1e3a-9098-4527-ad01-5b325f274a62,1.7999999523162842,32,0.0038424591738712775,1.849906250834465,1.7999999523162842,1.8980000019073486,1.2610312551259995,0.35106249898672104,0.2378124981187284
c44f1e3a-9098-4527-ad01-5b325f274a62,16.5,18,0.002161383285302594,16.544722027248806,16.5049991607666,16.597000122070312,16.18983332316081,0.05288889010747274,0.3019999990032779
c44f1e3a-9098-4527-ad01-5b325f274a62,7.400000095367432,27,0.0032420749279538905,7.444703649591516,7.4070000648498535,7.497000217437744,6.459481477737427,0.6827777828331347,0.3024444466939679
c44f1e3a-9098-4527-ad01-5b325f274a62,17.700000762939453,28,0.0033621517771373678,17.751142842429026,17.704999923706055,17.79199981689453,16.501642686980112,0.996821437563215,0.25267857366374563
c44f1e3a-9098-4527-ad01-5b325f274a62,24.299999237060547,13,0.0015609990393852064,24.34192290672889,24.301000595092773,24.395999908447266,23.784384654118465,0.30246154161599964,0.2550769241956564
c44f1e3a-9098-4527-ad01-5b325f274a62,9.0,23,0.002761767531219981,9.053913074990977,9.00100040435791,9.097000122070312,8.4657826009004,0.34617392459641333,0.24195652293122333
c44f1e3a-9098-4527-ad01-5b325f274a62,48.900001525878906,5,0.0006003842459173872,48.956200408935544,48.92100143432617,48.987998962402344,42.48239936828613,6.1838000297546385,0.28999999910593033
c44f1e3a-9098-4527-ad01-5b325f274a62,51.29999923706055,4,0.0004803073967339097,51.3432502746582,51.32699966430664,51.358001708984375,46.894999504089355,4.171249866485596,0.2769999988377094
c44f1e3a-9098-4527-ad01-5b325f274a62,2.5,31,0.0037223823246878003,2.548000012674639,2.503999948501587,2.5950000286102295,2.1758709530676565,0.10290322765227287,0.2692258076802377
c44f1e3a-9098-4527-ad01-5b325f274a62,35.79999923706055,7,0.0008405379442843419,35.86142785208566,35.81800079345703,35.89899826049805,34.49771417890276,1.0635714530944824,0.3001428619027138
c44f1e3a-9098-4527-ad01-5b325f274a62,31.600000381469727,11,0.0013208453410182516,31.66063655506481,31.610000610351562,31.698999404907227,29.995000058954414,1.4422727064652876,0.22336363386024127
c44f1e3a-9098-4527-ad01-5b325f274a62,7.300000190734863,18,0.002161383285302594,7.355444431304932,7.303999900817871,7.39900016784668,5.895555522706774,1.1815000375111897,0.27838889012734097
c44f1e3a-9098-4527-ad01-5b325f274a62,46.70000076293945,2,0.00024015369836695484,46.76350021362305,46.757999420166016,46.76900100708008,34.70300006866455,11.60099983215332,0.4595000147819519
c44f1e3a-9098-4527-ad01-5b325f274a62,4.099999904632568,34,0.004082612872238232,4.154088202644797,4.099999904632568,4.198999881744385,3.8240588272319123,0.05132352823720259,0.2787058857433936
c44f1e3a-9098-4527-ad01-5b325f274a62,3.5999999046325684,25,0.0030019212295869357,3.653279962539673,3.6050000190734863,3.696000099182129,3.3520800113677978,0.07616000175476074,0.22503999948501588
c44f1e3a-9098-4527-ad01-5b325f274a62,40.0,6,0.0007204610951008645,40.03450012207031,40.005001068115234,40.07699966430664,39.76700019836426,0.0,0.26749999945362407
c44f1e3a-9098-4527-ad01-5b325f274a62,47.900001525878906,2,0.00024015369836695484,47.94499969482422,47.933998107910156,47.95600128173828,39.57999897003174,7.932499885559082,0.4325000047683716
c44f1e3a-9098-4527-ad01-5b325f274a62,14.699999809265137,21,0.002521613832853026,14.743714332580566,14.70199966430664,14.793999671936035,14.516190347217378,0.020571429105032058,0.20695238099211738
c44f1e3a-9098-4527-ad01-5b325f274a62,34.099998474121094,10,0.0012007684918347744,34.12989959716797,34.106998443603516,34.16299819946289,25.78730010986328,8.099800109863281,0.24280000254511833
c44f1e3a-9098-4527-ad01-5b325f274a62,56.0,1,0.00012007684918347742,56.0359992980957,56.0359992980957,56.0359992980957,55.54899978637695,0.0,0.4869999885559082
c44f1e3a-9098-4527-ad01-5b325f274a62,36.29999923706055,6,0.0007204610951008645,36.339333852132164,36.310001373291016,36.367000579833984,34.95416704813639,1.121166706085205,0.2639999973277251
c44f1e3a-9098-4527-ad01-5b325f274a62,37.900001525878906,2,0.00024015369836695484,37.927499771118164,37.92599868774414,37.92900085449219,34.26499938964844,3.3515000343322754,0.3110000044107437
c44f1e3a-9098-4527-ad01-5b325f274a62,30.299999237060547,8,0.0009606147934678194,30.356874704360962,30.309999465942383,30.39699935913086,25.293874859809875,4.768250082619488,0.29475000221282244
c44f1e3a-9098-4527-ad01-5b325f274a62,30.600000381469727,14,0.0016810758885686839,30.640500204903738,30.607999801635742,30.69499969482422,28.812999861580984,1.604714299951281,0.22278571128845215
c44f1e3a-9098-4527-ad01-5b325f274a62,39.5,1,0.00012007684918347742,39.52799987792969,39.52799987792969,39.52799987792969,39.361000061035156,0.0,0.16699999570846558
c44f1e3a-9098-4527-ad01-5b325f274a62,44.79999923706055,4,0.0004803073967339097,44.856749534606934,44.80099868774414,44.89799880981445,37.226500034332275,7.367250204086304,0.2630000002682209
c44f1e3a-9098-4527-ad01-5b325f274a62,2.4000000953674316,29,0.0034822286263208454,2.4490344606596848,2.4019999504089355,2.494999885559082,2.100068953530542,0.10024138154654667,0.24872413868534154
c44f1e3a-9098-4527-ad01-5b325f274a62,54.0,2,0.00024015369836695484,54.01149940490723,54.000999450683594,54.02199935913086,53.79999923706055,0.0,0.21150000393390656
c44f1e3a-9098-4527-ad01-5b325f274a62,8.699999809265137,27,0.0032420749279538905,8.75677779868797,8.699999809265137,8.79800033569336,8.245740802199752,0.2528148152761989,0.25822222260413347
c44f1e3a-9098-4527-ad01-5b325f274a62,81.0999984741211,1,0.00012007684918347742,81.13899993896484,81.13899993896484,81.13899993896484,81.07499694824219,0.0,0.06400000303983688
c44f1e3a-9098-4527-ad01-5b325f274a62,17.5,17,0.002041306436119116,17.558117810417624,17.50200080871582,17.597999572753906,15.27194109734367,2.0045882358270535,0.28158823619870577
c44f1e3a-9098-4527-ad01-5b325f274a62,43.599998474121094,5,0.0006003842459173872,43.64300003051758,43.61000061035156,43.67399978637695,37.35620040893555,5.964200210571289,0.32260000705718994
c44f1e3a-9098-4527-ad01-5b325f274a62,22.5,14,0.0016810758885686839,22.548285620553152,22.500999450683594,22.579999923706055,21.556143011365617,0.7431428517614093,0.2490000001021794
c44f1e3a-9098-4527-ad01-5b325f274a62,34.29999923706055,11,0.0013208453410182516,34.35609123923562,34.30500030517578,34.391998291015625,32.55945448441939,1.5168181332674893,0.27981818602843717
c44f1e3a-9098-4527-ad01-5b325f274a62,46.20000076293945,6,0.0007204610951008645,46.237500508626304,46.21500015258789,46.26100158691406,38.282999992370605,7.674333572387695,0.28016666571299237
c44f1e3a-9098-4527-ad01-5b325f274a62,85.80000305175781,1,0.00012007684918347742,85.84700012207031,85.84700012207031,85.84700012207031,68.25800323486328,17.204999923706055,0.3840000033378601
c44f1e3a-9098-4527-ad01-5b325f274a62,41.900001525878906,4,0.0004803073967339097,41.97249984741211,41.926998138427734,41.99300003051758,32.87900006771088,8.81624984741211,0.27725000120699406
c44f1e3a-9098-4527-ad01-5b325f274a62,76.0,3,0.00036023054755043225,76.03600056966145,76.01499938964844,76.05599975585938,63.37666702270508,12.525999704996744,0.1333333303531011
c44f1e3a-9098-4527-ad01-5b325f274a62,45.20000076293945,5,0.0006003842459173872,45.242400360107425,45.2130012512207,45.28300094604492,38.521799850463864,6.5763999938964846,0.144200000166893
c44f1e3a-9098-4527-ad01-5b325f274a62,39.400001525878906,3,0.00036023054755043225,39.45699946085612,39.43600082397461,39.49599838256836,39.25133260091146,0.0,0.20566666622956595
c44f1e3a-9098-4527-ad01-5b325f274a62,51.5,1,0.00012007684918347742,51.54899978637695,51.54899978637695,51.54899978637695,51.37900161743164,0.0,0.17000000178813934
c44f1e3a-9098-4527-ad01-5b325f274a62,46.5,2,0.00024015369836695484,46.553001403808594,46.540000915527344,46.566001892089844,45.30900001525879,0.8500000238418579,0.39399999380111694
c44f1e3a-9098-4527-ad01-5b325f274a62,51.599998474121094,3,0.00036023054755043225,51.63300069173177,51.6150016784668,51.650001525878906,44.34233283996582,7.128999710083008,0.16166667143503824
c44f1e3a-9098-4527-ad01-5b325f274a62,68.0,1,0.00012007684918347742,68.05999755859375,68.05999755859375,68.05999755859375,67.91200256347656,0.0,0.14800000190734863
c44f1e3a-9098-4527-ad01-5b325f274a62,40.70000076293945,5,0.0006003842459173872,40.74100036621094,40.70899963378906,40.777000427246094,33.95999946594238,6.509999847412109,0.2710000053048134
c44f1e3a-9098-4527-ad01-5b325f274a62,42.79999923706055,5,0.0006003842459173872,42.83980026245117,42.803001403808594,42.89699935913086,38.049400329589844,4.66560001373291,0.12479999810457229
c44f1e3a-9098-4527-ad01-5b325f274a62,72.4000015258789,1,0.00012007684918347742,72.447998046875,72.447998046875,72.447998046875,72.05699920654297,0.0,0.39100000262260437
c44f1e3a-9098-4527-ad01-5b325f274a62,36.70000076293945,3,0.00036023054755043225,36.74099985758463,36.70000076293945,36.7869987487793,36.492000579833984,0.0,0.24900000294049582
c44f1e3a-9098-4527-ad01-5b325f274a62,64.4000015258789,1,0.00012007684918347742,64.42400360107422,64.42400360107422,64.42400360107422,63.90700149536133,0.0,0.5170000195503235
c44f1e3a-9098-4527-ad01-5b325f274a62,76.69999694824219,1,0.00012007684918347742,76.73300170898438,76.73300170898438,76.73300170898438,76.61599731445312,0.0,0.11699999868869781
c44f1e3a-9098-4527-ad01-5b325f274a62,58.20000076293945,1,0.00012007684918347742,58.209999084472656,58.209999084472656,58.209999084472656,35.277000427246094,22.766000747680664,0.16699999570846558
c44f1e3a-9098-4527-ad01-5b325f274a62,45.29999923706055,1,0.00012007684918347742,45.314998626708984,45.314998626708984,45.314998626708984,45.018001556396484,0.0,0.296999990940094
c44f1e3a-9098-4527-ad01-5b325f274a62,58.099998474121094,1,0.00012007684918347742,58.14799880981445,58.14799880981445,58.14799880981445,58.0369987487793,0.0,0.11100000143051147
c44f1e3a-9098-4527-ad01-5b325f274a62,70.5999984741211,1,0.00012007684918347742,70.6760025024414,70.6760025024414,70.6760025024414,14.4399995803833,55.944000244140625,0.2919999957084656
c44f1e3a-9098-4527-ad01-5b325f274a62,58.79999923706055,1,0.00012007684918347742,58.861000061035156,58.861000061035156,58.861000061035156,58.75,0.0,0.11100000143051147
c44f1e3a-9098-4527-ad01-5b325f274a62,69.9000015258789,1,0.00012007684918347742,69.98200225830078,69.98200225830078,69.98200225830078,69.89099884033203,0.0,0.09099999815225601
c44f1e3a-9098-4527-ad01-5b325f274a62,60.79999923706055,1,0.00012007684918347742,60.80699920654297,60.80699920654297,60.80699920654297,60.290000915527344,0.0,0.5170000195503235
c44f1e3a-9098-4527-ad01-5b325f274a62,52.599998474121094,1,0.00012007684918347742,52.650001525878906,52.650001525878906,52.650001525878906,52.53799819946289,0.0,0.1120000034570694
c44f1e3a-9098-4527-ad01-5b325f274a62,13.199999809265137,18,0.002161383285302594,13.243333392673069,13.201000213623047,13.291000366210938,12.488722218407524,0.5130555695957608,0.24155555665493011
c44f1e3a-9098-4527-ad01-5b325f274a62,49.5,2,0.00024015369836695484,49.50749969482422,49.50600051879883,49.50899887084961,38.75300121307373,10.59749984741211,0.15700000151991844
c44f1e3a-9098-4527-ad01-5b325f274a62,52.900001525878906,2,0.00024015369836695484,52.980499267578125,52.979000091552734,52.981998443603516,44.872501373291016,7.8379998207092285,0.26999999582767487
c44f1e3a-9098-4527-ad01-5b325f274a62,11.899999618530273,24,0.002881844380403458,11.95074999332428,11.899999618530273,11.996000289916992,11.474250078201294,0.20245833105097213,0.27404167130589485
c44f1e3a-9098-4527-ad01-5b325f274a62,0.4000000059604645,109,0.01308837656099904,0.4480366958390682,0.4020000100135803,0.4959999918937683,0.02925688059094849,0.005688073438241941,0.4130917420491166
c44f1e3a-9098-4527-ad01-5b325f274a62,18.899999618530273,18,0.002161383285302594,18.95183319515652,18.909000396728516,18.999000549316406,15.35461112525728,3.3116666078567505,0.28555555765827495
c44f1e3a-9098-4527-ad01-5b325f274a62,44.70000076293945,7,0.0008405379442843419,44.762857164655415,44.71500015258789,44.797000885009766,39.3560003553118,5.083999991416931,0.3228571425591196
c44f1e3a-9098-4527-ad01-5b325f274a62,40.400001525878906,4,0.0004803073967339097,40.453999519348145,40.44599914550781,40.465999603271484,40.204999923706055,0.0,0.24899999797344208
c44f1e3a-9098-4527-ad01-5b325f274a62,5.199999809265137,25,0.0030019212295869357,5.253120002746582,5.201000213623047,5.294000148773193,4.859879989624023,0.12715999603271486,0.26607999980449676
c44f1e3a-9098-4527-ad01-5b325f274a62,18.5,14,0.0016810758885686839,18.540428706577845,18.50200080871582,18.59000015258789,18.156857218061173,0.11478571380887713,0.26878571403878077
c44f1e3a-9098-4527-ad01-5b325f274a62,45.79999923706055,4,0.0004803073967339097,45.85275077819824,45.83100128173828,45.88100051879883,45.418999671936035,0.23800000548362732,0.19575000368058681
c44f1e3a-9098-4527-ad01-5b325f274a62,16.899999618530273,21,0.002521613832853026,16.952857335408527,16.908000946044922,16.99799919128418,14.778809445244926,1.877619050797962,0.29642857008037116
c44f1e3a-9098-4527-ad01-5b325f274a62,22.0,12,0.001440922190201729,22.06266673405965,22.027999877929688,22.097999572753906,18.66075026988983,3.1630833943684897,0.23883333367606005
c44f1e3a-9098-4527-ad01-5b325f274a62,3.299999952316284,20,0.0024015369836695487,3.353649985790253,3.313999891281128,3.3989999294281006,2.999250000715256,0.057050001621246335,0.29735000245273113
c44f1e3a-9098-4527-ad01-5b325f274a62,2.299999952316284,32,0.0038424591738712775,2.3551874831318855,2.302999973297119,2.3989999294281006,2.1114062406122684,0.0032187500037252903,0.24056250019930303
c44f1e3a-9098-4527-ad01-5b325f274a62,35.20000076293945,9,0.001080691642651297,35.23288896348741,35.20800018310547,35.27799987792969,33.078888575236,1.951555609703064,0.20244444575574663
c44f1e3a-9098-4527-ad01-5b325f274a62,42.400001525878906,6,0.0007204610951008645,42.45000012715658,42.404998779296875,42.4900016784668,34.90166664123535,7.159166653951009,0.3891666680574417
c44f1e3a-9098-4527-ad01-5b325f274a62,2.5999999046325684,34,0.004082612872238232,2.6554411860073315,2.621999979019165,2.694999933242798,2.2344117673004376,0.11691176277749679,0.30411764672573877
c44f1e3a-9098-4527-ad01-5b325f274a62,33.20000076293945,9,0.001080691642651297,33.25244437323676,33.2239990234375,33.28099822998047,31.169444613986546,1.8092223273383246,0.2737777787778113
c44f1e3a-9098-4527-ad01-5b325f274a62,50.400001525878906,2,0.00024015369836695484,50.42650032043457,50.422000885009766,50.430999755859375,33.66749954223633,16.427000045776367,0.3320000022649765
c44f1e3a-9098-4527-ad01-5b325f274a62,38.29999923706055,4,0.0004803073967339097,38.3459997177124,38.308998107910156,38.38199996948242,29.848249435424805,8.137499809265137,0.36025000363588333
c44f1e3a-9098-4527-ad01-5b325f274a62,23.200000762939453,24,0.002881844380403458,23.250791708628338,23.201000213623047,23.297000885009766,19.156791667143505,3.8006667693456015,0.29333333671092987
c44f1e3a-9098-4527-ad01-5b325f274a62,39.79999923706055,3,0.00036023054755043225,39.856666564941406,39.85499954223633,39.85900115966797,29.846666653951008,9.809333284695944,0.20066666354735693
c44f1e3a-9098-4527-ad01-5b325f274a62,35.0,10,0.0012007684918347744,35.057499694824216,35.00400161743164,35.0890007019043,34.67820014953613,0.17009999752044677,0.20920000076293946
c44f1e3a-9098-4527-ad01-5b325f274a62,14.0,27,0.0032420749279538905,14.041703754001194,14.00100040435791,14.08899974822998,13.751222292582193,0.059518518271269624,0.23096296494757687
c44f1e3a-9098-4527-ad01-5b325f274a62,68.0999984741211,1,0.00012007684918347742,68.125,68.125,68.125,67.97799682617188,0.0,0.1469999998807907
c44f1e3a-9098-4527-ad01-5b325f274a62,14.199999809265137,23,0.002761767531219981,14.251217303068742,14.204000473022461,14.295999526977539,13.650913031204887,0.3819565306539121,0.21834782478602036
c44f1e3a-9098-4527-ad01-5b325f274a62,9.300000190734863,25,0.0030019212295869357,9.352560043334961,9.300999641418457,9.395999908447266,8.355199904441834,0.707879991531372,0.2894800019264221
c44f1e3a-9098-4527-ad01-5b325f274a62,3.4000000953674316,25,0.0030019212295869357,3.4525200271606447,3.4110000133514404,3.496000051498413,3.005079998970032,0.15019999891519548,0.29724000096321107
c44f1e3a-9098-4527-ad01-5b325f274a62,6.900000095367432,20,0.0024015369836695487,6.937849998474121,6.900000095367432,6.999000072479248,5.652700042724609,1.0514500230550765,0.23370000198483468
c44f1e3a-9098-4527-ad01-5b325f274a62,28.5,11,0.0013208453410182516,28.55118179321289,28.5,28.58799934387207,27.651181827891957,0.6669999902898615,0.23299999738281424
c44f1e3a-9098-4527-ad01-5b325f274a62,20.0,17,0.002041306436119116,20.048470553229837,20.0,20.084999084472656,19.247764643500833,0.5681764500982621,0.23252941142110264
c44f1e3a-9098-4527-ad01-5b325f274a62,3.700000047683716,27,0.0032420749279538905,3.7556666798061795,3.7070000171661377,3.7960000038146973,3.418407435770388,0.08451852092036495,0.25274074022416715
c44f1e3a-9098-4527-ad01-5b325f274a62,14.100000381469727,21,0.002521613832853026,14.138761838277182,14.100000381469727,14.196999549865723,13.493428548177084,0.4354762009211949,0.2098571445260729
c44f1e3a-9098-4527-ad01-5b325f274a62,41.599998474121094,4,0.0004803073967339097,41.64949893951416,41.60599899291992,41.676998138427734,39.52624988555908,1.8612500429153442,0.26200000010430813
c44f1e3a-9098-4527-ad01-5b325f274a62,11.800000190734863,23,0.002761767531219981,11.852043525032375,11.807999610900879,11.895000457763672,11.131434751593549,0.479826079438562,0.24078260912843372
c44f1e3a-9098-4527-ad01-5b325f274a62,39.599998474121094,6,0.0007204610951008645,39.63716570536295,39.604000091552734,39.6619987487793,30.67566712697347,8.671999911467234,0.2895000030597051
c44f1e3a-9098-4527-ad01-5b325f274a62,32.400001525878906,9,0.001080691642651297,32.4380005730523,32.40399932861328,32.46900177001953,30.65433332655165,1.513777789970239,0.26988889028628665
c44f1e3a-9098-4527-ad01-5b325f274a62,33.900001525878906,5,0.0006003842459173872,33.94300003051758,33.909000396728516,33.986000061035156,29.233200454711913,4.352000045776367,0.35780000388622285
c44f1e3a-9098-4527-ad01-5b325f274a62,12.600000381469727,26,0.003121998078770413,12.65576927478497,12.605999946594238,12.694000244140625,12.237730686481182,0.15773076850634354,0.26030769313757235
c44f1e3a-9098-4527-ad01-5b325f274a62,83.4000015258789,1,0.00012007684918347742,83.45099639892578,83.45099639892578,83.45099639892578,83.33999633789062,0.0,0.11100000143051147
c44f1e3a-9098-4527-ad01-5b325f274a62,44.5,3,0.00036023054755043225,44.54199981689453,44.52399826049805,44.57500076293945,44.210000356038414,0.0,0.3319999972979228
c44f1e3a-9098-4527-ad01-5b325f274a62,7.699999809265137,23,0.002761767531219981,7.747434823409371,7.701000213623047,7.797999858856201,7.119999996993853,0.34434782422107196,0.28308696008246875
c44f1e3a-9098-4527-ad01-5b325f274a62,28.0,9,0.001080691642651297,28.051777521769207,28.0,28.099000930786133,25.65555540720622,2.1528889338175454,0.2433333338962661
c44f1e3a-9098-4527-ad01-5b325f274a62,69.4000015258789,1,0.00012007684918347742,69.4489974975586,69.4489974975586,69.4489974975586,69.36199951171875,0.0,0.08699999749660492
c44f1e3a-9098-4527-ad01-5b325f274a62,6.800000190734863,23,0.002761767531219981,6.852217404738717,6.810999870300293,6.894999980926514,6.22778262262759,0.36391304368558136,0.2605217403691748
c44f1e3a-9098-4527-ad01-5b325f274a62,1.7000000476837158,29,0.0034822286263208454,1.7350689542704616,1.7000000476837158,1.7949999570846558,1.244999988325711,0.26786206508504934,0.22220689803361893
c44f1e3a-9098-4527-ad01-5b325f274a62,26.700000762939453,11,0.0013208453410182516,26.758454409512606,26.704999923706055,26.79599952697754,22.11381834203547,4.377272779291326,0.26736363904042676
c44f1e3a-9098-4527-ad01-5b325f274a62,50.79999923706055,1,0.00012007684918347742,50.808998107910156,50.808998107910156,50.808998107910156,25.55699920654297,24.764999389648438,0.4869999885559082
c44f1e3a-9098-4527-ad01-5b325f274a62,14.300000190734863,10,0.0012007684918347744,14.35689992904663,14.312999725341797,14.392000198364258,12.467700004577637,1.587500011920929,0.30170000717043877
c44f1e3a-9098-4527-ad01-5b325f274a62,8.600000381469727,20,0.0024015369836695487,8.641399955749511,8.602999687194824,8.6899995803833,7.957400041818619,0.4096500039100647,0.27434999905526636
c44f1e3a-9098-4527-ad01-5b325f274a62,18.700000762939453,10,0.0012007684918347744,18.75830020904541,18.711999893188477,18.798999786376953,18.46789970397949,0.0,0.2904000036418438
c44f1e3a-9098-4527-ad01-5b325f274a62,70.4000015258789,1,0.00012007684918347742,70.4489974975586,70.4489974975586,70.4489974975586,70.2979965209961,0.0,0.1509999930858612
c44f1e3a-9098-4527-ad01-5b325f274a62,23.700000762939453,13,0.0015609990393852064,23.75238462594839,23.700000762939453,23.795000076293945,22.237384355985203,1.252538534311148,0.26246153907133984
c44f1e3a-9098-4527-ad01-5b325f274a62,122.0,1,0.00012007684918347742,122.02400207519531,122.02400207519531,122.02400207519531,121.93800354003906,0.0,0.0860000029206276
c44f1e3a-9098-4527-ad01-5b325f274a62,73.0,1,0.00012007684918347742,73.04900360107422,73.04900360107422,73.04900360107422,73.0009994506836,0.0,0.04800000041723251
c44f1e3a-9098-4527-ad01-5b325f274a62,39.20000076293945,6,0.0007204610951008645,39.24816703796387,39.20000076293945,39.29600143432617,28.636000156402588,10.3331667582194,0.27900000289082527
c44f1e3a-9098-4527-ad01-5b325f274a62,68.30000305175781,1,0.00012007684918347742,68.3270034790039,68.3270034790039,68.3270034790039,68.24700164794922,0.0,0.07999999821186066
c44f1e3a-9098-4527-ad01-5b325f274a62,16.100000381469727,17,0.002041306436119116,16.147529377656824,16.113000869750977,16.187999725341797,14.633588229908662,1.2591176383635576,0.2548235321746153
c44f1e3a-9098-4527-ad01-5b325f274a62,32.099998474121094,6,0.0007204610951008645,32.15966606140137,32.125,32.18899917602539,28.163333574930828,3.8300000292559466,0.16633333389957747
c44f1e3a-9098-4527-ad01-5b325f274a62,73.5,2,0.00024015369836695484,73.58199691772461,73.5739974975586,73.58999633789062,73.45549774169922,0.0,0.12650000303983688
c44f1e3a-9098-4527-ad01-5b325f274a62,60.400001525878906,1,0.00012007684918347742,60.4379997253418,60.4379997253418,60.4379997253418,53.433998107910156,6.703000068664551,0.3009999990463257
c44f1e3a-9098-4527-ad01-5b325f274a62,27.5,10,0.0012007684918347744,27.563199996948242,27.507999420166016,27.5939998626709,25.748299980163573,1.628300094604492,0.18660000190138817
c44f1e3a-9098-4527-ad01-5b325f274a62,11.199999809265137,22,0.002641690682036503,11.245272636413574,11.201000213623047,11.289999961853027,10.915954503146084,0.07090909067880023,0.2584090927107768
c44f1e3a-9098-4527-ad01-5b325f274a62,44.29999923706055,3,0.00036023054755043225,44.333666483561196,44.30799865722656,44.36000061035156,37.138668060302734,7.064999898274739,0.13000000268220901
c44f1e3a-9098-4527-ad01-5b325f274a62,38.79999923706055,5,0.0006003842459173872,38.87340087890625,38.8489990234375,38.89400100708008,36.896999740600585,1.615999984741211,0.3604000091552734
c44f1e3a-9098-4527-ad01-5b325f274a62,48.599998474121094,2,0.00024015369836695484,48.675498962402344,48.67499923706055,48.67599868774414,40.29899978637695,8.141500473022461,0.23500000312924385
c44f1e3a-9098-4527-ad01-5b325f274a62,47.29999923706055,1,0.00012007684918347742,47.39699935913086,47.39699935913086,47.39699935913086,47.09600067138672,0.0,0.3009999990463257
c44f1e3a-9098-4527-ad01-5b325f274a62,30.100000381469727,12,0.001440922190201729,30.152916590372723,30.104999542236328,30.184999465942383,27.13058344523112,2.7241667111714682,0.29816666928430396
c44f1e3a-9098-4527-ad01-5b325f274a62,79.69999694824219,1,0.00012007684918347742,79.72899627685547,79.72899627685547,79.72899627685547,79.58100128173828,0.0,0.14800000190734863
c44f1e3a-9098-4527-ad01-5b325f274a62,46.900001525878906,6,0.0007204610951008645,46.95983378092448,46.900001525878906,46.99800109863281,40.61616643269857,6.1766665776570635,0.16700000191728273
c44f1e3a-9098-4527-ad01-5b325f274a62,55.0,1,0.00012007684918347742,55.025001525878906,55.025001525878906,55.025001525878906,54.810001373291016,0.0,0.2150000035762787
c44f1e3a-9098-4527-ad01-5b325f274a62,36.5,1,0.00012007684918347742,36.54499816894531,36.54499816894531,36.54499816894531,36.1609992980957,0.0,0.3840000033378601
c44f1e3a-9098-4527-ad01-5b325f274a62,66.80000305175781,1,0.00012007684918347742,66.87200164794922,66.87200164794922,66.87200164794922,66.72200012207031,0.0,0.15000000596046448
c44f1e3a-9098-4527-ad01-5b325f274a62,58.70000076293945,1,0.00012007684918347742,58.73400115966797,58.73400115966797,58.73400115966797,58.52299880981445,0.0,0.210999995470047
c44f1e3a-9098-4527-ad01-5b325f274a62,48.70000076293945,3,0.00036023054755043225,48.77666727701823,48.75600051879883,48.79600143432617,48.48966725667318,0.0,0.28700000047683716
c44f1e3a-9098-4527-ad01-5b325f274a62,67.30000305175781,1,0.00012007684918347742,67.31800079345703,67.31800079345703,67.31800079345703,51.069000244140625,15.864999771118164,0.3840000033378601
c44f1e3a-9098-4527-ad01-5b325f274a62,52.0,1,0.00012007684918347742,52.07899856567383,52.07899856567383,52.07899856567383,51.8129997253418,0.0,0.26600000262260437
c44f1e3a-9098-4527-ad01-5b325f274a62,57.599998474121094,1,0.00012007684918347742,57.667999267578125,57.667999267578125,57.667999267578125,57.520999908447266,0.0,0.1469999998807907
c44f1e3a-9098-4527-ad01-5b325f274a62,62.79999923706055,1,0.00012007684918347742,62.875999450683594,62.875999450683594,62.875999450683594,62.75400161743164,0.0,0.12200000137090683
c44f1e3a-9098-4527-ad01-5b325f274a62,43.29999923706055,3,0.00036023054755043225,43.3869997660319,43.37799835205078,43.395999908447266,43.240665435791016,0.0,0.1463333343466123
c44f1e3a-9098-4527-ad01-5b325f274a62,63.900001525878906,1,0.00012007684918347742,63.900001525878906,63.900001525878906,63.900001525878906,63.75600051879883,0.0,0.14399999380111694
c44f1e3a-9098-4527-ad01-5b325f274a62,51.20000076293945,1,0.00012007684918347742,51.255001068115234,51.255001068115234,51.255001068115234,51.180999755859375,0.0,0.07400000095367432
c44f1e3a-9098-4527-ad01-5b325f274a62,44.20000076293945,1,0.00012007684918347742,44.24800109863281,44.24800109863281,44.24800109863281,44.104000091552734,0.0,0.14399999380111694
c44f1e3a-9098-4527-ad01-5b325f274a62,57.29999923706055,1,0.00012007684918347742,57.36899948120117,57.36899948120117,57.36899948120117,56.88199996948242,0.0,0.4869999885559082
c44f1e3a-9098-4527-ad01-5b325f274a62,45.70000076293945,1,0.00012007684918347742,45.73699951171875,45.73699951171875,45.73699951171875,45.334999084472656,0.0,0.4020000100135803
c44f1e3a-9098-4527-ad01-5b325f274a62,75.69999694824219,1,0.00012007684918347742,75.75,75.75,75.75,75.55500030517578,0.0,0.19499999284744263
c44f1e3a-9098-4527-ad01-5b325f274a62,41.70000076293945,6,0.0007204610951008645,41.74533335367838,41.702999114990234,41.784000396728516,41.32933235168457,0.1353333294391632,0.28066666672627133
c44f1e3a-9098-4527-ad01-5b325f274a62,39.099998474121094,1,0.00012007684918347742,39.10300064086914,39.10300064086914,39.10300064086914,38.93299865722656,0.0,0.17000000178813934
c44f1e3a-9098-4527-ad01-5b325f274a62,40.29999923706055,4,0.0004803073967339097,40.35575008392334,40.308998107910156,40.387001037597656,34.88200044631958,5.298749923706055,0.17500000074505806
c44f1e3a-9098-4527-ad01-5b325f274a62,10.699999809265137,39,0.004682997118155619,10.750076954181377,10.699999809265137,10.798999786376953,10.368487235827324,0.09348717943215981,0.28810256662277073
c44f1e3a-9098-4527-ad01-5b325f274a62,25.600000381469727,21,0.002521613832853026,25.648523966471355,25.600000381469727,25.690000534057617,24.576475915454683,0.8059523829392025,0.2660952341698465
c44f1e3a-9098-4527-ad01-5b325f274a62,19.899999618530273,18,0.002161383285302594,19.939888954162598,19.900999069213867,19.990999221801758,18.751277950074936,0.9269444147745768,0.2616666671302583
c44f1e3a-9098-4527-ad01-5b325f274a62,2.0,39,0.004682997118155619,2.0433589678544264,2.002000093460083,2.0980000495910645,1.753538463742305,0.042102563075530224,0.24771794848717177
c44f1e3a-9098-4527-ad01-5b325f274a62,29.0,14,0.0016810758885686839,29.04671437399728,29.007999420166016,29.097000122070312,26.80485728808812,2.0064285142081126,0.2354285717010498
c44f1e3a-9098-4527-ad01-5b325f274a62,20.299999237060547,17,0.002041306436119116,20.35447064568015,20.30500030517578,20.395999908447266,19.670764642603256,0.41700001323924346,0.26670588202336254
c44f1e3a-9098-4527-ad01-5b325f274a62,8.800000190734863,37,0.004442843419788665,8.841513479078138,8.803000450134277,8.895000457763672,7.948756759231155,0.640837844360519,0.2519189197872136
c44f1e3a-9098-4527-ad01-5b325f274a62,19.100000381469727,17,0.002041306436119116,19.15011753755457,19.108999252319336,19.198999404907227,18.20441156275132,0.667235304327572,0.27847058764275384
c44f1e3a-9098-4527-ad01-5b325f274a62,18.100000381469727,16,0.0019212295869356388,18.14343762397766,18.108999252319336,18.197999954223633,16.82231241464615,1.0198749899864197,0.30125000374391675
c44f1e3a-9098-4527-ad01-5b325f274a62,21.100000381469727,17,0.002041306436119116,21.14358834659352,21.10300064086914,21.17099952697754,19.317882397595575,1.5441176049849565,0.28158823532216687
c44f1e3a-9098-4527-ad01-5b325f274a62,16.399999618530273,22,0.002641690682036503,16.442863377657805,16.399999618530273,16.493000030517578,15.372500159523703,0.8485909510742534,0.22177272696386685
c44f1e3a-9098-4527-ad01-5b325f274a62,15.100000381469727,15,0.0018011527377521613,15.154200045267741,15.107999801635742,15.192999839782715,14.547466595967611,0.40853332678476967,0.1982000008225441
c44f1e3a-9098-4527-ad01-5b325f274a62,4.300000190734863,31,0.0037223823246878003,4.3541935643842145,4.302000045776367,4.39900016784668,4.093935451199932,0.00277419364260089,0.25748387195410266
c44f1e3a-9098-4527-ad01-5b325f274a62,8.5,30,0.0036023054755043226,8.553300031026204,8.50100040435791,8.595999717712402,7.743333367506663,0.5085000050564606,0.30146666839718816
c44f1e3a-9098-4527-ad01-5b325f274a62,20.899999618530273,28,0.0033621517771373678,20.94485718863351,20.906999588012695,20.996999740600586,18.951214475291117,1.7320714337485177,0.2615714302020414
c44f1e3a-9098-4527-ad01-5b325f274a62,41.099998474121094,5,0.0006003842459173872,41.174800109863284,41.14500045776367,41.19900131225586,36.31080017089844,4.623600006103516,0.2404000073671341
c44f1e3a-9098-4527-ad01-5b325f274a62,0.6000000238418579,34,0.004082612872238232,0.6528529437149272,0.6000000238418579,0.6980000138282776,0.4095294081112918,0.021794117987155914,0.2215294114807073
c44f1e3a-9098-4527-ad01-5b325f274a62,3.9000000953674316,36,0.004322766570605188,3.9448333316379123,3.9000000953674316,3.999000072479248,3.6503333250681558,0.01961111028989156,0.2748888911058505
c44f1e3a-9098-4527-ad01-5b325f274a62,12.5,23,0.002761767531219981,12.541130439094875,12.5,12.581000328063965,12.238826005355172,0.0668260843857475,0.23547825994698898
c44f1e3a-9098-4527-ad01-5b325f274a62,11.100000381469727,23,0.002761767531219981,11.141391298045283,11.10099983215332,11.197999954223633,10.830260857291844,0.0,0.3111304339507352
c44f1e3a-9098-4527-ad01-5b325f274a62,9.600000381469727,28,0.0033621517771373678,9.652357237679619,9.600000381469727,9.690999984741211,8.718214252165385,0.664071432181767,0.2700714293335165
c44f1e3a-9098-4527-ad01-5b325f274a62,25.200000762939453,17,0.002041306436119116,25.26270585901597,25.20599937438965,25.297000885009766,17.266353046192844,7.689235294566435,0.30711764842271805
c44f1e3a-9098-4527-ad01-5b325f274a62,26.899999618530273,14,0.0016810758885686839,26.945500373840332,26.909000396728516,26.986000061035156,25.547499792916433,1.1630714961460658,0.23492857441306114
c44f1e3a-9098-4527-ad01-5b325f274a62,61.099998474121094,2,0.00024015369836695484,61.12350082397461,61.10300064086914,61.14400100708008,48.395999908447266,12.48799991607666,0.239499993622303
c44f1e3a-9098-4527-ad01-5b325f274a62,9.5,30,0.0036023054755043226,9.55829995473226,9.503000259399414,9.598999977111816,8.929666709899902,0.35763333439826966,0.27100000232458116
c44f1e3a-9098-4527-ad01-5b325f274a62,0.8999999761581421,36,0.004322766570605188,0.94655555817816,0.9039999842643738,0.9980000257492065,0.7179722272687488,0.0,0.22858333380685913
c44f1e3a-9098-4527-ad01-5b325f274a62,27.200000762939453,11,0.0013208453410182516,27.26054538380016,27.202999114990234,27.298999786376953,25.37336358157071,1.6227273615923794,0.26445454494519666
c44f1e3a-9098-4527-ad01-5b325f274a62,23.5,9,0.001080691642651297,23.559333589341904,23.51799964904785,23.59600067138672,23.273888693915474,0.0,0.28544444259670043
c44f1e3a-9098-4527-ad01-5b325f274a62,32.0,9,0.001080691642651297,32.04955546061198,32.007999420166016,32.09199905395508,25.14944447411431,6.6367777867449655,0.26333333800236386
c44f1e3a-9098-4527-ad01-5b325f274a62,23.799999237060547,13,0.0015609990393852064,23.84546133188101,23.80500030517578,23.898000717163086,21.197692540975716,2.371769208174485,0.2760000051214145
c44f1e3a-9098-4527-ad01-5b325f274a62,25.799999237060547,14,0.0016810758885686839,25.860643114362443,25.815000534057617,25.89900016784668,25.612428665161133,0.0,0.2482142863529069
c44f1e3a-9098-4527-ad01-5b325f274a62,12.399999618530273,28,0.0033621517771373678,12.455071483339582,12.399999618530273,12.498000144958496,11.444499952452523,0.6460357223238263,0.36453571543097496
c44f1e3a-9098-4527-ad01-5b325f274a62,1.600000023841858,29,0.0034822286263208454,1.660655169651426,1.600000023841858,1.6959999799728394,1.3195862019884175,0.14789654879734435,0.19317241526883225
c44f1e3a-9098-4527-ad01-5b325f274a62,15.0,20,0.0024015369836695487,15.048850107192994,15.005999565124512,15.093000411987305,14.46339991092682,0.3673999924212694,0.21805000081658363
c44f1e3a-9098-4527-ad01-5b325f274a62,0.800000011920929,27,0.0032420749279538905,0.841814809375339,0.8019999861717224,0.890999972820282,0.5959629582034217,0.021555556191338435,0.22429629746410581
c44f1e3a-9098-4527-ad01-5b325f274a62,30.799999237060547,13,0.0015609990393852064,30.846922947810246,30.809999465942383,30.89699935913086,24.66407695183387,6.013461553133451,0.16938461535252058
c44f1e3a-9098-4527-ad01-5b325f274a62,27.100000381469727,20,0.0024015369836695487,27.148549938201903,27.100000381469727,27.19300079345703,25.23450036048889,1.6525500416755676,0.26149999871850016
c44f1e3a-9098-4527-ad01-5b325f274a62,47.70000076293945,2,0.00024015369836695484,47.719499588012695,47.7140007019043,47.724998474121094,36.01799964904785,11.383000373840332,0.31849999725818634
c44f1e3a-9098-4527-ad01-5b325f274a62,54.79999923706055,1,0.00012007684918347742,54.891998291015625,54.891998291015625,54.891998291015625,38.70399856567383,15.864999771118164,0.3230000138282776
c44f1e3a-9098-4527-ad01-5b325f274a62,47.099998474121094,2,0.00024015369836695484,47.14750099182129,47.13100051879883,47.16400146484375,35.37249946594238,11.383000373840332,0.3919999897480011
c44f1e3a-9098-4527-ad01-5b325f274a62,7.599999904632568,22,0.002641690682036503,7.636181809685447,7.60099983215332,7.683000087738037,7.010318206115202,0.37281818281520496,0.25304545360532676
c44f1e3a-9098-4527-ad01-5b325f274a62,40.099998474121094,10,0.0012007684918347744,40.14329948425293,40.11399841308594,40.1879997253418,34.4125997543335,5.4819001197814945,0.24880000501871108
c44f1e3a-9098-4527-ad01-5b325f274a62,27.299999237060547,8,0.0009606147934678194,27.336999893188477,27.299999237060547,27.37700080871582,21.766374945640564,5.346749782562256,0.22387499921023846
c44f1e3a-9098-4527-ad01-5b325f274a62,26.100000381469727,17,0.002041306436119116,26.13623529322007,26.10300064086914,26.187999725341797,24.430117775412167,1.4194117433884565,0.2867058826720013
c44f1e3a-9098-4527-ad01-5b325f274a62,27.899999618530273,7,0.0008405379442843419,27.962142944335938,27.915000915527344,27.992000579833984,27.805999755859375,0.0,0.15614285532917296
c44f1e3a-9098-4527-ad01-5b325f274a62,34.0,8,0.0009606147934678194,34.03699970245361,34.007999420166016,34.09700012207031,28.012125492095947,5.752750098705292,0.27212500385940075
c44f1e3a-9098-4527-ad01-5b325f274a62,29.799999237060547,8,0.0009606147934678194,29.84625005722046,29.804000854492188,29.89900016784668,26.62774968147278,2.9109999760985374,0.30750000197440386
c44f1e3a-9098-4527-ad01-5b325f274a62,22.100000381469727,16,0.0019212295869356388,22.15918755531311,22.10300064086914,22.198999404907227,21.68149995803833,0.1691875010728836,0.3085000035353005
c44f1e3a-9098-4527-ad01-5b325f274a62,35.099998474121094,7,0.0008405379442843419,35.15942818777902,35.12099838256836,35.196998596191406,31.665286336626327,3.252285821097238,0.24185714338506972
c44f1e3a-9098-4527-ad01-5b325f274a62,17.299999237060547,14,0.0016810758885686839,17.33607142312186,17.30699920654297,17.382999420166016,14.98249966757638,2.1242856979370117,0.22928571488176072
c44f1e3a-9098-4527-ad01-5b325f274a62,42.20000076293945,3,0.00036023054755043225,42.265333811442055,42.25400161743164,42.27799987792969,42.02733357747396,0.0,0.23799999306599298
c44f1e3a-9098-4527-ad01-5b325f274a62,34.900001525878906,7,0.0008405379442843419,34.95171356201172,34.90999984741211,34.99599838256836,32.588857650756836,2.2447143282209123,0.11814285921198982
c44f1e3a-9098-4527-ad01-5b325f274a62,93.9000015258789,1,0.00012007684918347742,93.93499755859375,93.93499755859375,93.93499755859375,93.73500061035156,0.0,0.20000000298023224
c44f1e3a-9098-4527-ad01-5b325f274a62,41.400001525878906,2,0.00024015369836695484,41.43950080871582,41.415000915527344,41.4640007019043,41.13850021362305,0.0,0.3010000064969063
c44f1e3a-9098-4527-ad01-5b325f274a62,41.79999923706055,6,0.0007204610951008645,41.833499908447266,41.80099868774414,41.882999420166016,35.07050005594889,6.537166754404704,0.2258333327869574
c44f1e3a-9098-4527-ad01-5b325f274a62,64.5,1,0.00012007684918347742,64.55899810791016,64.55899810791016,64.55899810791016,48.24700164794922,16.19099998474121,0.12099999934434891
c44f1e3a-9098-4527-ad01-5b325f274a62,31.0,8,0.0009606147934678194,31.03450036048889,31.003000259399414,31.07200050354004,25.837249875068665,4.931375026702881,0.26587500236928463
c44f1e3a-9098-4527-ad01-5b325f274a62,46.400001525878906,3,0.00036023054755043225,46.43199920654297,46.417999267578125,46.44499969482422,38.49633471171061,7.706000010172526,0.22966666022936502
c44f1e3a-9098-4527-ad01-5b325f274a62,22.600000381469727,10,0.0012007684918347744,22.65379981994629,22.610000610351562,22.698999404907227,22.091300010681152,0.301000002771616,0.2615000009536743
c44f1e3a-9098-4527-ad01-5b325f274a62,33.099998474121094,9,0.001080691642651297,33.13766649034288,33.10100173950195,33.176998138427734,32.866888682047524,0.0,0.27077777600950664
c44f1e3a-9098-4527-ad01-5b325f274a62,49.29999923706055,2,0.00024015369836695484,49.381500244140625,49.37699890136719,49.38600158691406,38.67500114440918,10.59749984741211,0.10899999737739563
c44f1e3a-9098-4527-ad01-5b325f274a62,62.400001525878906,1,0.00012007684918347742,62.4109992980957,62.4109992980957,62.4109992980957,62.18600082397461,0.0,0.22499999403953552
c44f1e3a-9098-4527-ad01-5b325f274a62,53.599998474121094,2,0.00024015369836695484,53.62299919128418,53.60599899291992,53.63999938964844,53.40999984741211,0.0,0.21299999952316284
c44f1e3a-9098-4527-ad01-5b325f274a62,43.400001525878906,3,0.00036023054755043225,43.46899922688802,43.43199920654297,43.49599838256836,37.23200035095215,5.953333338101705,0.2836666628718376
c44f1e3a-9098-4527-ad01-5b325f274a62,55.29999923706055,2,0.00024015369836695484,55.32400131225586,55.31800079345703,55.33000183105469,38.27550029754639,16.589000701904297,0.4595000147819519
c44f1e3a-9098-4527-ad01-5b325f274a62,74.5999984741211,1,0.00012007684918347742,74.64900207519531,74.64900207519531,74.64900207519531,58.805999755859375,15.713000297546387,0.12999999523162842
c44f1e3a-9098-4527-ad01-5b325f274a62,48.0,2,0.00024015369836695484,48.039499282836914,48.0099983215332,48.069000244140625,47.85350036621094,0.0,0.1860000044107437
c44f1e3a-9098-4527-ad01-5b325f274a62,42.0,4,0.0004803073967339097,42.03925037384033,42.01100158691406,42.06800079345703,33.81174993515015,8.042249917984009,0.18524999357759953
c44f1e3a-9098-4527-ad01-5b325f274a62,18.0,9,0.001080691642651297,18.053888744778103,18.011999130249023,18.097000122070312,15.98799991607666,1.798999998304579,0.26688889000150895
c44f1e3a-9098-4527-ad01-5b325f274a62,48.20000076293945,3,0.00036023054755043225,48.25,48.22800064086914,48.284000396728516,47.78300094604492,0.1440000037352244,0.3229999989271164
c44f1e3a-9098-4527-ad01-5b325f274a62,66.4000015258789,1,0.00012007684918347742,66.49199676513672,66.49199676513672,66.49199676513672,66.28199768066406,0.0,0.20999999344348907
c44f1e3a-9098-4527-ad01-5b325f274a62,55.79999923706055,1,0.00012007684918347742,55.840999603271484,55.840999603271484,55.840999603271484,55.638999938964844,0.0,0.20200000703334808
c44f1e3a-9098-4527-ad01-5b325f274a62,42.099998474121094,4,0.0004803073967339097,42.17499923706055,42.14400100708008,42.196998596191406,41.66874980926514,0.2852500081062317,0.22099999897181988
c44f1e3a-9098-4527-ad01-5b325f274a62,64.9000015258789,2,0.00024015369836695484,64.95649719238281,64.93599700927734,64.97699737548828,64.76800155639648,0.0,0.18849999830126762
c44f1e3a-9098-4527-ad01-5b325f274a62,61.900001525878906,2,0.00024015369836695484,61.957000732421875,61.9379997253418,61.97600173950195,51.117000579833984,10.59749984741211,0.24250000715255737
c44f1e3a-9098-4527-ad01-5b325f274a62,67.0,1,0.00012007684918347742,67.02100372314453,67.02100372314453,67.02100372314453,45.07899856567383,21.760000228881836,0.18199999630451202
c44f1e3a-9098-4527-ad01-5b325f274a62,56.20000076293945,2,0.00024015369836695484,56.25,56.20600128173828,56.29399871826172,43.67750072479248,12.128000259399414,0.44449999928474426
c44f1e3a-9098-4527-ad01-5b325f274a62,67.19999694824219,1,0.00012007684918347742,67.27100372314453,67.27100372314453,67.27100372314453,66.97599792480469,0.0,0.29499998688697815
c44f1e3a-9098-4527-ad01-5b325f274a62,54.599998474121094,1,0.00012007684918347742,54.65399932861328,54.65399932861328,54.65399932861328,54.137001037597656,0.0,0.5170000195503235
c44f1e3a-9098-4527-ad01-5b325f274a62,74.30000305175781,1,0.00012007684918347742,74.31800079345703,74.31800079345703,74.31800079345703,74.11799621582031,0.0,0.20000000298023224
c44f1e3a-9098-4527-ad01-5b325f274a62,45.099998474121094,3,0.00036023054755043225,45.157666524251304,45.11199951171875,45.19300079345703,45.00466664632162,0.0,0.1529999996225039
c44f1e3a-9098-4527-ad01-5b325f274a62,23.100000381469727,18,0.002161383285302594,23.157610999213325,23.10300064086914,23.198999404907227,20.74250011973911,2.1294444733195834,0.28566666568319005
c44f1e3a-9098-4527-ad01-5b325f274a62,62.70000076293945,2,0.00024015369836695484,62.732500076293945,62.729000091552734,62.736000061035156,62.52350044250488,0.03150000050663948,0.17749999463558197
c44f1e3a-9098-4527-ad01-5b325f274a62,13.0,29,0.0034822286263208454,13.05024137168095,13.003000259399414,13.097999572753906,12.732586170064993,0.047379310018029704,0.2702758617956063
c44f1e3a-9098-4527-ad01-5b325f274a62,13.100000381469727,25,0.0030019212295869357,13.156199913024903,13.102999687194824,13.199000358581543,12.01476001739502,0.8126400136947631,0.3288000005483627
c44f1e3a-9098-4527-ad01-5b325f274a62,35.599998474121094,12,0.001440922190201729,35.65108299255371,35.60599899291992,35.689998626708984,32.030083338419594,3.3679166038831077,0.2530833346148332
c44f1e3a-9098-4527-ad01-5b325f274a62,0.20000000298023224,269,0.03230067243035543,0.24485501735626986,0.20000000298023224,0.296999990940094,0.0024832713947420225,0.0007026022417837803,0.24166914383053337
c44f1e3a-9098-4527-ad01-5b325f274a62,8.300000190734863,23,0.002761767531219981,8.34769568235978,8.302000045776367,8.394000053405762,7.928826104039731,0.09473912871402243,0.3241304379442464
c44f1e3a-9098-4527-ad01-5b325f274a62,44.400001525878906,4,0.0004803073967339097,44.457000732421875,44.41899871826172,44.4900016784668,44.20124912261963,0.0,0.25575000047683716
c44f1e3a-9098-4527-ad01-5b325f274a62,16.0,19,0.002281460134486071,16.047052483809622,16.000999450683594,16.09000015258789,13.789368328295255,2.024052619934082,0.23363158146017476
c44f1e3a-9098-4527-ad01-5b325f274a62,2.9000000953674316,21,0.002521613832853026,2.9497142746334983,2.9019999504089355,2.997999906539917,2.5571428480602445,0.15190476462954566,0.24066666726555144
c44f1e3a-9098-4527-ad01-5b325f274a62,29.299999237060547,16,0.0019212295869356388,29.359687447547913,29.31999969482422,29.39699935913086,26.00737488269806,3.093437470495701,0.25887500075623393
c44f1e3a-9098-4527-ad01-5b325f274a62,1.2999999523162842,34,0.004082612872238232,1.3523529417374556,1.309999942779541,1.3969999551773071,0.9296764731407166,0.1838823451715357,0.2387941177277004
c44f1e3a-9098-4527-ad01-5b325f274a62,13.300000190734863,28,0.0033621517771373678,13.353999989373344,13.307000160217285,13.397000312805176,12.413142817361015,0.6870357138769967,0.2538214285991022
c44f1e3a-9098-4527-ad01-5b325f274a62,9.100000381469727,30,0.0036023054755043226,9.14789997736613,9.100000381469727,9.189000129699707,8.614533360799154,0.2746666669845581,0.25869999875624977
c44f1e3a-9098-4527-ad01-5b325f274a62,9.699999809265137,22,0.002641690682036503,9.743545532226562,9.706000328063965,9.793000221252441,8.821818178350275,0.6446363759989088,0.27709091251546686
c44f1e3a-9098-4527-ad01-5b325f274a62,24.600000381469727,17,0.002041306436119116,24.655470343197095,24.600000381469727,24.69499969482422,22.749706184162815,1.5917647516026217,0.314000002163298
c44f1e3a-9098-4527-ad01-5b325f274a62,5.5,29,0.0034822286263208454,5.545586174932019,5.501999855041504,5.598999977111816,5.227344841792665,0.109620686235099,0.20862069058007207
c44f1e3a-9098-4527-ad01-5b325f274a62,12.699999809265137,22,0.002641690682036503,12.758818106217818,12.711000442504883,12.79699993133545,11.471590930765325,1.0133636492219837,0.2738636376505548
c44f1e3a-9098-4527-ad01-5b325f274a62,27.600000381469727,8,0.0009606147934678194,27.658125162124634,27.607999801635742,27.698999404907227,27.380125045776367,0.0,0.27799999713897705
c44f1e3a-9098-4527-ad01-5b325f274a62,31.200000762939453,11,0.0013208453410182516,31.23363633589311,31.201000213623047,31.295000076293945,28.932727206837047,2.069636431607333,0.23127272792837836
c44f1e3a-9098-4527-ad01-5b325f274a62,5.599999904632568,26,0.003121998078770413,5.6464999822469855,5.60099983215332,5.696000099182129,5.327076893586379,0.04449999790925246,0.2749230775695581
c44f1e3a-9098-4527-ad01-5b325f274a62,30.899999618530273,12,0.001440922190201729,30.95958360036214,30.9060001373291,30.993999481201172,26.303000052769978,4.398249904314677,0.25833333159486455
c44f1e3a-9098-4527-ad01-5b325f274a62,18.200000762939453,16,0.0019212295869356388,18.234812378883362,18.202999114990234,18.268999099731445,14.406937688589096,3.583937492221594,0.24393750354647636
c44f1e3a-9098-4527-ad01-5b325f274a62,0.5,62,0.007444764649375601,0.525532268708752,0.503000020980835,0.593999981880188,0.1346774186578489,0.020903226348661607,0.36995162262070563
c44f1e3a-9098-4527-ad01-5b325f274a62,15.699999809265137,18,0.002161383285302594,15.750833246443007,15.704000473022461,15.795999526977539,15.485611067877876,0.0,0.2652222253382206
c44f1e3a-9098-4527-ad01-5b325f274a62,7.800000190734863,27,0.0032420749279538905,7.8454074153193725,7.806000232696533,7.89900016784668,6.946000010878952,0.6038518451430179,0.2955555529506118
c44f1e3a-9098-4527-ad01-5b325f274a62,8.100000381469727,22,0.002641690682036503,8.152409206737172,8.10099983215332,8.199000358581543,7.748318151994185,0.11622726984999397,0.28786363622004335
c44f1e3a-9098-4527-ad01-5b325f274a62,7.0,28,0.0033621517771373678,7.044821449688503,7.004000186920166,7.0960001945495605,6.039928623608181,0.7481071480682918,0.2567857173936708
c44f1e3a-9098-4527-ad01-5b325f274a62,20.100000381469727,17,0.002041306436119116,20.14617639429429,20.101999282836914,20.19300079345703,18.988529317519244,0.8294117590960335,0.32823529445073185
c44f1e3a-9098-4527-ad01-5b325f274a62,25.899999618530273,16,0.0019212295869356388,25.943312287330627,25.900999069213867,25.98699951171875,24.176124930381775,1.4861249923706055,0.2810624986886978
c44f1e3a-9098-4527-ad01-5b325f274a62,5.099999904632568,13,0.0015609990393852064,5.167769248668964,5.110000133514404,5.198999881744385,4.829384657052847,0.05430769003354586,0.2840769262267993
c44f1e3a-9098-4527-ad01-5b325f274a62,14.600000381469727,23,0.002761767531219981,14.647782615993334,14.605999946594238,14.6899995803833,13.061086965643842,1.2929565284563147,0.2937391306395116
c44f1e3a-9098-4527-ad01-5b325f274a62,19.5,14,0.0016810758885686839,19.54957171848842,19.503000259399414,19.599000930786133,19.29478563581194,0.0,0.25478571227618624
c44f1e3a-9098-4527-ad01-5b325f274a62,14.5,30,0.0036023054755043226,14.554066626230876,14.503999710083008,14.597999572753906,13.580799945195515,0.7304333406190078,0.24283333544929822
c44f1e3a-9098-4527-ad01-5b325f274a62,3.799999952316284,31,0.0037223823246878003,3.847903243957027,3.803999900817871,3.8959999084472656,3.614645142709055,0.0033225806490067514,0.22993548430742755
c44f1e3a-9098-4527-ad01-5b325f274a62,16.799999237060547,17,0.002041306436119116,16.848117491778204,16.80299949645996,16.88599967956543,16.59282347735237,0.0,0.2552941200487754
c44f1e3a-9098-4527-ad01-5b325f274a62,36.099998474121094,2,0.00024015369836695484,36.1614990234375,36.14099884033203,36.18199920654297,25.197500228881836,10.59749984741211,0.36650001257658005
c44f1e3a-9098-4527-ad01-5b325f274a62,7.5,21,0.002521613832853026,7.547047592344738,7.500999927520752,7.5970001220703125,6.2748095733778815,1.016619046529134,0.2556190483626865
c44f1e3a-9098-4527-ad01-5b325f274a62,10.399999618530273,26,0.003121998078770413,10.454269262460562,10.402000427246094,10.49899959564209,10.128000002640944,0.003961538466123434,0.3223076949899013
c44f1e3a-9098-4527-ad01-5b325f274a62,5.900000095367432,20,0.0024015369836695487,5.948449993133545,5.9039998054504395,5.998000144958496,5.63380000591278,0.009399999678134919,0.3052500031888485
c44f1e3a-9098-4527-ad01-5b325f274a62,18.799999237060547,9,0.001080691642651297,18.84000015258789,18.805999755859375,18.891000747680664,17.753444459703232,0.8376666903495789,0.24888888912068474
c44f1e3a-9098-4527-ad01-5b325f274a62,52.70000076293945,3,0.00036023054755043225,52.75599924723307,52.71099853515625,52.79100036621094,49.78333409627279,2.743333419164022,0.229333333671093
c44f1e3a-9098-4527-ad01-5b325f274a62,12.0,23,0.002761767531219981,12.052695688994035,12.008999824523926,12.097000122070312,11.727739168250043,0.0668260843857475,0.2581304321470468
c44f1e3a-9098-4527-ad01-5b325f274a62,29.700000762939453,9,0.001080691642651297,29.73455556233724,29.707000732421875,29.797000885009766,25.956110848320854,3.5551112492879233,0.22333333641290665
c44f1e3a-9098-4527-ad01-5b325f274a62,28.799999237060547,6,0.0007204610951008645,28.861666997273762,28.82900047302246,28.89900016784668,28.345499992370605,0.1353333294391632,0.38083334018786746
c44f1e3a-9098-4527-ad01-5b325f274a62,56.79999923706055,3,0.00036023054755043225,56.84466552734375,56.801998138427734,56.88999938964844,56.70500055948893,0.0,0.13966667155424753
c44f1e3a-9098-4527-ad01-5b325f274a62,20.799999237060547,19,0.002281460134486071,20.84968416314376,20.805999755859375,20.898000717163086,20.17121053996839,0.46378948186573227,0.21468420836486315
c44f1e3a-9098-4527-ad01-5b325f274a62,15.399999618530273,22,0.002641690682036503,15.435681819915771,15.399999618530273,15.486000061035156,14.28990905935114,0.8990909023718401,0.24668182026256213
c44f1e3a-9098-4527-ad01-5b325f274a62,56.29999923706055,1,0.00012007684918347742,56.321998596191406,56.321998596191406,56.321998596191406,39.35499954223633,16.493000030517578,0.4740000069141388
c44f1e3a-9098-4527-ad01-5b325f274a62,48.400001525878906,4,0.0004803073967339097,48.457499504089355,48.433998107910156,48.48500061035156,38.751999378204346,9.510749816894531,0.1947500016540289
c44f1e3a-9098-4527-ad01-5b325f274a62,28.100000381469727,8,0.0009606147934678194,28.143499851226807,28.10300064086914,28.195999145507812,25.680749893188477,2.257624939084053,0.2051250021904707
c44f1e3a-9098-4527-ad01-5b325f274a62,74.5,1,0.00012007684918347742,74.53700256347656,74.53700256347656,74.53700256347656,74.27100372314453,0.0,0.26600000262260437
c44f1e3a-9098-4527-ad01-5b325f274a62,22.799999237060547,18,0.002161383285302594,22.856888877020943,22.80500030517578,22.89900016784668,22.48950015174018,0.09444444709353977,0.27294444748096997
c44f1e3a-9098-4527-ad01-5b325f274a62,37.20000076293945,6,0.0007204610951008645,37.26283327738444,37.20899963378906,37.292999267578125,31.705832799275715,5.361499945322673,0.19549999634424844
c44f1e3a-9098-4527-ad01-5b325f274a62,25.0,15,0.0018011527377521613,25.038867060343424,25.000999450683594,25.08099937438965,23.571666844685872,1.2016666332880657,0.2655333365003268
c44f1e3a-9098-4527-ad01-5b325f274a62,45.400001525878906,3,0.00036023054755043225,45.432000478108726,45.40299987792969,45.448001861572266,45.22533289591471,0.0,0.20666666825612387
c44f1e3a-9098-4527-ad01-5b325f274a62,81.4000015258789,2,0.00024015369836695484,81.4635009765625,81.45700073242188,81.47000122070312,77.9280014038086,3.3635001182556152,0.1719999983906746
c44f1e3a-9098-4527-ad01-5b325f274a62,32.5,5,0.0006003842459173872,32.55419921875,32.53099822998047,32.59000015258789,24.569800186157227,7.764999771118164,0.21939999759197235
c44f1e3a-9098-4527-ad01-5b325f274a62,33.400001525878906,8,0.0009606147934678194,33.467875480651855,33.40800094604492,33.49800109863281,32.66475033760071,0.39149999618530273,0.41162499599158764
c44f1e3a-9098-4527-ad01-5b325f274a62,27.0,13,0.0015609990393852064,27.067538188054012,27.00200080871582,27.094999313354492,23.423384556403526,3.3523845792962956,0.29176923346060973
c44f1e3a-9098-4527-ad01-5b325f274a62,53.400001525878906,3,0.00036023054755043225,53.45466613769531,53.43299865722656,53.49599838256836,53.33700052897135,0.0,0.11766666918992996
c44f1e3a-9098-4527-ad01-5b325f274a62,63.5,2,0.00024015369836695484,63.550498962402344,63.516998291015625,63.58399963378906,63.42399978637695,0.0,0.12649999931454659
c44f1e3a-9098-4527-ad01-5b325f274a62,43.20000076293945,1,0.00012007684918347742,43.20500183105469,43.20500183105469,43.20500183105469,43.0099983215332,0.0,0.19499999284744263
c44f1e3a-9098-4527-ad01-5b325f274a62,63.29999923706055,1,0.00012007684918347742,63.345001220703125,63.345001220703125,63.345001220703125,45.737998962402344,17.204999923706055,0.4020000100135803
c44f1e3a-9098-4527-ad01-5b325f274a62,28.399999618530273,10,0.0012007684918347744,28.456699943542482,28.406999588012695,28.489999771118164,27.497900199890136,0.7336999893188476,0.22510000169277192
c44f1e3a-9098-4527-ad01-5b325f274a62,34.599998474121094,5,0.0006003842459173872,34.66579895019531,34.612998962402344,34.68299865722656,34.504400634765624,0.0,0.16140000373125077
c44f1e3a-9098-4527-ad01-5b325f274a62,28.299999237060547,7,0.0008405379442843419,28.346428189958846,28.30900001525879,28.395000457763672,24.709142684936523,3.3145713806152344,0.3227142883198602
c44f1e3a-9098-4527-ad01-5b325f274a62,66.9000015258789,1,0.00012007684918347742,66.93399810791016,66.93399810791016,66.93399810791016,66.8479995727539,0.0,0.0860000029206276
c44f1e3a-9098-4527-ad01-5b325f274a62,56.099998474121094,3,0.00036023054755043225,56.132999420166016,56.099998474121094,56.19599914550781,55.80200068155924,0.0,0.3310000052054723
c44f1e3a-9098-4527-ad01-5b325f274a62,57.099998474121094,1,0.00012007684918347742,57.11399841308594,57.11399841308594,57.11399841308594,56.98400115966797,0.0,0.12999999523162842
c44f1e3a-9098-4527-ad01-5b325f274a62,53.0,3,0.00036023054755043225,53.034000396728516,53.02000045776367,53.042999267578125,52.86566670735677,0.0,0.16833333174387613
c44f1e3a-9098-4527-ad01-5b325f274a62,57.20000076293945,2,0.00024015369836695484,57.29549980163574,57.292999267578125,57.29800033569336,56.98900032043457,0.0,0.30650000274181366
c44f1e3a-9098-4527-ad01-5b325f274a62,39.70000076293945,2,0.00024015369836695484,39.78849983215332,39.77899932861328,39.79800033569336,38.72100067138672,0.7684999704360962,0.29899999499320984
c44f1e3a-9098-4527-ad01-5b325f274a62,43.099998474121094,8,0.0009606147934678194,43.156874656677246,43.111000061035156,43.1879997253418,40.83487582206726,2.0616250038146973,0.2603750014677644
c44f1e3a-9098-4527-ad01-5b325f274a62,55.599998474121094,1,0.00012007684918347742,55.63100051879883,55.63100051879883,55.63100051879883,55.40399932861328,0.0,0.22699999809265137
c44f1e3a-9098-4527-ad01-5b325f274a62,39.900001525878906,3,0.00036023054755043225,39.94599914550781,39.91999816894531,39.97100067138672,33.72566668192545,5.919333140055339,0.30100001146396
c44f1e3a-9098-4527-ad01-5b325f274a62,38.0,5,0.0006003842459173872,38.04720001220703,38.01300048828125,38.0880012512207,34.49740104675293,3.290399932861328,0.259400001168251
c44f1e3a-9098-4527-ad01-5b325f274a62,51.099998474121094,2,0.00024015369836695484,51.141998291015625,51.1349983215332,51.14899826049805,47.53399848937988,3.3515000343322754,0.2564999982714653
c44f1e3a-9098-4527-ad01-5b325f274a62,41.5,2,0.00024015369836695484,41.50749969482422,41.50600051879883,41.50899887084961,33.13300037384033,8.095499992370605,0.27900000289082527
c44f1e3a-9098-4527-ad01-5b325f274a62,90.0999984741211,1,0.00012007684918347742,90.11699676513672,90.11699676513672,90.11699676513672,90.03099822998047,0.0,0.0860000029206276
c44f1e3a-9098-4527-ad01-5b325f274a62,59.599998474121094,3,0.00036023054755043225,59.64066696166992,59.62900161743164,59.64799880981445,53.74700037638346,5.561666488647461,0.3320000022649765
c44f1e3a-9098-4527-ad01-5b325f274a62,71.80000305175781,1,0.00012007684918347742,71.88200378417969,71.88200378417969,71.88200378417969,71.79100036621094,0.0,0.09099999815225601
c44f1e3a-9098-4527-ad01-5b325f274a62,46.099998474121094,1,0.00012007684918347742,46.132999420166016,46.132999420166016,46.132999420166016,46.02199935913086,0.0,0.11100000143051147
c44f1e3a-9098-4527-ad01-5b325f274a62,60.900001525878906,2,0.00024015369836695484,60.996999740600586,60.994998931884766,60.999000549316406,60.630998611450195,0.0,0.3660000115633011
c44f1e3a-9098-4527-ad01-5b325f274a62,62.29999923706055,1,0.00012007684918347742,62.39400100708008,62.39400100708008,62.39400100708008,45.073001861572266,17.243000030517578,0.07800000160932541
c44f1e3a-9098-4527-ad01-5b325f274a62,52.099998474121094,2,0.00024015369836695484,52.17049980163574,52.15700149536133,52.183998107910156,40.203500747680664,11.683500289916992,0.2835000082850456
c44f1e3a-9098-4527-ad01-5b325f274a62,62.20000076293945,1,0.00012007684918347742,62.29800033569336,62.29800033569336,62.29800033569336,62.08300018310547,0.0,0.2150000035762787
c44f1e3a-9098-4527-ad01-5b325f274a62,58.900001525878906,1,0.00012007684918347742,58.926998138427734,58.926998138427734,58.926998138427734,58.72700119018555,0.0,0.20000000298023224
c44f1e3a-9098-4527-ad01-5b325f274a62,13.399999618530273,14,0.0016810758885686839,13.460928508213588,13.411999702453613,13.498000144958496,12.05057144165039,1.1717857122421265,0.23857142989124572
c44f1e3a-9098-4527-ad01-5b325f274a62,22.899999618530273,14,0.0016810758885686839,22.96328558240618,22.902000427246094,22.99799919128418,21.526999984468734,1.1223571641104562,0.3139285690018109
c44f1e3a-9098-4527-ad01-5b325f274a62,47.5,5,0.0006003842459173872,47.575,47.54899978637695,47.595001220703125,43.913399887084964,3.4194000959396362,0.2421999990940094
c44f1e3a-9098-4527-ad01-5b325f274a62,10.899999618530273,30,0.0036023054755043226,10.945966657002767,10.899999618530273,10.994999885559082,10.401233299573262,0.3013333370288213,0.24340000078082086
c44f1e3a-9098-4527-ad01-5b325f274a62,14.800000190734863,16,0.0019212295869356388,14.84493750333786,14.803999900817871,14.895000457763672,14.596499979496002,0.005874999798834324,0.24256250075995922
c44f1e3a-9098-4527-ad01-5b325f274a62,10.600000381469727,35,0.00420268972142171,10.650885718209404,10.60099983215332,10.699000358581543,10.165428672518049,0.24168571723358973,0.2437714282955442
c44f1e3a-9098-4527-ad01-5b325f274a62,6.199999809265137,30,0.0036023054755043226,6.243666664759318,6.201000213623047,6.298999786376953,5.929666694005331,0.01440000037352244,0.299600001424551
c44f1e3a-9098-4527-ad01-5b325f274a62,13.899999618530273,26,0.003121998078770413,13.946692356696495,13.906000137329102,13.998000144958496,13.373346182016226,0.29503846168518066,0.27830769236271197
c44f1e3a-9098-4527-ad01-5b325f274a62,52.20000076293945,2,0.00024015369836695484,52.29050064086914,52.290000915527344,52.29100036621094,51.97949981689453,0.0,0.3109999969601631
c44f1e3a-9098-4527-ad01-5b325f274a62,20.5,14,0.0016810758885686839,20.550142969403947,20.506000518798828,20.5939998626709,19.089285918644496,1.1332142693655831,0.32764285962496487
c44f1e3a-9098-4527-ad01-5b325f274a62,16.700000762939453,28,0.0033621517771373678,16.751785618918284,16.702999114990234,16.79800033569336,15.19560706615448,1.271321427077055,0.284857144047107
c44f1e3a-9098-4527-ad01-5b325f274a62,17.600000381469727,8,0.0009606147934678194,17.649249792099,17.62299919128418,17.68899917602539,16.557499885559082,0.8543750047683716,0.23737500235438347
c44f1e3a-9098-4527-ad01-5b325f274a62,32.29999923706055,12,0.001440922190201729,32.35100015004476,32.29999923706055,32.39699935913086,29.46833340326945,2.6591667334238687,0.22350000031292439
c44f1e3a-9098-4527-ad01-5b325f274a62,30.0,8,0.0009606147934678194,30.04675030708313,30.006999969482422,30.09600067138672,29.831125259399414,0.0,0.21562500018626451
c44f1e3a-9098-4527-ad01-5b325f274a62,18.299999237060547,16,0.0019212295869356388,18.35268759727478,18.302000045776367,18.398000717163086,16.716125145554543,1.414249986410141,0.22231250209733844
c44f1e3a-9098-4527-ad01-5b325f274a62,35.5,5,0.0006003842459173872,35.54720001220703,35.51499938964844,35.57500076293945,35.34300079345703,0.0,0.20419999957084656
c44f1e3a-9098-4527-ad01-5b325f274a62,21.799999237060547,14,0.0016810758885686839,21.852143015180314,21.801000595092773,21.89900016784668,21.404071399143763,0.10642857210976737,0.3416428619197437
c44f1e3a-9098-4527-ad01-5b325f274a62,7.900000095367432,19,0.002281460134486071,7.946368468435187,7.9120001792907715,7.980000019073486,7.695894718170166,0.0,0.2504736855626106
c44f1e3a-9098-4527-ad01-5b325f274a62,28.200000762939453,14,0.0016810758885686839,28.26307119641985,28.20400047302246,28.298999786376953,24.31257132121495,3.7147858313151767,0.23571428656578064
c44f1e3a-9098-4527-ad01-5b325f274a62,38.400001525878906,6,0.0007204610951008645,38.44366709391276,38.42300033569336,38.45899963378906,31.06950028737386,7.096999804178874,0.27716666584213573
c44f1e3a-9098-4527-ad01-5b325f274a62,38.70000076293945,5,0.0006003842459173872,38.74459991455078,38.7130012512207,38.770999908447266,30.32680015563965,8.159199905395507,0.25859999358654023
c44f1e3a-9098-4527-ad01-5b325f274a62,11.5,26,0.003121998078770413,11.547038518465483,11.5,11.597000122070312,11.246153831481934,0.0,0.30088461792239773
c44f1e3a-9098-4527-ad01-5b325f274a62,26.200000762939453,19,0.002281460134486071,26.25663144964921,26.204999923706055,26.298999786376953,24.578789510224993,1.3741578781291057,0.303684211875263
c44f1e3a-9098-4527-ad01-5b325f274a62,33.79999923706055,9,0.001080691642651297,33.83944532606337,33.801998138427734,33.87200164794922,31.002888891432022,2.529555638631185,0.3070000045829349
c44f1e3a-9098-4527-ad01-5b325f274a62,38.900001525878906,6,0.0007204610951008645,38.967833836873375,38.915000915527344,38.999000549316406,34.914332707722984,3.826666752497355,0.22683333729704222
c44f1e3a-9098-4527-ad01-5b325f274a62,4.800000190734863,31,0.0037223823246878003,4.8341935680758565,4.801000118255615,4.89300012588501,4.4346452066975255,0.11803225932582732,0.2815161272883415
c44f1e3a-9098-4527-ad01-5b325f274a62,2.0999999046325684,32,0.0038424591738712775,2.1541250124573708,2.0999999046325684,2.197000026702881,1.7857812512665987,0.0848437522072345,0.28349999827332795
c44f1e3a-9098-4527-ad01-5b325f274a62,11.300000190734863,25,0.0030019212295869357,11.335719985961914,11.300999641418457,11.383999824523926,11.097680015563965,0.00664000004529953,0.23140000194311142
c44f1e3a-9098-4527-ad01-5b325f274a62,24.200000762939453,18,0.002161383285302594,24.259389241536457,24.218000411987305,24.297000885009766,20.62588898340861,3.327277726183335,0.30622222357326084
c44f1e3a-9098-4527-ad01-5b325f274a62,47.79999923706055,4,0.0004803073967339097,47.8494987487793,47.808998107910156,47.875999450683594,47.558749198913574,0.0,0.29075000062584877
c44f1e3a-9098-4527-ad01-5b325f274a62,0.699999988079071,26,0.003121998078770413,0.7482307713765365,0.703000009059906,0.7940000295639038,0.5279230773448944,0.06715384813455436,0.1531538456105269
c44f1e3a-9098-4527-ad01-5b325f274a62,33.0,4,0.0004803073967339097,33.03474998474121,33.007999420166016,33.082000732421875,31.1707501411438,1.7722500562667847,0.0917500015348196
c44f1e3a-9098-4527-ad01-5b325f274a62,50.0,6,0.0007204610951008645,50.053833643595375,50.00699996948242,50.095001220703125,47.229166666666664,2.618833382924398,0.20583332826693854
c44f1e3a-9098-4527-ad01-5b325f274a62,31.799999237060547,7,0.0008405379442843419,31.836000170026505,31.804000854492188,31.878999710083008,31.577856608799525,0.08314285959516253,0.1749999959553991
c44f1e3a-9098-4527-ad01-5b325f274a62,61.20000076293945,2,0.00024015369836695484,61.249000549316406,61.215999603271484,61.28200149536133,61.097999572753906,0.0,0.1510000005364418
c44f1e3a-9098-4527-ad01-5b325f274a62,16.299999237060547,28,0.0033621517771373678,16.34903573989868,16.299999237060547,16.398000717163086,15.279392855507988,0.8395000270434788,0.23014285841158458
c44f1e3a-9098-4527-ad01-5b325f274a62,37.0,5,0.0006003842459173872,37.06439971923828,37.03099822998047,37.0880012512207,33.34359931945801,3.3369998931884766,0.38380000591278074
c44f1e3a-9098-4527-ad01-5b325f274a62,36.400001525878906,5,0.0006003842459173872,36.4302001953125,36.400001525878906,36.49700164794922,31.376000213623048,4.855400085449219,0.1987999990582466
c44f1e3a-9098-4527-ad01-5b325f274a62,20.600000381469727,26,0.003121998078770413,20.646653688870945,20.600000381469727,20.68899917602539,20.083730881030743,0.26288461685180664,0.3000384635077073
c44f1e3a-9098-4527-ad01-5b325f274a62,34.5,5,0.0006003842459173872,34.54560012817383,34.52399826049805,34.58700180053711,32.69700050354004,1.680999994277954,0.16759999692440034
c44f1e3a-9098-4527-ad01-5b325f274a62,5.699999809265137,23,0.002761767531219981,5.746478225873864,5.699999809265137,5.798999786376953,5.403521724369215,0.0698695649271426,0.27308695925318677
c44f1e3a-9098-4527-ad01-5b325f274a62,20.399999618530273,21,0.002521613832853026,20.452761967976887,20.400999069213867,20.496999740600586,18.965857278733026,1.2375238339106243,0.2493809536099434
c44f1e3a-9098-4527-ad01-5b325f274a62,35.400001525878906,4,0.0004803073967339097,35.44575023651123,35.41400146484375,35.47200012207031,35.29374980926514,0.0,0.15199999883770943
c44f1e3a-9098-4527-ad01-5b325f274a62,36.79999923706055,6,0.0007204610951008645,36.850498835245766,36.80099868774414,36.89099884033203,33.00650072097778,3.5429999033610025,0.3009999965627988
c44f1e3a-9098-4527-ad01-5b325f274a62,24.700000762939453,12,0.001440922190201729,24.745666821797688,24.71500015258789,24.788999557495117,23.585166772206623,0.8564166358361641,0.3040833367655675
c44f1e3a-9098-4527-ad01-5b325f274a62,34.79999923706055,7,0.0008405379442843419,34.8615711757115,34.80799865722656,34.89799880981445,31.135571343558176,3.452571445277759,0.27342856781823294
c44f1e3a-9098-4527-ad01-5b325f274a62,16.200000762939453,17,0.002041306436119116,16.251823537489948,16.201000213623047,16.2810001373291,13.054058814749999,2.9709412069881664,0.22682352758505764
c44f1e3a-9098-4527-ad01-5b325f274a62,4.699999809265137,15,0.0018011527377521613,4.762866655985515,4.703000068664551,4.797999858856201,4.251199992497762,0.18740000426769257,0.3242666726311048
c44f1e3a-9098-4527-ad01-5b325f274a62,30.5,11,0.0013208453410182516,30.537363919344816,30.509000778198242,30.57200050354004,27.430727005004883,2.900363662026145,0.20627272603186694
c44f1e3a-9098-4527-ad01-5b325f274a62,15.300000190734863,20,0.0024015369836695487,15.347550010681152,15.305999755859375,15.395999908447266,14.321899962425231,0.7744000017642975,0.2512500014156103
c44f1e3a-9098-4527-ad01-5b325f274a62,27.700000762939453,7,0.0008405379442843419,27.770571299961635,27.742000579833984,27.785999298095703,25.293285642351425,2.2394285202026367,0.23785714166504995
c44f1e3a-9098-4527-ad01-5b325f274a62,32.70000076293945,10,0.0012007684918347744,32.75489959716797,32.70399856567383,32.792999267578125,25.96759977340698,6.481399977207184,0.3058999992907047
c44f1e3a-9098-4527-ad01-5b325f274a62,41.0,5,0.0006003842459173872,41.032799530029294,41.0099983215332,41.07500076293945,30.125400161743165,10.56939992904663,0.3380000054836273
c44f1e3a-9098-4527-ad01-5b325f274a62,21.200000762939453,11,0.0013208453410182516,21.244999798861418,21.215999603271484,21.29800033569336,18.67854549668052,2.338727203282443,0.22772727568041196
c44f1e3a-9098-4527-ad01-5b325f274a62,45.599998474121094,4,0.0004803073967339097,45.64650058746338,45.60200119018555,45.69200134277344,37.53274965286255,7.856500148773193,0.25725000724196434
c44f1e3a-9098-4527-ad01-5b325f274a62,40.599998474121094,4,0.0004803073967339097,40.66699981689453,40.60900115966797,40.696998596191406,33.47749996185303,7.0224997997283936,0.16699999757111073
c44f1e3a-9098-4527-ad01-5b325f274a62,55.099998474121094,2,0.00024015369836695484,55.106998443603516,55.106998443603516,55.106998443603516,51.53800010681152,3.3635001182556152,0.20549999922513962
c44f1e3a-9098-4527-ad01-5b325f274a62,52.5,1,0.00012007684918347742,52.55799865722656,52.55799865722656,52.55799865722656,30.892000198364258,21.386999130249023,0.27900001406669617
c44f1e3a-9098-4527-ad01-5b325f274a62,45.0,3,0.00036023054755043225,45.03500111897787,45.00400161743164,45.095001220703125,44.80500030517578,0.0,0.23000000417232513
c44f1e3a-9098-4527-ad01-5b325f274a62,59.099998474121094,2,0.00024015369836695484,59.17100143432617,59.143001556396484,59.19900131225586,50.89900016784668,8.095499992370605,0.17650000005960464
c44f1e3a-9098-4527-ad01-5b325f274a62,33.29999923706055,6,0.0007204610951008645,33.34266662597656,33.30099868774414,33.382999420166016,29.012166341145832,4.068000117937724,0.26250000794728595
c44f1e3a-9098-4527-ad01-5b325f274a62,86.9000015258789,1,0.00012007684918347742,86.93399810791016,86.93399810791016,86.93399810791016,86.66500091552734,0.0,0.26899999380111694
c44f1e3a-9098-4527-ad01-5b325f274a62,66.5999984741211,3,0.00036023054755043225,66.66033426920573,66.64299774169922,66.68900299072266,66.37433369954427,0.0,0.2859999934832255
c44f1e3a-9098-4527-ad01-5b325f274a62,51.900001525878906,1,0.00012007684918347742,51.902000427246094,51.902000427246094,51.902000427246094,35.24700164794922,16.283000946044922,0.3720000088214874
c44f1e3a-9098-4527-ad01-5b325f274a62,33.5,3,0.00036023054755043225,33.54533386230469,33.512001037597656,33.58300018310547,30.56000010172526,2.693333307902018,0.2920000006755193
c44f1e3a-9098-4527-ad01-5b325f274a62,41.29999923706055,4,0.0004803073967339097,41.335500717163086,41.30400085449219,41.35499954223633,39.31225109100342,1.7087500095367432,0.31450000405311584
c44f1e3a-9098-4527-ad01-5b325f274a62,46.29999923706055,1,0.00012007684918347742,46.367000579833984,46.367000579833984,46.367000579833984,46.262001037597656,0.0,0.10499999672174454
c44f1e3a-9098-4527-ad01-5b325f274a62,51.70000076293945,2,0.00024015369836695484,51.76799964904785,51.74599838256836,51.790000915527344,51.647499084472656,0.0,0.12049999833106995
c44f1e3a-9098-4527-ad01-5b325f274a62,83.5,1,0.00012007684918347742,83.5780029296875,83.5780029296875,83.5780029296875,83.48699951171875,0.0,0.09099999815225601
c44f1e3a-9098-4527-ad01-5b325f274a62,35.70000076293945,3,0.00036023054755043225,35.76733271280924,35.744998931884766,35.7859992980957,35.14699935913086,0.38033334414164227,0.23999999711910883
c44f1e3a-9098-4527-ad01-5b325f274a62,60.5,1,0.00012007684918347742,60.597999572753906,60.597999572753906,60.597999572753906,60.448001861572266,0.0,0.15000000596046448
c44f1e3a-9098-4527-ad01-5b325f274a62,58.0,2,0.00024015369836695484,58.06049919128418,58.051998138427734,58.069000244140625,49.75250053405762,8.141500473022461,0.16649999469518661
c44f1e3a-9098-4527-ad01-5b325f274a62,43.900001525878906,2,0.00024015369836695484,43.934499740600586,43.91699981689453,43.95199966430664,43.78299903869629,0.0,0.15150000154972076
c44f1e3a-9098-4527-ad01-5b325f274a62,82.19999694824219,1,0.00012007684918347742,82.23400115966797,82.23400115966797,82.23400115966797,82.02300262451172,0.0,0.210999995470047
c44f1e3a-9098-4527-ad01-5b325f274a62,40.79999923706055,6,0.0007204610951008645,40.852166493733726,40.80099868774414,40.895999908447266,35.52866586049398,5.035666465759277,0.2878333367407322
c44f1e3a-9098-4527-ad01-5b325f274a62,12.100000381469727,30,0.0036023054755043226,12.147200043996175,12.10200023651123,12.192999839782715,11.450933265686036,0.4508666674296061,0.24539999887347222
c44f1e3a-9098-4527-ad01-5b325f274a62,42.900001525878906,1,0.00012007684918347742,42.9010009765625,42.9010009765625,42.9010009765625,42.516998291015625,0.0,0.3840000033378601
c44f1e3a-9098-4527-ad01-5b325f274a62,6.300000190734863,26,0.003121998078770413,6.353730806937585,6.304999828338623,6.396999835968018,6.010730761748094,0.003615384491590353,0.3393846145616128
c44f1e3a-9098-4527-ad01-5b325f274a62,26.0,13,0.0015609990393852064,26.048769290630634,26.00200080871582,26.089000701904297,25.099999794593224,0.7746153886501606,0.17415384604380682
c44f1e3a-9098-4527-ad01-5b325f274a62,20.700000762939453,16,0.0019212295869356388,20.750312328338623,20.702999114990234,20.797000885009766,19.027187407016754,1.4891874864697456,0.23393749864771962
c44f1e3a-9098-4527-ad01-5b325f274a62,3.200000047683716,22,0.002641690682036503,3.244954531843012,3.2009999752044678,3.296999931335449,2.854590903628956,0.13681818477132104,0.25354545427994296
c44f1e3a-9098-4527-ad01-5b325f274a62,8.0,25,0.0030019212295869357,8.04955997467041,8.005000114440918,8.09000015258789,7.835200023651123,0.0025200000405311584,0.21184000074863435
c44f1e3a-9098-4527-ad01-5b325f274a62,19.600000381469727,24,0.002881844380403458,19.64720853169759,19.60300064086914,19.69700050354004,18.439708471298218,0.9551666975021362,0.2523333327844739
c44f1e3a-9098-4527-ad01-5b325f274a62,6.599999904632568,25,0.0030019212295869357,6.658640060424805,6.605000019073486,6.695000171661377,6.228039989471435,0.1551999965310097,0.27540000349283217
c44f1e3a-9098-4527-ad01-5b325f274a62,10.199999809265137,27,0.0032420749279538905,10.246963006478769,10.206000328063965,10.293999671936035,9.876481515389901,0.07677777608235677,0.2937037028648235
c44f1e3a-9098-4527-ad01-5b325f274a62,24.899999618530273,10,0.0012007684918347744,24.95540008544922,24.910999298095703,24.999000549316406,22.89579963684082,1.79250009059906,0.26710000112652776
c44f1e3a-9098-4527-ad01-5b325f274a62,11.699999809265137,19,0.002281460134486071,11.742210538763748,11.708000183105469,11.789999961853027,10.832684115359658,0.6752631601534391,0.23426316090320287
c44f1e3a-9098-4527-ad01-5b325f274a62,15.5,15,0.0018011527377521613,15.546400006612142,15.506999969482422,15.593999862670898,14.894933319091797,0.4508666674296061,0.20059999922911326
c44f1e3a-9098-4527-ad01-5b325f274a62,9.399999618530273,39,0.004682997118155619,9.45199998219808,9.399999618530273,9.494999885559082,8.667512820317196,0.48499999997707516,0.2994871831093079
c44f1e3a-9098-4527-ad01-5b325f274a62,37.5,6,0.0007204610951008645,37.5566660563151,37.516998291015625,37.59700012207031,37.11483256022135,0.2233333388964335,0.21850000321865082
c44f1e3a-9098-4527-ad01-5b325f274a62,4.400000095367432,21,0.002521613832853026,4.448190484728132,4.401000022888184,4.489999771118164,4.097666638238089,0.05509523550669352,0.2954285716017087
c44f1e3a-9098-4527-ad01-5b325f274a62,12.199999809265137,25,0.0030019212295869357,12.25283992767334,12.204000473022461,12.293999671936035,11.945079956054688,0.07688000202178955,0.23088000148534774
c44f1e3a-9098-4527-ad01-5b325f274a62,2.700000047683716,31,0.0037223823246878003,2.7447419474201817,2.7039999961853027,2.7990000247955322,2.4470322747384348,0.0373225788916311,0.26038709739523547
c44f1e3a-9098-4527-ad01-5b325f274a62,14.399999618530273,16,0.0019212295869356388,14.455624997615814,14.404000282287598,14.49899959564209,13.327124953269958,0.9239374995231628,0.20456250105053186
c44f1e3a-9098-4527-ad01-5b325f274a62,1.5,40,0.004803073967339097,1.5488999992609025,1.5,1.5989999771118164,1.3167999908328056,0.019799999333918093,0.21230000033974647
c44f1e3a-9098-4527-ad01-5b325f274a62,19.200000762939453,22,0.002641690682036503,19.24413637681441,19.20400047302246,19.29199981689453,17.123863447796214,1.8270909684625538,0.2931818210265853
c44f1e3a-9098-4527-ad01-5b325f274a62,9.199999809265137,12,0.001440922190201729,9.247500022252401,9.20199966430664,9.29699993133545,8.980416695276896,0.0,0.26708333256344
c44f1e3a-9098-4527-ad01-5b325f274a62,22.299999237060547,19,0.002281460134486071,22.344262976395456,22.299999237060547,22.39699935913086,20.678000148973968,1.3798947655840923,0.2863684222102165
c44f1e3a-9098-4527-ad01-5b325f274a62,10.800000190734863,31,0.0037223823246878003,10.843322600087811,10.802000045776367,10.890999794006348,10.349838718291252,0.23900000126131118,0.2544838733250095
c44f1e3a-9098-4527-ad01-5b325f274a62,9.899999618530273,30,0.0036023054755043226,9.946966711680094,9.899999618530273,9.998000144958496,9.371566744645436,0.33846666316191354,0.236933334171772
c44f1e3a-9098-4527-ad01-5b325f274a62,48.29999923706055,3,0.00036023054755043225,48.33233388264974,48.321998596191406,48.34400177001953,48.083666483561196,0.0,0.24866666396458945
c44f1e3a-9098-4527-ad01-5b325f274a62,4.0,29,0.0034822286263208454,4.05175860174771,4.0,4.0960001945495605,3.76424135832951,0.05299999796111008,0.23451724134642501
c44f1e3a-9098-4527-ad01-5b325f274a62,8.399999618530273,27,0.0032420749279538905,8.454222113997847,8.404999732971191,8.49899959564209,7.251407365004222,0.9125555681961554,0.29025926137412034
c44f1e3a-9098-4527-ad01-5b325f274a62,49.0,2,0.00024015369836695484,49.03350067138672,49.00400161743164,49.0629997253418,39.76650047302246,9.111000061035156,0.15600000321865082
c44f1e3a-9098-4527-ad01-5b325f274a62,1.899999976158142,25,0.0030019212295869357,1.9408799982070923,1.902999997138977,1.9910000562667847,1.4371199989318848,0.2483199977874756,0.2554399985074997
c44f1e3a-9098-4527-ad01-5b325f274a62,18.600000381469727,18,0.002161383285302594,18.64877764383952,18.60700035095215,18.698999404907227,16.358944290214115,2.017222179306878,0.272611112644275
c44f1e3a-9098-4527-ad01-5b325f274a62,17.100000381469727,11,0.0013208453410182516,17.143000169233844,17.10700035095215,17.194000244140625,14.711545337330211,2.128363609313965,0.3030909096652811
c44f1e3a-9098-4527-ad01-5b325f274a62,10.100000381469727,27,0.0032420749279538905,10.150407437924985,10.10099983215332,10.199000358581543,9.27581478048254,0.6078518554568291,0.26674074210502485
c44f1e3a-9098-4527-ad01-5b325f274a62,1.2000000476837158,26,0.003121998078770413,1.25407691185291,1.2079999446868896,1.2929999828338623,0.93015384215575,0.04449999790925246,0.2794230800981705
c44f1e3a-9098-4527-ad01-5b325f274a62,6.5,24,0.002881844380403458,6.5449583530426025,6.502999782562256,6.5980000495910645,6.215916713078816,0.051833332826693855,0.2772083341454466
c44f1e3a-9098-4527-ad01-5b325f274a62,24.0,12,0.001440922190201729,24.06191651026408,24.02199935913086,24.09600067138672,21.01783323287964,2.7379999589174986,0.30608333833515644
c44f1e3a-9098-4527-ad01-5b325f274a62,22.700000762939453,20,0.0024015369836695487,22.746149921417235,22.700000762939453,22.79800033569336,21.288349905610083,1.2144000079482793,0.24340000040829182
c44f1e3a-9098-4527-ad01-5b325f274a62,30.700000762939453,7,0.0008405379442843419,30.756856645856583,30.725000381469727,30.792999267578125,26.25742871420724,4.236714226858957,0.26271428700004307
c44f1e3a-9098-4527-ad01-5b325f274a62,21.700000762939453,11,0.0013208453410182516,21.750090859153055,21.70400047302246,21.79800033569336,18.56954505226829,2.9718182303688745,0.20872727442871442
c44f1e3a-9098-4527-ad01-5b325f274a62,26.799999237060547,7,0.0008405379442843419,26.842714309692383,26.812999725341797,26.886999130249023,25.9091431753976,0.6902857167380196,0.24328571132251195
c44f1e3a-9098-4527-ad01-5b325f274a62,5.800000190734863,15,0.0018011527377521613,5.853600025177002,5.807000160217285,5.89900016784668,5.61899995803833,0.004200000067551931,0.23039999852577844
c44f1e3a-9098-4527-ad01-5b325f274a62,4.900000095367432,22,0.002641690682036503,4.946999983354048,4.900000095367432,4.999000072479248,4.599272749640725,0.08949999646707014,0.2582272741604935
c44f1e3a-9098-4527-ad01-5b325f274a62,66.69999694824219,1,0.00012007684918347742,66.76300048828125,66.76300048828125,66.76300048828125,66.70800018310547,0.0,0.054999999701976776
c44f1e3a-9098-4527-ad01-5b325f274a62,36.900001525878906,5,0.0006003842459173872,36.93360061645508,36.909000396728516,36.96200180053711,36.67679977416992,0.031399999558925626,0.2254000037908554
c44f1e3a-9098-4527-ad01-5b325f274a62,36.599998474121094,4,0.0004803073967339097,36.64675045013428,36.63600158691406,36.65800094604492,30.44575047492981,5.929500192403793,0.2714999970048666
c44f1e3a-9098-4527-ad01-5b325f274a62,12.899999618530273,26,0.003121998078770413,12.949615441835844,12.902999877929688,12.994999885559082,12.519692274240347,0.1323461521130342,0.29757692406956965
c44f1e3a-9098-4527-ad01-5b325f274a62,54.20000076293945,3,0.00036023054755043225,54.230665842692055,54.209999084472656,54.25899887084961,48.390333811442055,5.497666676839192,0.3426666681965192
c44f1e3a-9098-4527-ad01-5b325f274a62,44.599998474121094,5,0.0006003842459173872,44.651800537109374,44.60300064086914,44.694000244140625,40.51420021057129,3.713000011444092,0.42459999918937685
c44f1e3a-9098-4527-ad01-5b325f274a62,32.20000076293945,3,0.00036023054755043225,32.244998931884766,32.21500015258789,32.28099822998047,18.23400052388509,13.59866714477539,0.41233332951863605
c44f1e3a-9098-4527-ad01-5b325f274a62,35.29999923706055,6,0.0007204610951008645,35.35349909464518,35.29999923706055,35.39899826049805,35.104499181111656,0.0,0.24899999797344208
c44f1e3a-9098-4527-ad01-5b325f274a62,50.20000076293945,3,0.00036023054755043225,50.22466532389323,50.202999114990234,50.25299835205078,47.6990000406901,2.3630000750223794,0.1626666635274887
c44f1e3a-9098-4527-ad01-5b325f274a62,81.80000305175781,1,0.00012007684918347742,81.8489990234375,81.8489990234375,81.8489990234375,81.75299835205078,0.0,0.09600000083446503
c44f1e3a-9098-4527-ad01-5b325f274a62,34.400001525878906,8,0.0009606147934678194,34.44325017929077,34.40599822998047,34.48699951171875,30.441749453544617,3.659374952316284,0.3421249985694885
c44f1e3a-9098-4527-ad01-5b325f274a62,49.70000076293945,1,0.00012007684918347742,49.79399871826172,49.79399871826172,49.79399871826172,28.106000900268555,21.386999130249023,0.3009999990463257
c44f1e3a-9098-4527-ad01-5b325f274a62,37.70000076293945,8,0.0009606147934678194,37.74987554550171,37.71900177001953,37.79100036621094,36.73637509346008,0.8408750295639038,0.17262499686330557
c44f1e3a-9098-4527-ad01-5b325f274a62,47.0,2,0.00024015369836695484,47.066999435424805,47.051998138427734,47.082000732421875,36.13999938964844,10.693499565124512,0.23349999636411667
c44f1e3a-9098-4527-ad01-5b325f274a62,55.400001525878906,2,0.00024015369836695484,55.457000732421875,55.441001892089844,55.472999572753906,55.2760009765625,0.0,0.1809999942779541
c44f1e3a-9098-4527-ad01-5b325f274a62,38.20000076293945,3,0.00036023054755043225,38.214333852132164,38.20399856567383,38.220001220703125,22.668334007263184,15.227666974067688,0.31833332777023315
c44f1e3a-9098-4527-ad01-5b325f274a62,90.9000015258789,1,0.00012007684918347742,90.9260025024414,90.9260025024414,90.9260025024414,67.78299713134766,22.766000747680664,0.37700000405311584
c44f1e3a-9098-4527-ad01-5b325f274a62,58.599998474121094,2,0.00024015369836695484,58.62699890136719,58.62099838256836,58.632999420166016,58.39400100708008,0.0,0.2330000028014183
c44f1e3a-9098-4527-ad01-5b325f274a62,57.0,3,0.00036023054755043225,57.03233337402344,57.025001525878906,57.04399871826172,56.92433420817057,0.0,0.10799999783436458
c44f1e3a-9098-4527-ad01-5b325f274a62,42.70000076293945,1,0.00012007684918347742,42.724998474121094,42.724998474121094,42.724998474121094,42.513999938964844,0.0,0.210999995470047
c44f1e3a-9098-4527-ad01-5b325f274a62,34.20000076293945,7,0.0008405379442843419,34.24985722133091,34.21200180053711,34.28799819946289,33.98685673304966,0.0,0.26299999973603655
c44f1e3a-9098-4527-ad01-5b325f274a62,75.5999984741211,1,0.00012007684918347742,75.65799713134766,75.65799713134766,75.65799713134766,75.33699798583984,0.0,0.32100000977516174
c44f1e3a-9098-4527-ad01-5b325f274a62,22.200000762939453,8,0.0009606147934678194,22.248499870300293,22.204999923706055,22.288999557495117,16.87187498807907,5.06449992954731,0.31212500389665365
c44f1e3a-9098-4527-ad01-5b325f274a62,32.900001525878906,3,0.00036023054755043225,32.95366668701172,32.94200134277344,32.97200012207031,32.70300038655599,0.0,0.25066666801770526
c44f1e3a-9098-4527-ad01-5b325f274a62,37.29999923706055,5,0.0006003842459173872,37.3531997680664,37.301998138427734,37.37300109863281,37.171601104736325,0.0,0.1815999984741211
c44f1e3a-9098-4527-ad01-5b325f274a62,53.70000076293945,1,0.00012007684918347742,53.79600143432617,53.79600143432617,53.79600143432617,53.762001037597656,0.0,0.03400000184774399
c44f1e3a-9098-4527-ad01-5b325f274a62,76.19999694824219,1,0.00012007684918347742,76.23100280761719,76.23100280761719,76.23100280761719,53.40599822998047,22.527999877929688,0.296999990940094
c44f1e3a-9098-4527-ad01-5b325f274a62,75.0999984741211,1,0.00012007684918347742,75.14700317382812,75.14700317382812,75.14700317382812,74.99700164794922,0.0,0.15000000596046448
c44f1e3a-9098-4527-ad01-5b325f274a62,49.79999923706055,1,0.00012007684918347742,49.819000244140625,49.819000244140625,49.819000244140625,49.59199905395508,0.0,0.22699999809265137
c44f1e3a-9098-4527-ad01-5b325f274a62,57.70000076293945,2,0.00024015369836695484,57.734500885009766,57.71200180053711,57.75699996948242,49.204999923706055,8.246500015258789,0.28299999982118607
c44f1e3a-9098-4527-ad01-5b325f274a62,44.900001525878906,1,0.00012007684918347742,44.90299987792969,44.90299987792969,44.90299987792969,44.74100112915039,0.0,0.16200000047683716
c44f1e3a-9098-4527-ad01-5b325f274a62,79.5999984741211,1,0.00012007684918347742,79.67900085449219,79.67900085449219,79.67900085449219,79.20099639892578,0.09399999678134918,0.3840000033378601
c44f1e3a-9098-4527-ad01-5b325f274a62,32.599998474121094,2,0.00024015369836695484,32.63100051879883,32.62900161743164,32.632999420166016,32.51350021362305,0.0,0.11749999597668648
c44f1e3a-9098-4527-ad01-5b325f274a62,23.399999618530273,14,0.0016810758885686839,23.44057137625558,23.399999618530273,23.466999053955078,18.035428592136928,5.1536427055086405,0.25149999825017794
c44f1e3a-9098-4527-ad01-5b325f274a62,8.899999618530273,31,0.0037223823246878003,8.943161226088002,8.899999618530273,8.998000144958496,8.537967666502922,0.13887096604993265,0.2663225805567157
c44f1e3a-9098-4527-ad01-5b325f274a62,63.099998474121094,2,0.00024015369836695484,63.133501052856445,63.124000549316406,63.143001556396484,62.996999740600586,0.0,0.13649999722838402
c44f1e3a-9098-4527-ad01-5b325f274a62,10.5,29,0.0034822286263208454,10.557241406934015,10.5,10.595999717712402,10.253999907394935,0.08496551780865111,0.2182758622642221
c44f1e3a-9098-4527-ad01-5b325f274a62,15.199999809265137,15,0.0018011527377521613,15.266133371988932,15.21500015258789,15.298999786376953,13.975933456420899,1.0561333283782006,0.2340666651725769
c44f1e3a-9098-4527-ad01-5b325f274a62,21.899999618530273,32,0.0038424591738712775,21.94674986600876,21.899999618530273,21.99799919128418,19.226281344890594,2.511656243354082,0.20881250128149986
c44f1e3a-9098-4527-ad01-5b325f274a62,10.0,24,0.002881844380403458,10.042083342870077,10.010000228881836,10.081999778747559,9.463958452145258,0.34779166740675765,0.2303333335245649
c44f1e3a-9098-4527-ad01-5b325f274a62,24.100000381469727,9,0.001080691642651297,24.156888961791992,24.118999481201172,24.190000534057617,21.826777776082356,2.021444453133477,0.3086666737993558
c44f1e3a-9098-4527-ad01-5b325f274a62,29.200000762939453,12,0.001440922190201729,29.25241692860921,29.20599937438965,29.297000885009766,26.443249861399334,2.553833375374476,0.2553333366910617
c44f1e3a-9098-4527-ad01-5b325f274a62,5.300000190734863,26,0.003121998078770413,5.358576957996075,5.302999973297119,5.39900016784668,5.142000014965351,0.0,0.2165769223983471
c44f1e3a-9098-4527-ad01-5b325f274a62,31.399999618530273,8,0.0009606147934678194,31.44237494468689,31.413000106811523,31.48200035095215,29.047374725341797,2.176625043153763,0.2183750020340085
c44f1e3a-9098-4527-ad01-5b325f274a62,1.399999976158142,29,0.0034822286263208454,1.4507241413511078,1.406999945640564,1.4910000562667847,1.1001034502325386,0.160827588675351,0.1897931044985508
c44f1e3a-9098-4527-ad01-5b325f274a62,40.900001525878906,3,0.00036023054755043225,40.910666147867836,40.90399932861328,40.91600036621094,33.60866737365723,7.128999710083008,0.17299999793370566
c44f1e3a-9098-4527-ad01-5b325f274a62,37.599998474121094,6,0.0007204610951008645,37.632832845052086,37.599998474121094,37.67599868774414,34.33183320363363,3.0419999162356057,0.2589999934037526
c44f1e3a-9098-4527-ad01-5b325f274a62,25.100000381469727,19,0.002281460134486071,25.14305245248895,25.101999282836914,25.197999954223633,19.688368320465088,5.187894752151088,0.26678947829886485
c44f1e3a-9098-4527-ad01-5b325f274a62,29.600000381469727,10,0.0012007684918347744,29.65659980773926,29.608999252319336,29.69099998474121,27.273199844360352,2.1386999130249023,0.24470000118017196
c44f1e3a-9098-4527-ad01-5b325f274a62,33.70000076293945,8,0.0009606147934678194,33.76625061035156,33.7400016784668,33.797000885009766,31.470874309539795,2.0325000630691648,0.26287500094622374
c44f1e3a-9098-4527-ad01-5b325f274a62,28.899999618530273,10,0.0012007684918347744,28.938000297546388,28.90999984741211,28.996999740600586,26.529599761962892,2.1730999112129212,0.23530000373721122
c44f1e3a-9098-4527-ad01-5b325f274a62,44.099998474121094,5,0.0006003842459173872,44.12559967041015,44.106998443603516,44.14699935913086,36.25519981384277,7.613000106811524,0.2573999986052513
c44f1e3a-9098-4527-ad01-5b325f274a62,27.399999618530273,15,0.0018011527377521613,27.44266700744629,27.4060001373291,27.49799919128418,24.398733456929524,2.737133344014486,0.3068000038464864
c44f1e3a-9098-4527-ad01-5b325f274a62,7.199999809265137,39,0.004682997118155619,7.248615350478735,7.199999809265137,7.297999858856201,5.433230801652639,1.517230795744138,0.2981538461186947
c44f1e3a-9098-4527-ad01-5b325f274a62,40.5,7,0.0008405379442843419,40.55114255632673,40.50400161743164,40.59199905395508,34.97314262390137,5.3937142970306535,0.18428571947983333
c44f1e3a-9098-4527-ad01-5b325f274a62,19.299999237060547,18,0.002161383285302594,19.34561104244656,19.301000595092773,19.39299964904785,18.1527222527398,0.9210000013311704,0.2718888897862699
c44f1e3a-9098-4527-ad01-5b325f274a62,14.899999618530273,16,0.0019212295869356388,14.945062577724457,14.901000022888184,14.991999626159668,14.124874949455261,0.5738749988377094,0.24631249951198697
c44f1e3a-9098-4527-ad01-5b325f274a62,27.799999237060547,17,0.002041306436119116,27.844940970925723,27.799999237060547,27.892000198364258,25.000117526334876,2.573588294141433,0.27123529551660314
c44f1e3a-9098-4527-ad01-5b325f274a62,3.0,25,0.0030019212295869357,3.0599599933624266,3.005000114440918,3.0969998836517334,2.7778400135040284,0.0,0.28212000072002413
c44f1e3a-9098-4527-ad01-5b325f274a62,53.29999923706055,6,0.0007204610951008645,53.36149915059408,53.327999114990234,53.39699935913086,53.264665603637695,0.0,0.09683333461483319
c44f1e3a-9098-4527-ad01-5b325f274a62,19.0,21,0.002521613832853026,19.04976190839495,19.003000259399414,19.094999313354492,17.819571438289824,0.9278095258133752,0.30238095351627897
c44f1e3a-9098-4527-ad01-5b325f274a62,31.5,7,0.0008405379442843419,31.538000106811523,31.5049991607666,31.590999603271484,25.62071418762207,5.677428586142404,0.23985714039632253
c44f1e3a-9098-4527-ad01-5b325f274a62,6.699999809265137,28,0.0033621517771373678,6.759678568158831,6.703999996185303,6.798999786376953,6.213714259011405,0.29982143693736624,0.24614285863935947
c44f1e3a-9098-4527-ad01-5b325f274a62,4.199999809265137,27,0.0032420749279538905,4.240074034090395,4.202000141143799,4.296999931335449,3.8554073881219932,0.11659259266323513,0.2680740762088034
c44f1e3a-9098-4527-ad01-5b325f274a62,24.399999618530273,18,0.002161383285302594,24.45716667175293,24.405000686645508,24.496999740600586,23.2415001127455,0.9492777519755893,0.2663888902299934
c44f1e3a-9098-4527-ad01-5b325f274a62,21.399999618530273,20,0.0024015369836695487,21.447000122070314,21.40399932861328,21.4950008392334,19.358850026130675,1.8529999732971192,0.2351500030606985
c44f1e3a-9098-4527-ad01-5b325f274a62,40.20000076293945,5,0.0006003842459173872,40.2629997253418,40.2400016784668,40.2859992980957,35.021999549865725,4.851200103759766,0.38980000019073485
c44f1e3a-9098-4527-ad01-5b325f274a62,31.100000381469727,14,0.0016810758885686839,31.15342848641532,31.100000381469727,31.195999145507812,29.809071472712926,1.1197142601013184,0.22464285790920258
c44f1e3a-9098-4527-ad01-5b325f274a62,13.800000190734863,18,0.002161383285302594,13.853722201453316,13.803999900817871,13.89900016784668,13.52422210905287,0.10349999533759223,0.2259999993774626
c44f1e3a-9098-4527-ad01-5b325f274a62,30.200000762939453,11,0.0013208453410182516,30.242908824573863,30.20599937438965,30.27199935913086,24.268545497547496,5.742090864615007,0.23227272995493628
c44f1e3a-9098-4527-ad01-5b325f274a62,17.399999618530273,10,0.0012007684918347744,17.43620014190674,17.402000427246094,17.47800064086914,12.511599940061569,4.664600133895874,0.26000000089406966
c44f1e3a-9098-4527-ad01-5b325f274a62,25.700000762939453,11,0.0013208453410182516,25.74390948902477,25.700000762939453,25.79800033569336,23.39872746034102,2.076909135688435,0.26827272840521554
c44f1e3a-9098-4527-ad01-5b325f274a62,26.299999237060547,13,0.0015609990393852064,26.342538540179913,26.312000274658203,26.39900016784668,23.35946149092454,2.7164616859876194,0.26661538447325045
c44f1e3a-9098-4527-ad01-5b325f274a62,29.399999618530273,9,0.001080691642651297,29.460444344414604,29.41900062561035,29.489999771118164,25.094888793097603,4.153999964396159,0.21155555463499492
c44f1e3a-9098-4527-ad01-5b325f274a62,24.799999237060547,8,0.0009606147934678194,24.853999853134155,24.80699920654297,24.895000457763672,21.607750236988068,2.9477500319480896,0.29849999491125345
c44f1e3a-9098-4527-ad01-5b325f274a62,6.0,21,0.002521613832853026,6.0570951870509555,6.011000156402588,6.0929999351501465,5.750428631192162,0.07461904911767869,0.2320476206285613
c44f1e3a-9098-4527-ad01-5b325f274a62,51.79999923706055,3,0.00036023054755043225,51.842665354410805,51.801998138427734,51.8849983215332,51.699666341145836,0.0,0.14300000170866647
c44f1e3a-9098-4527-ad01-5b325f274a62,25.5,18,0.002161383285302594,25.553388807508682,25.51099967956543,25.593000411987305,23.681888580322266,1.6071666897171073,0.2643333354757892
c44f1e3a-9098-4527-ad01-5b325f274a62,54.70000076293945,5,0.0006003842459173872,54.74400024414062,54.70000076293945,54.78799819946289,51.07400054931641,3.4826000690460206,0.1873999997973442
c44f1e3a-9098-4527-ad01-5b325f274a62,15.600000381469727,19,0.002281460134486071,15.646157766643324,15.60099983215332,15.694999694824219,15.326631596213893,0.06547368357056066,0.2540526339098027
c44f1e3a-9098-4527-ad01-5b325f274a62,88.0999984741211,1,0.00012007684918347742,88.11499786376953,88.11499786376953,88.11499786376953,87.97100067138672,0.0,0.14399999380111694
c44f1e3a-9098-4527-ad01-5b325f274a62,55.70000076293945,1,0.00012007684918347742,55.73699951171875,55.73699951171875,55.73699951171875,34.0620002746582,21.62700080871582,0.04800000041723251
c44f1e3a-9098-4527-ad01-5b325f274a62,26.600000381469727,8,0.0009606147934678194,26.63712501525879,26.604000091552734,26.690000534057617,24.223999977111816,2.0973749328404665,0.31574999913573265
c44f1e3a-9098-4527-ad01-5b325f274a62,22.399999618530273,10,0.0012007684918347744,22.461100006103514,22.399999618530273,22.489999771118164,15.178700184822082,7.047999858856201,0.23439999893307686
c44f1e3a-9098-4527-ad01-5b325f274a62,17.200000762939453,17,0.002041306436119116,17.253411573522232,17.20599937438965,17.297000885009766,15.897470502292409,1.1001176202998442,0.255823528065401
c44f1e3a-9098-4527-ad01-5b325f274a62,20.200000762939453,16,0.0019212295869356388,20.23631238937378,20.202999114990234,20.29599952697754,18.502937525510788,1.4953750148415565,0.2380000022239983
c44f1e3a-9098-4527-ad01-5b325f274a62,33.599998474121094,5,0.0006003842459173872,33.62080001831055,33.60100173950195,33.67599868774414,28.273399925231935,5.0018000364303585,0.34560000598430635
c44f1e3a-9098-4527-ad01-5b325f274a62,42.5,4,0.0004803073967339097,42.53724956512451,42.50299835205078,42.58100128173828,42.24849891662598,0.0,0.2887500002980232
c44f1e3a-9098-4527-ad01-5b325f274a62,19.399999618530273,20,0.0024015369836695487,19.448250007629394,19.40399932861328,19.49799919128418,18.219449996948242,0.9736000239849091,0.2551999997347593
c44f1e3a-9098-4527-ad01-5b325f274a62,51.0,4,0.0004803073967339097,51.067749977111816,51.016998291015625,51.095001220703125,50.42599964141846,0.3842499852180481,0.2575000040233135
c44f1e3a-9098-4527-ad01-5b325f274a62,29.5,9,0.001080691642651297,29.546111212836372,29.5310001373291,29.579999923706055,25.024000114864773,4.236777658263843,0.2853333345717854
c44f1e3a-9098-4527-ad01-5b325f274a62,49.400001525878906,2,0.00024015369836695484,49.45399856567383,49.446998596191406,49.46099853515625,49.262001037597656,0.0,0.19199999421834946
c44f1e3a-9098-4527-ad01-5b325f274a62,57.79999923706055,1,0.00012007684918347742,57.82500076293945,57.82500076293945,57.82500076293945,50.80099868774414,6.703000068664551,0.32100000977516174
c44f1e3a-9098-4527-ad01-5b325f274a62,52.29999923706055,2,0.00024015369836695484,52.372501373291016,52.35200119018555,52.393001556396484,44.361000061035156,7.8379998207092285,0.17349999770522118
c44f1e3a-9098-4527-ad01-5b325f274a62,37.099998474121094,2,0.00024015369836695484,37.15399932861328,37.13800048828125,37.16999816894531,36.46199989318848,0.47600001096725464,0.2160000018775463
c44f1e3a-9098-4527-ad01-5b325f274a62,35.900001525878906,7,0.0008405379442843419,35.93771471296038,35.900001525878906,35.99100112915039,30.004714148385183,5.749857085091727,0.18314285469906671
c44f1e3a-9098-4527-ad01-5b325f274a62,39.29999923706055,4,0.0004803073967339097,39.382750511169434,39.36800003051758,39.39799880981445,37.28950071334839,1.8342499732971191,0.2589999958872795
c44f1e3a-9098-4527-ad01-5b325f274a62,83.5999984741211,1,0.00012007684918347742,83.66100311279297,83.66100311279297,83.66100311279297,83.44999694824219,0.0,0.210999995470047
c44f1e3a-9098-4527-ad01-5b325f274a62,39.0,3,0.00036023054755043225,39.076666514078774,39.058998107910156,39.09400177001953,30.93600082397461,7.855333228905995,0.2853333353996277
c44f1e3a-9098-4527-ad01-5b325f274a62,45.900001525878906,3,0.00036023054755043225,45.95800018310547,45.904998779296875,45.99300003051758,45.62466684977213,0.0,0.3333333333333333
c44f1e3a-9098-4527-ad01-5b325f274a62,79.30000305175781,1,0.00012007684918347742,79.38800048828125,79.38800048828125,79.38800048828125,31.3700008392334,47.53099822998047,0.4869999885559082
c44f1e3a-9098-4527-ad01-5b325f274a62,67.0999984741211,1,0.00012007684918347742,67.15899658203125,67.15899658203125,67.15899658203125,66.94400024414062,0.0,0.2150000035762787
c44f1e3a-9098-4527-ad01-5b325f274a62,23.0,9,0.001080691642651297,23.044333775838215,23.009000778198242,23.099000930786133,17.685444619920517,5.101666715410021,0.257222222785155
c44f1e3a-9098-4527-ad01-5b325f274a62,56.5,2,0.00024015369836695484,56.552499771118164,56.54399871826172,56.56100082397461,56.035499572753906,0.0,0.5170000195503235
c44f1e3a-9098-4527-ad01-5b325f274a62,97.0,1,0.00012007684918347742,97.03099822998047,97.03099822998047,97.03099822998047,96.76200103759766,0.0,0.26899999380111694
c44f1e3a-9098-4527-ad01-5b325f274a62,66.30000305175781,2,0.00024015369836695484,66.3484992980957,66.34400177001953,66.35299682617188,55.37300109863281,10.693499565124512,0.28200000524520874
c44f1e3a-9098-4527-ad01-5b325f274a62,62.099998474121094,1,0.00012007684918347742,62.1609992980957,62.1609992980957,62.1609992980957,62.04999923706055,0.0,0.11100000143051147
c44f1e3a-9098-4527-ad01-5b325f274a62,68.80000305175781,1,0.00012007684918347742,68.80699920654297,68.80699920654297,68.80699920654297,68.70500183105469,0.0,0.10199999809265137
c44f1e3a-9098-4527-ad01-5b325f274a62,55.5,1,0.00012007684918347742,55.590999603271484,55.590999603271484,55.590999603271484,33.35300064086914,21.854000091552734,0.3840000033378601
c44f1e3a-9098-4527-ad01-5b325f274a62,47.599998474121094,1,0.00012007684918347742,47.624000549316406,47.624000549316406,47.624000549316406,47.472999572753906,0.0,0.1509999930858612
c44f1e3a-9098-4527-ad01-5b325f274a62,76.0999984741211,1,0.00012007684918347742,76.12899780273438,76.12899780273438,76.12899780273438,76.08100128173828,0.0,0.04800000041723251
c44f1e3a-9098-4527-ad01-5b325f274a62,11.399999618530273,21,0.002521613832853026,11.449000040690104,11.406000137329102,11.48799991607666,10.871095248631068,0.28819048191819874,0.28971428566035773
