run_id,score_bucket,member_count,pct_members,avg_score,min_score,max_score,avg_hcc_score,avg_rxc_score,avg_demographic_score
f5b70deb-3115-40e8-8418-17ae26b4df23,13.0,30,0.0036023054755043226,13.047966575622558,13.002333641052246,13.093999862670898,11.338488900661469,1.4290333012739818,0.2804444449643294
f5b70deb-3115-40e8-8418-17ae26b4df23,33.400001525878906,9,0.001080691642651297,33.439147525363495,33.40399932861328,33.487998962402344,27.400000254313152,5.760777770645088,0.2783703688118193
f5b70deb-3115-40e8-8418-17ae26b4df23,9.699999809265137,26,0.003121998078770413,9.75816664328942,9.711000442504883,9.79699993133545,9.066461563110352,0.47473076444405776,0.216974359865372
f5b70deb-3115-40e8-8418-17ae26b4df23,15.699999809265137,21,0.002521613832853026,15.747111138843355,15.706000328063965,15.79699993133545,13.432111092976161,2.0419047560010637,0.27309523664769675
f5b70deb-3115-40e8-8418-17ae26b4df23,29.700000762939453,5,0.0006003842459173872,29.745000076293945,29.711000442504883,29.790000915527344,22.29000015258789,7.082800197601318,0.3722000002861023
f5b70deb-3115-40e8-8418-17ae26b4df23,46.099998474121094,3,0.00036023054755043225,46.141666412353516,46.106998443603516,46.17399978637695,38.35099983215332,7.582666397094727,0.20799999932448068
f5b70deb-3115-40e8-8418-17ae26b4df23,43.20000076293945,5,0.0006003842459173872,43.239000701904295,43.207000732421875,43.284000396728516,40.503000259399414,2.356800079345703,0.37919999957084655
f5b70deb-3115-40e8-8418-17ae26b4df23,0.20000000298023224,235,0.028218059558117195,0.2488000013092731,0.20100000500679016,0.2913333475589752,0.0052737589529220094,0.0007404255106094036,0.24278581697256008
f5b70deb-3115-40e8-8418-17ae26b4df23,5.599999904632568,23,0.002761767531219981,5.646449254906696,5.605000019073486,5.697999954223633,5.310840575591378,0.10760869150576384,0.22800000190086986
f5b70deb-3115-40e8-8418-17ae26b4df23,20.100000381469727,17,0.002041306436119116,20.150686264038086,20.104000091552734,20.18899917602539,17.61364689995261,2.266411804539316,0.2706274501979351
f5b70deb-3115-40e8-8418-17ae26b4df23,0.5,66,0.00792507204610951,0.5250656496394764,0.5009999871253967,0.5979999899864197,0.12199494965148694,0.011363636363636364,0.3917070632292466
f5b70deb-3115-40e8-8418-17ae26b4df23,16.0,15,0.0018011527377521613,16.044555536905925,16.003999710083008,16.094999313354492,15.002133401234945,0.8172000249226888,0.22522221704324086
f5b70deb-3115-40e8-8418-17ae26b4df23,27.0,13,0.0015609990393852064,27.042205223670372,27.006000518798828,27.09000015258789,26.619923224815956,0.12876923267657941,0.29351282263031375
f5b70deb-3115-40e8-8418-17ae26b4df23,8.300000190734863,17,0.002041306436119116,8.354137364555807,8.305000305175781,8.397000312805176,7.188764751834028,0.9451764892129337,0.22019607486093745
f5b70deb-3115-40e8-8418-17ae26b4df23,18.799999237060547,9,0.001080691642651297,18.842481825086807,18.802000045776367,18.895334243774414,15.179666916529337,3.3571110831366644,0.30570370455582935
f5b70deb-3115-40e8-8418-17ae26b4df23,43.099998474121094,4,0.0004803073967339097,43.140666007995605,43.119998931884766,43.16999816894531,42.57883262634277,0.32850000262260437,0.23333333618938923
f5b70deb-3115-40e8-8418-17ae26b4df23,13.399999618530273,34,0.004082612872238232,13.451392145717845,13.406000137329102,13.491999626159668,12.664960720959831,0.528794115080553,0.25763725511291447
f5b70deb-3115-40e8-8418-17ae26b4df23,8.100000381469727,17,0.002041306436119116,8.157313795650706,8.107000350952148,8.199000358581543,6.863803947673125,1.1017058947507072,0.1918039236436872
f5b70deb-3115-40e8-8418-17ae26b4df23,28.299999237060547,14,0.0016810758885686839,28.35397638593401,28.301000595092773,28.398000717163086,26.10680968420846,1.9612856789359026,0.28588095254131723
f5b70deb-3115-40e8-8418-17ae26b4df23,19.5,8,0.0009606147934678194,19.549500465393066,19.510000228881836,19.597000122070312,16.192249834537506,3.0631250143051147,0.2941250028088689
f5b70deb-3115-40e8-8418-17ae26b4df23,3.799999952316284,24,0.002881844380403458,3.8486944437026978,3.815000057220459,3.8910000324249268,3.5469444692134857,0.05954166750113169,0.2422083344620963
f5b70deb-3115-40e8-8418-17ae26b4df23,2.9000000953674316,34,0.004082612872238232,2.947941177031573,2.9010000228881836,2.994666576385498,2.530019626897924,0.12452941256410935,0.2933921549907502
f5b70deb-3115-40e8-8418-17ae26b4df23,42.29999923706055,3,0.00036023054755043225,42.351444244384766,42.30099868774414,42.39833450317383,39.462554931640625,2.705333391825358,0.1835555558403333
f5b70deb-3115-40e8-8418-17ae26b4df23,13.300000190734863,21,0.002521613832853026,13.353285653250557,13.300999641418457,13.397000312805176,12.241793594190053,0.7885238102504185,0.32296825466411455
f5b70deb-3115-40e8-8418-17ae26b4df23,18.200000762939453,19,0.002281460134486071,18.248017461676348,18.201000213623047,18.29599952697754,16.516456127166748,1.4777894772981341,0.25377192661950465
f5b70deb-3115-40e8-8418-17ae26b4df23,39.70000076293945,7,0.0008405379442843419,39.73142841884068,39.70800018310547,39.76100158691406,37.68195179530552,1.7708571297781808,0.27861904885087696
f5b70deb-3115-40e8-8418-17ae26b4df23,15.399999618530273,14,0.0016810758885686839,15.453857149396624,15.399999618530273,15.498000144958496,14.085737977709089,1.159428596496582,0.20869047806731292
f5b70deb-3115-40e8-8418-17ae26b4df23,45.400001525878906,4,0.0004803073967339097,45.447999000549316,45.40599822998047,45.499000549316406,45.10208320617676,0.0,0.34591665863990784
f5b70deb-3115-40e8-8418-17ae26b4df23,5.099999904632568,27,0.0032420749279538905,5.157432096975821,5.1020002365112305,5.198999881744385,4.547814806302388,0.3647407483723428,0.2448765414732474
f5b70deb-3115-40e8-8418-17ae26b4df23,34.599998474121094,6,0.0007204610951008645,34.646833419799805,34.60100173950195,34.67100143432617,31.97533384958903,2.4066665967305503,0.26483333483338356
f5b70deb-3115-40e8-8418-17ae26b4df23,31.200000762939453,8,0.0009606147934678194,31.247291564941406,31.200000762939453,31.29599952697754,27.233458280563354,3.7457499504089355,0.2680833349004388
f5b70deb-3115-40e8-8418-17ae26b4df23,12.699999809265137,33,0.003962536023054755,12.749383868593158,12.70199966430664,12.795999526977539,12.362303069143584,0.13445454519806485,0.2526262621536399
f5b70deb-3115-40e8-8418-17ae26b4df23,52.70000076293945,4,0.0004803073967339097,52.75699996948242,52.7239990234375,52.7859992980957,49.59575080871582,2.946000099182129,0.21525000035762787
f5b70deb-3115-40e8-8418-17ae26b4df23,9.100000381469727,30,0.0036023054755043226,9.145100053151449,9.100333213806152,9.192999839782715,8.029066705703736,0.8094999750455221,0.3065333326657613
f5b70deb-3115-40e8-8418-17ae26b4df23,7.800000190734863,26,0.003121998078770413,7.855128233249371,7.806666851043701,7.894000053405762,7.291128172324254,0.2529615324277144,0.31103846000937313
f5b70deb-3115-40e8-8418-17ae26b4df23,38.0,11,0.0013208453410182516,38.05203073674982,38.012001037597656,38.0989990234375,32.52448498119008,5.23181811246005,0.2957272692160173
f5b70deb-3115-40e8-8418-17ae26b4df23,62.20000076293945,2,0.00024015369836695484,62.26099967956543,62.255001068115234,62.266998291015625,54.83133506774902,7.239500045776367,0.190166674554348
f5b70deb-3115-40e8-8418-17ae26b4df23,32.5,12,0.001440922190201729,32.56119441986084,32.525001525878906,32.595001220703125,29.654250303904217,2.6615000565846763,0.2454444436977307
f5b70deb-3115-40e8-8418-17ae26b4df23,53.400001525878906,2,0.00024015369836695484,53.46783447265625,53.448001861572266,53.487667083740234,52.771833419799805,0.5109999775886536,0.1849999986588955
f5b70deb-3115-40e8-8418-17ae26b4df23,28.100000381469727,13,0.0015609990393852064,28.151923252986027,28.102333068847656,28.19099998474121,26.99233319209172,0.9779230447915884,0.1816666673582334
f5b70deb-3115-40e8-8418-17ae26b4df23,59.599998474121094,1,0.00012007684918347742,59.678001403808594,59.678001403808594,59.678001403808594,59.185001373291016,0.0,0.49300000071525574
f5b70deb-3115-40e8-8418-17ae26b4df23,20.799999237060547,23,0.002761767531219981,20.85110150212827,20.799999237060547,20.898666381835938,18.874652012534764,1.737347810164742,0.23910144781288895
f5b70deb-3115-40e8-8418-17ae26b4df23,48.400001525878906,3,0.00036023054755043225,48.43855539957682,48.40599822998047,48.49800109863281,42.65433311462402,5.494333267211914,0.2898888885974884
f5b70deb-3115-40e8-8418-17ae26b4df23,36.099998474121094,5,0.0006003842459173872,36.147666931152344,36.11899948120117,36.178001403808594,32.84673309326172,3.0107999801635743,0.2901333324611187
f5b70deb-3115-40e8-8418-17ae26b4df23,13.100000381469727,27,0.0032420749279538905,13.146148222464102,13.102999687194824,13.190999984741211,12.795246936656811,0.10388888915379842,0.2470123457411925
f5b70deb-3115-40e8-8418-17ae26b4df23,1.2999999523162842,36,0.004322766570605188,1.3456666635142431,1.2999999523162842,1.3960000276565552,0.7962685177723566,0.3518611043691635,0.1975370357847876
f5b70deb-3115-40e8-8418-17ae26b4df23,10.399999618530273,31,0.0037223823246878003,10.451451670738958,10.402000427246094,10.498332977294922,10.12345157131072,0.07167741800508191,0.2563225832437315
f5b70deb-3115-40e8-8418-17ae26b4df23,7.0,18,0.002161383285302594,7.03909256723192,7.001999855041504,7.0993332862854,6.801740778817071,0.0,0.23735185257262653
f5b70deb-3115-40e8-8418-17ae26b4df23,25.899999618530273,18,0.002161383285302594,25.954166730244953,25.902000427246094,25.989999771118164,23.754814624786377,1.9744444125228457,0.22490740712318155
f5b70deb-3115-40e8-8418-17ae26b4df23,12.0,20,0.0024015369836695487,12.04645004272461,12.000333786010742,12.077333450317383,10.878633335232735,0.8684499710798264,0.2993666660040617
f5b70deb-3115-40e8-8418-17ae26b4df23,14.600000381469727,23,0.002761767531219981,14.651855012644893,14.602999687194824,14.696000099182129,13.597507103629734,0.8406086797299592,0.2137391314558361
f5b70deb-3115-40e8-8418-17ae26b4df23,25.0,14,0.0016810758885686839,25.059238161359513,25.010000228881836,25.099000930786133,24.710142816816056,0.0720000011580331,0.27709523481982096
f5b70deb-3115-40e8-8418-17ae26b4df23,5.900000095367432,21,0.002521613832853026,5.943539687565395,5.900000095367432,5.98199987411499,5.638809521993001,0.06009523783411298,0.24463492028769993
f5b70deb-3115-40e8-8418-17ae26b4df23,29.299999237060547,10,0.0012007684918347744,29.34580001831055,29.30699920654297,29.398000717163086,25.959800052642823,3.1188999712467194,0.26710000485181806
f5b70deb-3115-40e8-8418-17ae26b4df23,7.5,29,0.0034822286263208454,7.54987358224803,7.501999855041504,7.59499979019165,7.223850562654692,0.03206896576388129,0.2939540206872184
f5b70deb-3115-40e8-8418-17ae26b4df23,126.5,1,0.00012007684918347742,126.50499725341797,126.50499725341797,126.50499725341797,126.41766357421875,0.0,0.08733333647251129
f5b70deb-3115-40e8-8418-17ae26b4df23,16.799999237060547,15,0.0018011527377521613,16.855488840738932,16.80666732788086,16.893999099731445,16.293911298116047,0.2975333293279012,0.2640444447596868
f5b70deb-3115-40e8-8418-17ae26b4df23,22.799999237060547,9,0.001080691642651297,22.844481574164497,22.802000045776367,22.889999389648438,20.205703735351562,2.3256665998035007,0.3131111048989826
f5b70deb-3115-40e8-8418-17ae26b4df23,37.20000076293945,5,0.0006003842459173872,37.23320007324219,37.20199966430664,37.27000045776367,36.816000366210936,0.0,0.4171999990940094
f5b70deb-3115-40e8-8418-17ae26b4df23,23.100000381469727,22,0.002641690682036503,23.148272774436258,23.100000381469727,23.197999954223633,20.897681843150746,2.012181807648052,0.23840908807787028
f5b70deb-3115-40e8-8418-17ae26b4df23,35.599998474121094,9,0.001080691642651297,35.66751903957791,35.62200164794922,35.69300079345703,31.470704396565754,3.9113332331180573,0.28548148108853233
f5b70deb-3115-40e8-8418-17ae26b4df23,28.399999618530273,12,0.001440922190201729,28.442333380381267,28.410999298095703,28.4950008392334,22.961277802785236,5.193833351135254,0.2872222177684307
f5b70deb-3115-40e8-8418-17ae26b4df23,28.799999237060547,10,0.0012007684918347744,28.84529972076416,28.802000045776367,28.8799991607666,26.706999588012696,1.8466999411582947,0.2915999986231327
f5b70deb-3115-40e8-8418-17ae26b4df23,14.5,22,0.002641690682036503,14.54256062074141,14.508999824523926,14.595999717712402,13.40706053647128,0.9159090803428129,0.21959091011773457
f5b70deb-3115-40e8-8418-17ae26b4df23,27.600000381469727,5,0.0006003842459173872,27.64800033569336,27.606000900268555,27.687000274658203,27.122999954223634,0.2934000015258789,0.23160000443458556
f5b70deb-3115-40e8-8418-17ae26b4df23,55.20000076293945,5,0.0006003842459173872,55.23759994506836,55.21200180053711,55.25,51.819000244140625,3.253200149536133,0.1653999999165535
f5b70deb-3115-40e8-8418-17ae26b4df23,56.79999923706055,3,0.00036023054755043225,56.83444341023763,56.81233215332031,56.85333251953125,56.71366755167643,0.0,0.12077778081099193
f5b70deb-3115-40e8-8418-17ae26b4df23,39.900001525878906,3,0.00036023054755043225,39.94511032104492,39.92033386230469,39.974998474121094,39.42577870686849,0.2629999915758769,0.256333331267039
f5b70deb-3115-40e8-8418-17ae26b4df23,56.29999923706055,1,0.00012007684918347742,56.303001403808594,56.303001403808594,56.303001403808594,56.02399826049805,0.0,0.27900001406669617
f5b70deb-3115-40e8-8418-17ae26b4df23,57.20000076293945,1,0.00012007684918347742,57.277000427246094,57.277000427246094,57.277000427246094,42.573001861572266,14.54699993133545,0.15700000524520874
f5b70deb-3115-40e8-8418-17ae26b4df23,24.600000381469727,9,0.001080691642651297,24.655037350124783,24.635000228881836,24.694334030151367,20.787555747561985,3.619444423251682,0.24803703526655832
f5b70deb-3115-40e8-8418-17ae26b4df23,30.899999618530273,10,0.0012007684918347744,30.94499969482422,30.906999588012695,30.989999771118164,30.78303337097168,0.005799999833106995,0.1561666637659073
f5b70deb-3115-40e8-8418-17ae26b4df23,60.20000076293945,1,0.00012007684918347742,60.25299835205078,60.25299835205078,60.25299835205078,60.108001708984375,0.0,0.14499999582767487
f5b70deb-3115-40e8-8418-17ae26b4df23,71.80000305175781,1,0.00012007684918347742,71.87999725341797,71.87999725341797,71.87999725341797,34.41999816894531,36.96699905395508,0.49300000071525574
f5b70deb-3115-40e8-8418-17ae26b4df23,53.0,1,0.00012007684918347742,53.084999084472656,53.084999084472656,53.084999084472656,52.7760009765625,0.0,0.3089999854564667
f5b70deb-3115-40e8-8418-17ae26b4df23,64.0,2,0.00024015369836695484,64.03767013549805,64.03500366210938,64.04033660888672,63.72749900817871,0.0,0.3101666569709778
f5b70deb-3115-40e8-8418-17ae26b4df23,81.4000015258789,1,0.00012007684918347742,81.41699981689453,81.41699981689453,81.41699981689453,81.2959976196289,0.0,0.12099999934434891
f5b70deb-3115-40e8-8418-17ae26b4df23,62.0,1,0.00012007684918347742,62.07466506958008,62.07466506958008,62.07466506958008,61.983001708984375,0.0,0.09166666865348816
f5b70deb-3115-40e8-8418-17ae26b4df23,73.0999984741211,1,0.00012007684918347742,73.125,73.125,73.125,56.944000244140625,15.902000427246094,0.27900001406669617
f5b70deb-3115-40e8-8418-17ae26b4df23,51.099998474121094,2,0.00024015369836695484,51.15983200073242,51.12099838256836,51.198665618896484,51.00433349609375,0.0,0.15550000220537186
f5b70deb-3115-40e8-8418-17ae26b4df23,58.900001525878906,2,0.00024015369836695484,58.92650032043457,58.917999267578125,58.935001373291016,51.331499099731445,7.315999984741211,0.27900000661611557
f5b70deb-3115-40e8-8418-17ae26b4df23,83.30000305175781,1,0.00012007684918347742,83.34033203125,83.34033203125,83.34033203125,83.25299835205078,0.0,0.08733333647251129
f5b70deb-3115-40e8-8418-17ae26b4df23,65.69999694824219,2,0.00024015369836695484,65.7599983215332,65.74099731445312,65.77899932861328,58.2103328704834,7.315999984741211,0.23366666585206985
f5b70deb-3115-40e8-8418-17ae26b4df23,55.599998474121094,1,0.00012007684918347742,55.65299987792969,55.65299987792969,55.65299987792969,55.52399826049805,0.0,0.1289999932050705
f5b70deb-3115-40e8-8418-17ae26b4df23,61.5,1,0.00012007684918347742,61.569000244140625,61.569000244140625,61.569000244140625,46.00400161743164,15.053999900817871,0.5109999775886536
f5b70deb-3115-40e8-8418-17ae26b4df23,52.099998474121094,1,0.00012007684918347742,52.132999420166016,52.132999420166016,52.132999420166016,51.62200164794922,0.0,0.5109999775886536
f5b70deb-3115-40e8-8418-17ae26b4df23,57.900001525878906,1,0.00012007684918347742,57.95000076293945,57.95000076293945,57.95000076293945,57.73899841308594,0.0,0.210999995470047
f5b70deb-3115-40e8-8418-17ae26b4df23,88.30000305175781,1,0.00012007684918347742,88.3489990234375,88.3489990234375,88.3489990234375,71.69200134277344,16.266000747680664,0.39100000262260437
f5b70deb-3115-40e8-8418-17ae26b4df23,44.400001525878906,2,0.00024015369836695484,44.433000564575195,44.409000396728516,44.457000732421875,44.17449951171875,0.0,0.25850000232458115
f5b70deb-3115-40e8-8418-17ae26b4df23,56.099998474121094,1,0.00012007684918347742,56.17033386230469,56.17033386230469,56.17033386230469,55.96033477783203,0.0,0.20999999344348907
f5b70deb-3115-40e8-8418-17ae26b4df23,5.5,20,0.0024015369836695487,5.557050037384033,5.501999855041504,5.5970001220703125,5.264599990844727,0.05625,0.2362000025808811
f5b70deb-3115-40e8-8418-17ae26b4df23,50.900001525878906,3,0.00036023054755043225,50.9554443359375,50.9283332824707,50.972999572753906,50.64922205607096,0.0,0.30622222026189166
f5b70deb-3115-40e8-8418-17ae26b4df23,58.5,2,0.00024015369836695484,58.54916763305664,58.53200149536133,58.56633377075195,58.340999603271484,0.0,0.2081666737794876
f5b70deb-3115-40e8-8418-17ae26b4df23,38.900001525878906,10,0.0012007684918347744,38.94776649475098,38.902000427246094,38.996665954589844,34.212833404541016,4.456599998474121,0.2783333361148834
f5b70deb-3115-40e8-8418-17ae26b4df23,10.899999618530273,28,0.0033621517771373678,10.952892848423549,10.904000282287598,10.994000434875488,10.548000029155187,0.09046428437743868,0.3144285684185369
f5b70deb-3115-40e8-8418-17ae26b4df23,14.800000190734863,30,0.0036023054755043226,14.84765551884969,14.800999641418457,14.890000343322754,12.95342222849528,1.6153000195821126,0.2789333309978247
f5b70deb-3115-40e8-8418-17ae26b4df23,33.0,7,0.0008405379442843419,33.053095136369976,33.000999450683594,33.09000015258789,31.614428656441824,1.2374285289219447,0.20123809256723948
f5b70deb-3115-40e8-8418-17ae26b4df23,11.5,25,0.0030019212295869357,11.546239929199219,11.50100040435791,11.598999977111816,10.617760019302368,0.6356799879670143,0.2927999970316887
f5b70deb-3115-40e8-8418-17ae26b4df23,20.399999618530273,26,0.003121998078770413,20.448640823364258,20.400999069213867,20.496999740600586,18.59119231884296,1.6018461264096773,0.25560256437613416
f5b70deb-3115-40e8-8418-17ae26b4df23,27.700000762939453,14,0.0016810758885686839,27.745166642325266,27.71299934387207,27.79199981689453,23.899428640093124,3.6191428133419583,0.22659523891551153
f5b70deb-3115-40e8-8418-17ae26b4df23,20.600000381469727,15,0.0018011527377521613,20.650399907430014,20.601999282836914,20.691999435424805,16.368822240829466,3.995533243815104,0.28604444563388826
f5b70deb-3115-40e8-8418-17ae26b4df23,17.600000381469727,21,0.002521613832853026,17.636634917486283,17.601999282836914,17.697999954223633,16.582381055468606,0.7695238136109852,0.2847301555531366
f5b70deb-3115-40e8-8418-17ae26b4df23,13.899999618530273,28,0.0033621517771373678,13.942714248384748,13.906000137329102,13.99899959564209,13.072619012423925,0.5794999812330518,0.2905952382300581
f5b70deb-3115-40e8-8418-17ae26b4df23,11.300000190734863,33,0.003962536023054755,11.347707025932543,11.300999641418457,11.399666786193848,10.924111062830145,0.16187879172238437,0.26171717273466516
f5b70deb-3115-40e8-8418-17ae26b4df23,30.0,13,0.0015609990393852064,30.052692413330078,30.016000747680664,30.08733367919922,27.375794704143818,2.4290768870940576,0.24782051461247298
f5b70deb-3115-40e8-8418-17ae26b4df23,32.29999923706055,11,0.0013208453410182516,32.347091328014024,32.29999923706055,32.395999908447266,30.4853028384122,1.6034546142274684,0.25833333215930243
f5b70deb-3115-40e8-8418-17ae26b4df23,35.70000076293945,9,0.001080691642651297,35.75274149576823,35.702999114990234,35.79899978637695,32.56070412529839,3.013555579715305,0.1784814844528834
f5b70deb-3115-40e8-8418-17ae26b4df23,50.0,2,0.00024015369836695484,50.03499984741211,50.02799987792969,50.04199981689453,49.68349838256836,0.0,0.3514999896287918
f5b70deb-3115-40e8-8418-17ae26b4df23,10.600000381469727,22,0.002641690682036503,10.663681723854758,10.604999542236328,10.694999694824219,9.696651415391402,0.7221818187020042,0.24484848586673086
f5b70deb-3115-40e8-8418-17ae26b4df23,0.699999988079071,32,0.0038424591738712775,0.7563124969601631,0.7020000219345093,0.796999990940094,0.5383541593328118,0.017156250774860382,0.20080208289436996
f5b70deb-3115-40e8-8418-17ae26b4df23,43.900001525878906,4,0.0004803073967339097,43.941083908081055,43.90700149536133,43.95899963378906,43.68541622161865,0.0,0.25566666945815086
f5b70deb-3115-40e8-8418-17ae26b4df23,38.70000076293945,4,0.0004803073967339097,38.76024913787842,38.71500015258789,38.792999267578125,38.46158409118652,0.0,0.29866667091846466
f5b70deb-3115-40e8-8418-17ae26b4df23,7.900000095367432,17,0.002041306436119116,7.937764700721292,7.9019999504089355,7.982999801635742,7.5229019557728485,0.11258823380750768,0.302274511579205
f5b70deb-3115-40e8-8418-17ae26b4df23,22.899999618530273,16,0.0019212295869356388,22.953624844551086,22.902000427246094,22.98200035095215,21.777562618255615,0.9096249938011169,0.26643749536015093
f5b70deb-3115-40e8-8418-17ae26b4df23,20.5,14,0.0016810758885686839,20.552071571350098,20.500999450683594,20.599000930786133,17.566571303776332,2.6878571084567477,0.2976428557719503
f5b70deb-3115-40e8-8418-17ae26b4df23,4.800000190734863,17,0.002041306436119116,4.850078442517449,4.801000118255615,4.885666847229004,4.284901899449966,0.2746470675748937,0.29052941588794484
f5b70deb-3115-40e8-8418-17ae26b4df23,31.799999237060547,7,0.0008405379442843419,31.861524036952428,31.80900001525879,31.891666412353516,25.30100018637521,6.407142741339547,0.153380953839847
f5b70deb-3115-40e8-8418-17ae26b4df23,21.200000762939453,17,0.002041306436119116,21.247548944809857,21.202999114990234,21.298999786376953,19.482843174653894,1.4930588497835047,0.2716470610569505
f5b70deb-3115-40e8-8418-17ae26b4df23,28.200000762939453,15,0.0018011527377521613,28.251755650838216,28.20599937438965,28.29400062561035,26.333777809143065,1.6445999542872112,0.27337777813275654
f5b70deb-3115-40e8-8418-17ae26b4df23,26.200000762939453,11,0.0013208453410182516,26.249636563387785,26.21299934387207,26.29400062561035,25.85072760148482,0.07645454731854526,0.32245454734021967
f5b70deb-3115-40e8-8418-17ae26b4df23,24.200000762939453,12,0.001440922190201729,24.258028030395508,24.21299934387207,24.299333572387695,23.875222047170002,0.12225000063578288,0.2605555510769288
f5b70deb-3115-40e8-8418-17ae26b4df23,16.299999237060547,18,0.002161383285302594,16.35383341047499,16.304000854492188,16.39900016784668,13.453222185373306,2.7103333042727575,0.19027777595652473
f5b70deb-3115-40e8-8418-17ae26b4df23,4.699999809265137,24,0.002881844380403458,4.7387083768844604,4.699999809265137,4.797999858856201,4.051236076901357,0.4270000010728836,0.2604722206791242
f5b70deb-3115-40e8-8418-17ae26b4df23,5.699999809265137,31,0.0037223823246878003,5.755150533491565,5.705999851226807,5.796999931335449,5.306709693324182,0.1924838779434081,0.2559569885413493
f5b70deb-3115-40e8-8418-17ae26b4df23,36.79999923706055,11,0.0013208453410182516,36.849605560302734,36.80099868774414,36.880001068115234,35.288181651722304,1.330181815407493,0.2312424254011024
f5b70deb-3115-40e8-8418-17ae26b4df23,2.0999999046325684,27,0.0032420749279538905,2.1490493527165166,2.1033332347869873,2.191333293914795,1.8901851795337818,0.002148148086335924,0.2567160514493783
f5b70deb-3115-40e8-8418-17ae26b4df23,36.400001525878906,6,0.0007204610951008645,36.45655504862467,36.402000427246094,36.49599838256836,34.676944732666016,1.5206666986147563,0.2589444424957037
f5b70deb-3115-40e8-8418-17ae26b4df23,34.5,11,0.0013208453410182516,34.53463571721857,34.5,34.5989990234375,31.499726902354848,2.7371818369085137,0.2977272719144821
f5b70deb-3115-40e8-8418-17ae26b4df23,30.5,10,0.0012007684918347744,30.551399993896485,30.506999969482422,30.583999633789062,29.509900093078613,0.8116000175476075,0.22989999875426292
f5b70deb-3115-40e8-8418-17ae26b4df23,21.799999237060547,21,0.002521613832853026,21.849729992094495,21.80299949645996,21.895334243774414,19.8109682173956,1.7841428347996302,0.2546190477552868
f5b70deb-3115-40e8-8418-17ae26b4df23,24.700000762939453,12,0.001440922190201729,24.74258343378703,24.707000732421875,24.791000366210938,22.56316653887431,1.9206666474541028,0.25874999941637117
f5b70deb-3115-40e8-8418-17ae26b4df23,33.29999923706055,10,0.0012007684918347744,33.3387336730957,33.303001403808594,33.37099838256836,33.031633377075195,0.09300000071525574,0.2141000024974346
f5b70deb-3115-40e8-8418-17ae26b4df23,82.9000015258789,1,0.00012007684918347742,82.94233703613281,82.94233703613281,82.94233703613281,82.87300109863281,0.0,0.06933332979679108
f5b70deb-3115-40e8-8418-17ae26b4df23,51.70000076293945,3,0.00036023054755043225,51.756221771240234,51.71366500854492,51.797000885009766,46.69522221883138,4.973999977111816,0.08699999998013179
f5b70deb-3115-40e8-8418-17ae26b4df23,16.700000762939453,17,0.002041306436119116,16.762608023250806,16.70800018310547,16.79599952697754,11.197000005665947,5.267706029555377,0.2979019621715826
f5b70deb-3115-40e8-8418-17ae26b4df23,40.599998474121094,2,0.00024015369836695484,40.60916709899902,40.60733413696289,40.611000061035156,40.36833381652832,0.0,0.2408333271741867
f5b70deb-3115-40e8-8418-17ae26b4df23,34.79999923706055,6,0.0007204610951008645,34.848777770996094,34.805999755859375,34.88966751098633,29.969722112019856,4.621666590372722,0.257388894756635
f5b70deb-3115-40e8-8418-17ae26b4df23,6.199999809265137,18,0.002161383285302594,6.245129664738973,6.203000068664551,6.2820000648498535,5.944925944010417,0.020833333333333332,0.2793703673200475
f5b70deb-3115-40e8-8418-17ae26b4df23,82.5,1,0.00012007684918347742,82.55733489990234,82.55733489990234,82.55733489990234,82.41133117675781,0.0,0.1459999978542328
f5b70deb-3115-40e8-8418-17ae26b4df23,45.599998474121094,6,0.0007204610951008645,45.662776947021484,45.64699935913086,45.69300079345703,42.95222187042236,2.508999983469645,0.20155555941164494
f5b70deb-3115-40e8-8418-17ae26b4df23,72.80000305175781,1,0.00012007684918347742,72.86900329589844,72.86900329589844,72.86900329589844,72.78133392333984,0.0,0.08766666799783707
f5b70deb-3115-40e8-8418-17ae26b4df23,45.0,3,0.00036023054755043225,45.05099868774414,45.02399826049805,45.082332611083984,44.831443786621094,0.0,0.2195555567741394
f5b70deb-3115-40e8-8418-17ae26b4df23,18.299999237060547,12,0.001440922190201729,18.353888670603435,18.301000595092773,18.3886661529541,14.289666374524435,3.7665832371761403,0.2976388856768608
f5b70deb-3115-40e8-8418-17ae26b4df23,47.5,4,0.0004803073967339097,47.55241680145264,47.520999908447266,47.573001861572266,47.27149963378906,0.09375,0.18716666474938393
f5b70deb-3115-40e8-8418-17ae26b4df23,54.099998474121094,2,0.00024015369836695484,54.13750076293945,54.108001708984375,54.16699981689453,39.4945011138916,14.27350002527237,0.369499996304512
f5b70deb-3115-40e8-8418-17ae26b4df23,15.300000190734863,13,0.0015609990393852064,15.343410345224234,15.300000190734863,15.395999908447266,14.450282096862793,0.6351538346363947,0.2579743552666444
f5b70deb-3115-40e8-8418-17ae26b4df23,33.79999923706055,6,0.0007204610951008645,33.85288937886556,33.801998138427734,33.887001037597656,33.63866678873698,0.0,0.21422222256660461
f5b70deb-3115-40e8-8418-17ae26b4df23,38.400001525878906,4,0.0004803073967339097,38.47500038146973,38.422000885009766,38.49700164794922,38.25825023651123,0.0,0.2167499978095293
f5b70deb-3115-40e8-8418-17ae26b4df23,71.0,1,0.00012007684918347742,71.09200286865234,71.09200286865234,71.09200286865234,70.99299621582031,0.0,0.0989999994635582
f5b70deb-3115-40e8-8418-17ae26b4df23,33.5,8,0.0009606147934678194,33.52708292007446,33.500999450683594,33.55400085449219,26.387666702270508,6.904374897480011,0.23504166770726442
f5b70deb-3115-40e8-8418-17ae26b4df23,47.79999923706055,1,0.00012007684918347742,47.832000732421875,47.832000732421875,47.832000732421875,45.87200164794922,1.4670000076293945,0.49300000071525574
f5b70deb-3115-40e8-8418-17ae26b4df23,61.79999923706055,2,0.00024015369836695484,61.844499588012695,61.814666748046875,61.874332427978516,61.6843318939209,0.0,0.1601666659116745
f5b70deb-3115-40e8-8418-17ae26b4df23,40.79999923706055,5,0.0006003842459173872,40.82099914550781,40.801998138427734,40.85300064086914,31.46780014038086,9.145599913597106,0.207600000500679
f5b70deb-3115-40e8-8418-17ae26b4df23,37.0,6,0.0007204610951008645,37.05138905843099,37.01100158691406,37.08399963378906,36.81366729736328,0.0,0.2377222180366516
f5b70deb-3115-40e8-8418-17ae26b4df23,46.29999923706055,3,0.00036023054755043225,46.340554555257164,46.308998107910156,46.36000061035156,42.20111083984375,3.9280001322428384,0.2114444375038147
f5b70deb-3115-40e8-8418-17ae26b4df23,32.70000076293945,3,0.00036023054755043225,32.769666035970054,32.757999420166016,32.779998779296875,32.12666702270508,0.38499999046325684,0.2580000013113022
f5b70deb-3115-40e8-8418-17ae26b4df23,60.0,1,0.00012007684918347742,60.00233459472656,60.00233459472656,60.00233459472656,59.85333251953125,0.0,0.14900000393390656
f5b70deb-3115-40e8-8418-17ae26b4df23,54.900001525878906,2,0.00024015369836695484,54.933000564575195,54.9010009765625,54.96500015258789,54.65199851989746,0.0,0.2810000032186508
f5b70deb-3115-40e8-8418-17ae26b4df23,41.29999923706055,3,0.00036023054755043225,41.34999974568685,41.340999603271484,41.35900115966797,36.88266690572103,4.131999969482422,0.33533332248528797
f5b70deb-3115-40e8-8418-17ae26b4df23,60.5,1,0.00012007684918347742,60.5260009765625,60.5260009765625,60.5260009765625,60.303001403808594,0.0,0.22300000488758087
f5b70deb-3115-40e8-8418-17ae26b4df23,41.0,3,0.00036023054755043225,41.06566619873047,41.03799819946289,41.097999572753906,35.34966595967611,5.422000249226888,0.29400000472863513
f5b70deb-3115-40e8-8418-17ae26b4df23,35.400001525878906,3,0.00036023054755043225,35.43300120035807,35.400001525878906,35.45000076293945,35.210000356038414,0.0,0.22299999992052713
f5b70deb-3115-40e8-8418-17ae26b4df23,69.0,1,0.00012007684918347742,69.07866668701172,69.07866668701172,69.07866668701172,68.96366882324219,0.0,0.11500000208616257
f5b70deb-3115-40e8-8418-17ae26b4df23,35.5,4,0.0004803073967339097,35.540916442871094,35.500999450683594,35.58599853515625,33.955249309539795,1.2637499570846558,0.3219166584312916
f5b70deb-3115-40e8-8418-17ae26b4df23,61.20000076293945,1,0.00012007684918347742,61.22100067138672,61.22100067138672,61.22100067138672,60.93333435058594,0.0,0.2876666784286499
f5b70deb-3115-40e8-8418-17ae26b4df23,84.5999984741211,1,0.00012007684918347742,84.6806640625,84.6806640625,84.6806640625,84.45333099365234,0.0,0.22733333706855774
f5b70deb-3115-40e8-8418-17ae26b4df23,52.20000076293945,1,0.00012007684918347742,52.266998291015625,52.266998291015625,52.266998291015625,52.16566848754883,0.0,0.10133333504199982
f5b70deb-3115-40e8-8418-17ae26b4df23,58.0,1,0.00012007684918347742,58.06700134277344,58.06700134277344,58.06700134277344,57.856998443603516,0.0,0.20999999344348907
f5b70deb-3115-40e8-8418-17ae26b4df23,16.200000762939453,19,0.002281460134486071,16.239122993067692,16.201000213623047,16.29133415222168,15.990368441531533,0.0,0.24875438683911374
f5b70deb-3115-40e8-8418-17ae26b4df23,24.399999618530273,14,0.0016810758885686839,24.457833290100098,24.40999984741211,24.493000030517578,23.864166532244003,0.36107141630990164,0.2325952404311725
f5b70deb-3115-40e8-8418-17ae26b4df23,87.69999694824219,1,0.00012007684918347742,87.75466918945312,87.75466918945312,87.75466918945312,87.52733612060547,0.0,0.22733333706855774
f5b70deb-3115-40e8-8418-17ae26b4df23,19.399999618530273,12,0.001440922190201729,19.449027856190998,19.413999557495117,19.499000549316406,17.847166697184246,1.3104166686534882,0.2914444425453742
f5b70deb-3115-40e8-8418-17ae26b4df23,22.399999618530273,17,0.002041306436119116,22.445333144244024,22.400999069213867,22.493000030517578,21.152215564952176,0.9864705660763908,0.30664705528932457
f5b70deb-3115-40e8-8418-17ae26b4df23,3.0,24,0.002881844380403458,3.0410694579283395,3.005000114440918,3.0940001010894775,2.7712916980187097,0.05062500139077505,0.21915277807662883
f5b70deb-3115-40e8-8418-17ae26b4df23,26.299999237060547,14,0.0016810758885686839,26.34616674695696,26.299999237060547,26.38800048828125,24.516523701804026,1.605928557259696,0.2237142867275647
f5b70deb-3115-40e8-8418-17ae26b4df23,31.5,11,0.0013208453410182516,31.544666463678535,31.507999420166016,31.59600067138672,28.692575801502574,2.551090890711004,0.30099999836900015
f5b70deb-3115-40e8-8418-17ae26b4df23,6.699999809265137,24,0.002881844380403458,6.750902732213338,6.705999851226807,6.798999786376953,5.940874968965848,0.5504999955495199,0.2595277779425184
f5b70deb-3115-40e8-8418-17ae26b4df23,14.899999618530273,20,0.0024015369836695487,14.944849967956543,14.901000022888184,14.99899959564209,12.872016716003419,1.8127999976277351,0.2600333346053958
f5b70deb-3115-40e8-8418-17ae26b4df23,29.399999618530273,9,0.001080691642651297,29.44774097866482,29.399999618530273,29.492000579833984,26.106333202785915,3.04877777894338,0.292629631029235
f5b70deb-3115-40e8-8418-17ae26b4df23,10.0,27,0.0032420749279538905,10.044123402348271,10.001667022705078,10.092000007629395,9.497086383678296,0.25722223078763046,0.2898148143732989
f5b70deb-3115-40e8-8418-17ae26b4df23,45.900001525878906,4,0.0004803073967339097,45.96683406829834,45.95333480834961,45.974998474121094,45.80491638183594,0.0,0.16191667318344116
f5b70deb-3115-40e8-8418-17ae26b4df23,24.799999237060547,15,0.0018011527377521613,24.849977747599283,24.799999237060547,24.895666122436523,23.60082219441732,0.9920000076293946,0.2571555569767952
f5b70deb-3115-40e8-8418-17ae26b4df23,25.700000762939453,16,0.0019212295869356388,25.75289559364319,25.709999084472656,25.798999786376953,24.642541646957397,0.9024999737739563,0.20785416569560766
f5b70deb-3115-40e8-8418-17ae26b4df23,25.100000381469727,19,0.002281460134486071,25.149368486906354,25.110000610351562,25.195999145507812,24.783964960198652,0.0820000003042974,0.2834035087572901
f5b70deb-3115-40e8-8418-17ae26b4df23,4.199999809265137,36,0.004322766570605188,4.251083334287007,4.203000068664551,4.297999858856201,3.892861094739702,0.133583332101504,0.22463888809498814
f5b70deb-3115-40e8-8418-17ae26b4df23,23.0,15,0.0018011527377521613,23.046266682942708,23.006000518798828,23.09833335876465,19.962422180175782,2.833066648741563,0.25077777579426763
f5b70deb-3115-40e8-8418-17ae26b4df23,29.200000762939453,16,0.0019212295869356388,29.256895780563354,29.208999633789062,29.29599952697754,27.02860414981842,1.9463749378919601,0.2819166691042483
f5b70deb-3115-40e8-8418-17ae26b4df23,31.399999618530273,13,0.0015609990393852064,31.445666826688328,31.40399932861328,31.499000549316406,28.487025554363544,2.7475384198702297,0.21110256102222663
f5b70deb-3115-40e8-8418-17ae26b4df23,54.70000076293945,2,0.00024015369836695484,54.7896671295166,54.78233337402344,54.797000885009766,54.49250030517578,0.0,0.2971666678786278
f5b70deb-3115-40e8-8418-17ae26b4df23,47.400001525878906,4,0.0004803073967339097,47.44958305358887,47.42399978637695,47.4739990234375,43.884334564208984,3.309249982237816,0.2559999991208315
f5b70deb-3115-40e8-8418-17ae26b4df23,13.800000190734863,25,0.0030019212295869357,13.84185333251953,13.800999641418457,13.87600040435791,13.053960056304932,0.5122400140762329,0.2756533333659172
f5b70deb-3115-40e8-8418-17ae26b4df23,6.0,20,0.0024015369836695487,6.047500014305115,6.005000114440918,6.083000183105469,4.8933500289917,0.855399989336729,0.2987500004470348
f5b70deb-3115-40e8-8418-17ae26b4df23,52.29999923706055,2,0.00024015369836695484,52.379499435424805,52.37799835205078,52.38100051879883,51.8754997253418,0.0,0.5039999932050705
f5b70deb-3115-40e8-8418-17ae26b4df23,25.5,7,0.0008405379442843419,25.5454284123012,25.518999099731445,25.590999603271484,21.29538086482457,4.007143020629883,0.24290476313659123
f5b70deb-3115-40e8-8418-17ae26b4df23,10.5,27,0.0032420749279538905,10.559617219147858,10.508999824523926,10.597999572753906,10.087592478151675,0.22733333706855774,0.24469135812035314
f5b70deb-3115-40e8-8418-17ae26b4df23,21.399999618530273,18,0.002161383285302594,21.45274066925049,21.400333404541016,21.490999221801758,20.377814716762966,0.7611666619777679,0.31375925843086505
f5b70deb-3115-40e8-8418-17ae26b4df23,15.600000381469727,23,0.002761767531219981,15.644637729810631,15.605999946594238,15.689000129699707,13.831260880698329,1.5279999916320262,0.2853768085655959
f5b70deb-3115-40e8-8418-17ae26b4df23,15.199999809265137,24,0.002881844380403458,15.254402796427408,15.20199966430664,15.293999671936035,14.993861118952433,0.0,0.2605416662991047
f5b70deb-3115-40e8-8418-17ae26b4df23,19.0,14,0.0016810758885686839,19.050261633736746,19.007999420166016,19.099000930786133,17.361118980816432,1.4155000490801675,0.27364284944321426
f5b70deb-3115-40e8-8418-17ae26b4df23,20.200000762939453,21,0.002521613832853026,20.23952375139509,20.202999114990234,20.29199981689453,19.209650607336137,0.7639523602667309,0.2659206361997695
f5b70deb-3115-40e8-8418-17ae26b4df23,24.100000381469727,15,0.0018011527377521613,24.15380007425944,24.110000610351562,24.19499969482422,21.97944450378418,1.9175333340962728,0.25682222296794255
f5b70deb-3115-40e8-8418-17ae26b4df23,1.399999976158142,37,0.004442843419788665,1.45799098788081,1.402999997138977,1.4989999532699585,1.1678108250772632,0.0691081068000278,0.22107207171014837
f5b70deb-3115-40e8-8418-17ae26b4df23,39.0,3,0.00036023054755043225,39.05233256022135,39.00899887084961,39.0890007019043,31.72077814737956,6.900333245595296,0.43122222026189166
f5b70deb-3115-40e8-8418-17ae26b4df23,5.300000190734863,12,0.001440922190201729,5.3547500769297285,5.306000232696533,5.39300012588501,4.970972180366516,0.11908333500226338,0.2646944485604763
f5b70deb-3115-40e8-8418-17ae26b4df23,11.399999618530273,26,0.003121998078770413,11.453756369077242,11.404999732971191,11.491000175476074,11.131602507371168,0.04326923076923077,0.2788846166088031
f5b70deb-3115-40e8-8418-17ae26b4df23,17.399999618530273,17,0.002041306436119116,17.452588137458353,17.402666091918945,17.496999740600586,16.500215698690976,0.6922353085349587,0.2601372509756509
f5b70deb-3115-40e8-8418-17ae26b4df23,17.200000762939453,19,0.002281460134486071,17.25831583926552,17.207000732421875,17.297000885009766,15.656859636306763,1.3119999797720658,0.2894561388774922
f5b70deb-3115-40e8-8418-17ae26b4df23,28.899999618530273,9,0.001080691642651297,28.952185524834526,28.916000366210938,28.992000579833984,24.899777836269802,3.786666658189562,0.2657407373189926
f5b70deb-3115-40e8-8418-17ae26b4df23,19.299999237060547,23,0.002761767531219981,19.353536274122156,19.31399917602539,19.388999938964844,17.981260869814,1.1156087129012398,0.25666666792138765
f5b70deb-3115-40e8-8418-17ae26b4df23,26.600000381469727,16,0.0019212295869356388,26.65293776988983,26.604999542236328,26.694000244140625,21.544687509536743,4.869250066578388,0.23899999586865306
f5b70deb-3115-40e8-8418-17ae26b4df23,27.399999618530273,16,0.0019212295869356388,27.451958417892456,27.4060001373291,27.483667373657227,24.812395870685577,2.3613749742507935,0.2781874993816018
f5b70deb-3115-40e8-8418-17ae26b4df23,30.200000762939453,7,0.0008405379442843419,30.23071425301688,30.201000213623047,30.29400062561035,29.801856994628906,0.18499999386923655,0.24385714743818557
f5b70deb-3115-40e8-8418-17ae26b4df23,81.30000305175781,1,0.00012007684918347742,81.34432983398438,81.34432983398438,81.34432983398438,81.19833374023438,0.0,0.1459999978542328
f5b70deb-3115-40e8-8418-17ae26b4df23,55.70000076293945,1,0.00012007684918347742,55.733001708984375,55.733001708984375,55.733001708984375,42.84000015258789,12.395999908447266,0.4970000088214874
f5b70deb-3115-40e8-8418-17ae26b4df23,50.70000076293945,2,0.00024015369836695484,50.78316688537598,50.78233337402344,50.784000396728516,50.5711669921875,0.0,0.21200000494718552
f5b70deb-3115-40e8-8418-17ae26b4df23,62.099998474121094,2,0.00024015369836695484,62.11466598510742,62.11199951171875,62.117332458496094,57.917667388916016,3.9679999351501465,0.22899999469518661
f5b70deb-3115-40e8-8418-17ae26b4df23,47.599998474121094,4,0.0004803073967339097,47.66291618347168,47.62366485595703,47.68899917602539,43.49716758728027,4.008750021457672,0.1569999996572733
f5b70deb-3115-40e8-8418-17ae26b4df23,37.099998474121094,4,0.0004803073967339097,37.16299915313721,37.14899826049805,37.1870002746582,31.879250049591064,5.046749830245972,0.2369999997317791
f5b70deb-3115-40e8-8418-17ae26b4df23,21.899999618530273,18,0.002161383285302594,21.930074161953396,21.902000427246094,21.982999801635742,20.539333396487766,1.0880555274585884,0.3026851862668991
f5b70deb-3115-40e8-8418-17ae26b4df23,8.899999618530273,25,0.0030019212295869357,8.960493431091308,8.904000282287598,8.999666213989258,8.663226642608642,0.04264000058174133,0.25462666794657707
f5b70deb-3115-40e8-8418-17ae26b4df23,27.799999237060547,9,0.001080691642651297,27.85900010002984,27.808000564575195,27.895999908447266,23.373444716135662,4.136333253648546,0.34922222627533805
f5b70deb-3115-40e8-8418-17ae26b4df23,53.29999923706055,1,0.00012007684918347742,53.3849983215332,53.3849983215332,53.3849983215332,53.228668212890625,0.0,0.156333327293396
f5b70deb-3115-40e8-8418-17ae26b4df23,60.099998474121094,1,0.00012007684918347742,60.15299987792969,60.15299987792969,60.15299987792969,43.42599868774414,16.538000106811523,0.1889999955892563
f5b70deb-3115-40e8-8418-17ae26b4df23,66.30000305175781,1,0.00012007684918347742,66.35099792480469,66.35099792480469,66.35099792480469,58.14400100708008,7.935999870300293,0.2709999978542328
f5b70deb-3115-40e8-8418-17ae26b4df23,82.5999984741211,1,0.00012007684918347742,82.69000244140625,82.69000244140625,82.69000244140625,82.59833526611328,0.0,0.09166666865348816
f5b70deb-3115-40e8-8418-17ae26b4df23,40.20000076293945,5,0.0006003842459173872,40.23400039672852,40.20100021362305,40.2859992980957,37.56360015869141,2.4797999262809753,0.19060000032186508
f5b70deb-3115-40e8-8418-17ae26b4df23,37.599998474121094,2,0.00024015369836695484,37.62150001525879,37.60499954223633,37.63800048828125,37.42633247375488,0.0,0.1951666623353958
f5b70deb-3115-40e8-8418-17ae26b4df23,44.099998474121094,3,0.00036023054755043225,44.13088862101237,44.099998474121094,44.160667419433594,36.03222211201986,7.847333272298177,0.2513333310683568
f5b70deb-3115-40e8-8418-17ae26b4df23,7.199999809265137,16,0.0019212295869356388,7.254729151725769,7.205999851226807,7.297999858856201,6.970229208469391,0.0,0.2844999977387488
f5b70deb-3115-40e8-8418-17ae26b4df23,42.5,5,0.0006003842459173872,42.56540069580078,42.53900146484375,42.59700012207031,38.24453353881836,4.037399864196777,0.28346666097640993
f5b70deb-3115-40e8-8418-17ae26b4df23,51.0,1,0.00012007684918347742,51.077999114990234,51.077999114990234,51.077999114990234,39.415000915527344,11.557999610900879,0.10499999672174454
f5b70deb-3115-40e8-8418-17ae26b4df23,33.599998474121094,6,0.0007204610951008645,33.664110819498696,33.612667083740234,33.696998596191406,30.795166969299316,2.600499987602234,0.26844444622596103
f5b70deb-3115-40e8-8418-17ae26b4df23,88.0999984741211,1,0.00012007684918347742,88.11466979980469,88.11466979980469,88.11466979980469,87.8270034790039,0.0,0.2876666784286499
f5b70deb-3115-40e8-8418-17ae26b4df23,29.600000381469727,8,0.0009606147934678194,29.643999814987183,29.601999282836914,29.68199920654297,25.639166474342346,3.7359999660402536,0.2688333345577121
f5b70deb-3115-40e8-8418-17ae26b4df23,57.79999923706055,1,0.00012007684918347742,57.856998443603516,57.856998443603516,57.856998443603516,57.621334075927734,0.0,0.2356666624546051
f5b70deb-3115-40e8-8418-17ae26b4df23,59.70000076293945,3,0.00036023054755043225,59.76166661580404,59.74766540527344,59.78733444213867,54.506109873453774,5.1113332112630205,0.14422222102681795
f5b70deb-3115-40e8-8418-17ae26b4df23,35.900001525878906,8,0.0009606147934678194,35.95658349990845,35.935001373291016,35.98899841308594,30.569374799728394,5.120874986052513,0.2663333360105753
f5b70deb-3115-40e8-8418-17ae26b4df23,40.900001525878906,2,0.00024015369836695484,40.95966720581055,40.944000244140625,40.97533416748047,38.205665588378906,2.5274999141693115,0.2264999970793724
f5b70deb-3115-40e8-8418-17ae26b4df23,31.100000381469727,6,0.0007204610951008645,31.15511131286621,31.10300064086914,31.197999954223633,28.820722262064617,2.065999984741211,0.26838889221350354
f5b70deb-3115-40e8-8418-17ae26b4df23,40.5,4,0.0004803073967339097,40.535250663757324,40.51100158691406,40.59400177001953,38.31575012207031,2.0290000438690186,0.19049999490380287
f5b70deb-3115-40e8-8418-17ae26b4df23,49.400001525878906,1,0.00012007684918347742,49.448001861572266,49.448001861572266,49.448001861572266,48.95500183105469,0.0,0.49300000071525574
f5b70deb-3115-40e8-8418-17ae26b4df23,33.70000076293945,4,0.0004803073967339097,33.747833251953125,33.70199966430664,33.77899932861328,33.60441589355469,0.0,0.14341666549444199
f5b70deb-3115-40e8-8418-17ae26b4df23,51.79999923706055,3,0.00036023054755043225,51.87744394938151,51.86899948120117,51.88833236694336,49.03799947102865,2.6453332901000977,0.19411111374696097
f5b70deb-3115-40e8-8418-17ae26b4df23,77.69999694824219,2,0.00024015369836695484,77.74966812133789,77.72733306884766,77.77200317382812,77.62083435058594,0.0,0.1288333311676979
f5b70deb-3115-40e8-8418-17ae26b4df23,51.400001525878906,1,0.00012007684918347742,51.47800064086914,51.47800064086914,51.47800064086914,51.242332458496094,0.0,0.2356666624546051
f5b70deb-3115-40e8-8418-17ae26b4df23,39.29999923706055,1,0.00012007684918347742,39.37533187866211,39.37533187866211,39.37533187866211,39.16533279418945,0.0,0.20999999344348907
f5b70deb-3115-40e8-8418-17ae26b4df23,62.599998474121094,1,0.00012007684918347742,62.654666900634766,62.654666900634766,62.654666900634766,62.56133270263672,0.0,0.09333333373069763
f5b70deb-3115-40e8-8418-17ae26b4df23,62.900001525878906,1,0.00012007684918347742,62.972999572753906,62.972999572753906,62.972999572753906,62.69300079345703,0.0,0.2800000011920929
f5b70deb-3115-40e8-8418-17ae26b4df23,55.5,1,0.00012007684918347742,55.59033203125,55.59033203125,55.59033203125,55.4803352355957,0.0,0.10999999940395355
f5b70deb-3115-40e8-8418-17ae26b4df23,29.5,7,0.0008405379442843419,29.533666610717773,29.506000518798828,29.57200050354004,27.65100043160575,1.6834286281040736,0.19923808904630796
f5b70deb-3115-40e8-8418-17ae26b4df23,25.299999237060547,12,0.001440922190201729,25.350416660308838,25.30500030517578,25.39900016784668,23.904194672902424,1.2510000268618267,0.19522222193578878
f5b70deb-3115-40e8-8418-17ae26b4df23,43.70000076293945,5,0.0006003842459173872,43.712067413330075,43.70199966430664,43.724334716796875,43.399400329589845,0.0,0.31266666650772096
f5b70deb-3115-40e8-8418-17ae26b4df23,13.5,28,0.0033621517771373678,13.536392893110003,13.503999710083008,13.581999778747559,12.555857147489276,0.7571428474038839,0.22339285630732775
f5b70deb-3115-40e8-8418-17ae26b4df23,12.800000190734863,22,0.002641690682036503,12.846227429129861,12.800000190734863,12.88700008392334,12.527045379985463,0.052499998699535026,0.26668181507424876
f5b70deb-3115-40e8-8418-17ae26b4df23,0.30000001192092896,139,0.01669068203650336,0.3535227816310718,0.3070000112056732,0.39100000262260437,0.020256594841857607,0.0011366906461955832,0.3321294963574238
f5b70deb-3115-40e8-8418-17ae26b4df23,17.899999618530273,19,0.002281460134486071,17.945736634103877,17.902000427246094,17.98699951171875,16.187719445479544,1.5191578927793001,0.23885965229649292
f5b70deb-3115-40e8-8418-17ae26b4df23,21.299999237060547,15,0.0018011527377521613,21.352400080362955,21.308000564575195,21.38800048828125,19.400266647338867,1.6402666807174682,0.31186666737000146
f5b70deb-3115-40e8-8418-17ae26b4df23,4.599999904632568,39,0.004682997118155619,4.653461566338172,4.60099983215332,4.698999881744385,4.301641030189319,0.06984615325927734,0.28197435891399014
f5b70deb-3115-40e8-8418-17ae26b4df23,4.5,33,0.003962536023054755,4.5479191866788,4.504000186920166,4.598999977111816,4.249363603013935,0.07018181704210513,0.22837373704621286
f5b70deb-3115-40e8-8418-17ae26b4df23,26.399999618530273,10,0.0012007684918347744,26.458999824523925,26.413000106811523,26.493000030517578,26.059200286865234,0.12949999570846557,0.27030000165104867
f5b70deb-3115-40e8-8418-17ae26b4df23,23.600000381469727,16,0.0019212295869356388,23.655645966529846,23.60099983215332,23.698999404907227,20.240374743938446,3.1955625414848328,0.21970833092927933
f5b70deb-3115-40e8-8418-17ae26b4df23,29.899999618530273,8,0.0009606147934678194,29.948124885559082,29.899999618530273,29.989999771118164,27.60462498664856,2.0747499987483025,0.2687500035390258
f5b70deb-3115-40e8-8418-17ae26b4df23,6.099999904632568,28,0.0033621517771373678,6.15024995803833,6.099999904632568,6.197000026702881,5.512178582804544,0.39660714140960146,0.2414642870426178
f5b70deb-3115-40e8-8418-17ae26b4df23,16.600000381469727,19,0.002281460134486071,16.65549137717799,16.60300064086914,16.698333740234375,15.706192995372572,0.6971579131327177,0.25214035299263504
f5b70deb-3115-40e8-8418-17ae26b4df23,19.799999237060547,18,0.002161383285302594,19.85698127746582,19.80900001525879,19.896333694458008,17.75409248140123,1.8310555219650269,0.27183333618773353
f5b70deb-3115-40e8-8418-17ae26b4df23,2.799999952316284,37,0.004442843419788665,2.8505315200702563,2.806999921798706,2.8989999294281006,2.557882888897045,0.010135135135135136,0.28251351234880656
f5b70deb-3115-40e8-8418-17ae26b4df23,37.400001525878906,6,0.0007204610951008645,37.44438870747884,37.40399932861328,37.499000549316406,37.094277699788414,0.1550000011920929,0.1951111095647017
f5b70deb-3115-40e8-8418-17ae26b4df23,15.800000190734863,26,0.003121998078770413,15.848166649158184,15.807999610900879,15.89799976348877,14.258538402043856,1.343846151461968,0.24578205309808254
f5b70deb-3115-40e8-8418-17ae26b4df23,43.0,3,0.00036023054755043225,43.05133310953776,43.00299835205078,43.090999603271484,39.465667724609375,3.248333359758059,0.3373333265384038
f5b70deb-3115-40e8-8418-17ae26b4df23,3.0999999046325684,18,0.002161383285302594,3.1474444336361356,3.0999999046325684,3.197000026702881,2.8873148494296603,0.0,0.26012962953084046
f5b70deb-3115-40e8-8418-17ae26b4df23,36.0,7,0.0008405379442843419,36.04895237513951,36.02199935913086,36.08399963378906,33.68123844691685,2.0781428473336354,0.2895714268088341
f5b70deb-3115-40e8-8418-17ae26b4df23,10.300000190734863,13,0.0015609990393852064,10.345640989450308,10.317000389099121,10.397000312805176,9.289256499363827,0.7916153761056753,0.2647692349094611
f5b70deb-3115-40e8-8418-17ae26b4df23,12.300000190734863,24,0.002881844380403458,12.335499882698059,12.302332878112793,12.37399959564209,11.69420830408732,0.3369583263993263,0.3043333360304435
f5b70deb-3115-40e8-8418-17ae26b4df23,2.200000047683716,41,0.004923150816522575,2.256227638663315,2.2019999027252197,2.2983334064483643,1.956788603852435,0.06390244004929937,0.23553658612981077
f5b70deb-3115-40e8-8418-17ae26b4df23,26.5,16,0.0019212295869356388,26.54127073287964,26.5,26.59833335876465,24.08462482690811,2.2401874847710133,0.21645833551883698
f5b70deb-3115-40e8-8418-17ae26b4df23,5.400000095367432,20,0.0024015369836695487,5.447166633605957,5.4120001792907715,5.498000144958496,5.143633306026459,0.07560000084340572,0.22793333418667316
f5b70deb-3115-40e8-8418-17ae26b4df23,7.099999904632568,30,0.0036023054755043226,7.139499950408935,7.107999801635742,7.197999954223633,6.536477796236674,0.2973666707674662,0.30565555244684217
f5b70deb-3115-40e8-8418-17ae26b4df23,31.299999237060547,9,0.001080691642651297,31.34996287027995,31.30699920654297,31.385665893554688,28.05040719774034,3.098111006948683,0.20144444662663671
f5b70deb-3115-40e8-8418-17ae26b4df23,64.19999694824219,2,0.00024015369836695484,64.23783111572266,64.21966552734375,64.25599670410156,63.87733268737793,0.0,0.3604999855160713
f5b70deb-3115-40e8-8418-17ae26b4df23,9.800000190734863,21,0.002521613832853026,9.841872987293062,9.805999755859375,9.892000198364258,9.419206392197381,0.20504763012840635,0.21761904710105487
f5b70deb-3115-40e8-8418-17ae26b4df23,23.899999618530273,19,0.002281460134486071,23.94580700522975,23.899999618530273,23.993000030517578,22.119736922414678,1.5308947563171387,0.2951754362959611
f5b70deb-3115-40e8-8418-17ae26b4df23,1.0,33,0.003962536023054755,1.0512525312828296,1.00600004196167,1.097000002861023,0.8022525238268303,0.04857575712781964,0.20042424276471138
f5b70deb-3115-40e8-8418-17ae26b4df23,30.399999618530273,11,0.0013208453410182516,30.446272763338957,30.40399932861328,30.493999481201172,29.43012116172097,0.7874545184048739,0.22869696840643883
f5b70deb-3115-40e8-8418-17ae26b4df23,6.400000095367432,25,0.0030019212295869357,6.44454662322998,6.404333114624023,6.49399995803833,6.13917329788208,0.0033199998736381533,0.30205333441495896
f5b70deb-3115-40e8-8418-17ae26b4df23,11.600000381469727,34,0.004082612872238232,11.652754811679616,11.602999687194824,11.699000358581543,11.380735397338867,0.029794117764515037,0.2422254894147901
f5b70deb-3115-40e8-8418-17ae26b4df23,24.5,21,0.002521613832853026,24.557730084373837,24.503000259399414,24.599000930786133,23.462015787760418,0.7767142681848436,0.3189999991584392
f5b70deb-3115-40e8-8418-17ae26b4df23,17.0,20,0.0024015369836695487,17.04781675338745,17.00200080871582,17.097333908081055,16.777783489227296,0.0778999999165535,0.1921333320438862
f5b70deb-3115-40e8-8418-17ae26b4df23,3.5,18,0.002161383285302594,3.5446851915783353,3.500999927520752,3.5840001106262207,3.312037057346768,0.046722223361333214,0.1859259249435531
f5b70deb-3115-40e8-8418-17ae26b4df23,32.79999923706055,7,0.0008405379442843419,32.86857169015067,32.8489990234375,32.89799880981445,32.51342855181013,0.09614285400935582,0.25900000653096605
f5b70deb-3115-40e8-8418-17ae26b4df23,21.5,15,0.0018011527377521613,21.553466796875,21.503000259399414,21.597000122070312,20.315822219848634,0.9958000262578328,0.24184444546699524
f5b70deb-3115-40e8-8418-17ae26b4df23,41.20000076293945,3,0.00036023054755043225,41.22366714477539,41.20500183105469,41.23400115966797,38.25933329264323,2.6453332901000977,0.3190000057220459
f5b70deb-3115-40e8-8418-17ae26b4df23,23.299999237060547,9,0.001080691642651297,23.345481660630966,23.30900001525879,23.39900016784668,23.056148105197483,0.009222221871217092,0.2801111125283771
f5b70deb-3115-40e8-8418-17ae26b4df23,67.5,1,0.00012007684918347742,67.58599853515625,67.58599853515625,67.58599853515625,67.53399658203125,0.0,0.052000001072883606
f5b70deb-3115-40e8-8418-17ae26b4df23,31.700000762939453,5,0.0006003842459173872,31.73666648864746,31.702999114990234,31.788999557495117,28.36973304748535,3.029000091552734,0.33793333172798157
f5b70deb-3115-40e8-8418-17ae26b4df23,53.20000076293945,1,0.00012007684918347742,53.22700119018555,53.22700119018555,53.22700119018555,52.917999267578125,0.0,0.3089999854564667
f5b70deb-3115-40e8-8418-17ae26b4df23,37.79999923706055,3,0.00036023054755043225,37.84611129760742,37.840999603271484,37.85300064086914,33.84033330281576,3.8416665395100913,0.16411111255486807
f5b70deb-3115-40e8-8418-17ae26b4df23,28.600000381469727,10,0.0012007684918347744,28.662233352661133,28.625,28.68833351135254,27.785566520690917,0.6986000061035156,0.17806666791439058
f5b70deb-3115-40e8-8418-17ae26b4df23,38.5,1,0.00012007684918347742,38.571998596191406,38.571998596191406,38.571998596191406,38.20000076293945,0.0,0.3720000088214874
f5b70deb-3115-40e8-8418-17ae26b4df23,48.099998474121094,2,0.00024015369836695484,48.18133354187012,48.17266845703125,48.189998626708984,44.01883316040039,3.9679999351501465,0.19450000673532486
f5b70deb-3115-40e8-8418-17ae26b4df23,48.79999923706055,5,0.0006003842459173872,48.851200103759766,48.80366516113281,48.880332946777344,43.09753265380859,5.490000152587891,0.2636666625738144
f5b70deb-3115-40e8-8418-17ae26b4df23,8.199999809265137,22,0.002641690682036503,8.233803012154318,8.199999809265137,8.298999786376953,7.20918176390908,0.721454533663663,0.30316666581413965
f5b70deb-3115-40e8-8418-17ae26b4df23,72.5999984741211,1,0.00012007684918347742,72.64866638183594,72.64866638183594,72.64866638183594,72.51366424560547,0.0,0.13500000536441803
f5b70deb-3115-40e8-8418-17ae26b4df23,53.5,1,0.00012007684918347742,53.54166793823242,53.54166793823242,53.54166793823242,53.44033432006836,0.0,0.10133333504199982
f5b70deb-3115-40e8-8418-17ae26b4df23,77.30000305175781,1,0.00012007684918347742,77.38833618164062,77.38833618164062,77.38833618164062,77.19366455078125,0.0,0.19466666877269745
f5b70deb-3115-40e8-8418-17ae26b4df23,18.399999618530273,9,0.001080691642651297,18.439518398708767,18.40999984741211,18.489334106445312,15.111629631784227,3.0405556360880532,0.28733332951863605
f5b70deb-3115-40e8-8418-17ae26b4df23,58.29999923706055,2,0.00024015369836695484,58.34950065612793,58.3380012512207,58.361000061035156,51.90350151062012,6.197999954223633,0.24799999967217445
f5b70deb-3115-40e8-8418-17ae26b4df23,31.899999618530273,4,0.0004803073967339097,31.94350004196167,31.92799949645996,31.972000122070312,31.68274974822998,0.0,0.2607500031590462
f5b70deb-3115-40e8-8418-17ae26b4df23,46.79999923706055,2,0.00024015369836695484,46.8804988861084,46.87099838256836,46.88999938964844,46.02949905395508,0.5040000081062317,0.34700000286102295
f5b70deb-3115-40e8-8418-17ae26b4df23,38.599998474121094,2,0.00024015369836695484,38.64916801452637,38.647335052490234,38.6510009765625,34.94333362579346,3.5380001068115234,0.16783333383500576
f5b70deb-3115-40e8-8418-17ae26b4df23,65.0,3,0.00036023054755043225,65.03366597493489,65.0009994506836,65.09400177001953,64.79100036621094,0.0,0.2426666667064031
f5b70deb-3115-40e8-8418-17ae26b4df23,49.20000076293945,2,0.00024015369836695484,49.236000061035156,49.20899963378906,49.26300048828125,48.957000732421875,0.0,0.27900001406669617
f5b70deb-3115-40e8-8418-17ae26b4df23,49.099998474121094,1,0.00012007684918347742,49.1696662902832,49.1696662902832,49.1696662902832,48.95966720581055,0.0,0.20999999344348907
f5b70deb-3115-40e8-8418-17ae26b4df23,54.29999923706055,1,0.00012007684918347742,54.38199996948242,54.38199996948242,54.38199996948242,54.24966812133789,0.0,0.13233333826065063
f5b70deb-3115-40e8-8418-17ae26b4df23,42.599998474121094,3,0.00036023054755043225,42.64322153727213,42.611000061035156,42.663665771484375,42.43377812703451,0.0,0.20944444835186005
f5b70deb-3115-40e8-8418-17ae26b4df23,61.400001525878906,1,0.00012007684918347742,61.41233444213867,61.41233444213867,61.41233444213867,61.141666412353516,0.0,0.2706666588783264
f5b70deb-3115-40e8-8418-17ae26b4df23,52.79999923706055,2,0.00024015369836695484,52.819000244140625,52.814998626708984,52.823001861572266,52.521833419799805,0.0,0.2971666678786278
f5b70deb-3115-40e8-8418-17ae26b4df23,44.0,2,0.00024015369836695484,44.061166763305664,44.05500030517578,44.06733322143555,43.956167221069336,0.0,0.10499999672174454
f5b70deb-3115-40e8-8418-17ae26b4df23,48.5,2,0.00024015369836695484,48.57550048828125,48.560001373291016,48.590999603271484,40.94900131225586,7.440000057220459,0.18649999797344208
f5b70deb-3115-40e8-8418-17ae26b4df23,72.69999694824219,1,0.00012007684918347742,72.78466796875,72.78466796875,72.78466796875,72.69733428955078,0.0,0.08733333647251129
f5b70deb-3115-40e8-8418-17ae26b4df23,36.20000076293945,7,0.0008405379442843419,36.24509484427316,36.21799850463867,36.28933334350586,34.37699917384556,1.6834286281040736,0.1846666687301227
f5b70deb-3115-40e8-8418-17ae26b4df23,9.399999618530273,30,0.0036023054755043226,9.44225549697876,9.401000022888184,9.49899959564209,8.934200016657512,0.23119999965031943,0.2768555534382661
f5b70deb-3115-40e8-8418-17ae26b4df23,83.0999984741211,1,0.00012007684918347742,83.16899871826172,83.16899871826172,83.16899871826172,75.01599884033203,7.952000141143799,0.20100000500679016
f5b70deb-3115-40e8-8418-17ae26b4df23,22.200000762939453,18,0.002161383285302594,22.242037031385635,22.200000762939453,22.290000915527344,21.288907210032146,0.7114444639947679,0.24168518351183998
f5b70deb-3115-40e8-8418-17ae26b4df23,36.900001525878906,8,0.0009606147934678194,36.94587469100952,36.902000427246094,36.977664947509766,36.76258325576782,0.0,0.18329166434705257
f5b70deb-3115-40e8-8418-17ae26b4df23,1.5,38,0.004562920268972142,1.5422543851952804,1.5,1.5989999771118164,1.1250438690185547,0.16031578849805028,0.2568947344430183
f5b70deb-3115-40e8-8418-17ae26b4df23,3.200000047683716,23,0.002761767531219981,3.2502173755479897,3.2019999027252197,3.2939999103546143,2.874869569488194,0.09860869237910146,0.2767391314973002
f5b70deb-3115-40e8-8418-17ae26b4df23,32.20000076293945,12,0.001440922190201729,32.251861254374184,32.20500183105469,32.29399871826172,31.894166946411133,0.10791666309038798,0.24977777867267528
f5b70deb-3115-40e8-8418-17ae26b4df23,26.799999237060547,11,0.0013208453410182516,26.851848602294922,26.80933380126953,26.895999908447266,26.45281809026545,0.1521818204359575,0.24684849042784085
f5b70deb-3115-40e8-8418-17ae26b4df23,12.100000381469727,28,0.0033621517771373678,12.144476175308228,12.10099983215332,12.196999549865723,11.002249956130981,0.8645714577287436,0.27765475985194954
f5b70deb-3115-40e8-8418-17ae26b4df23,12.899999618530273,28,0.0033621517771373678,12.957499980926514,12.90666675567627,12.99899959564209,11.765083270413536,0.9640000004853521,0.22841666625546558
f5b70deb-3115-40e8-8418-17ae26b4df23,9.199999809265137,20,0.0024015369836695487,9.262033319473266,9.20300006866455,9.295000076293945,9.04486665725708,0.003750000149011612,0.21341666653752328
f5b70deb-3115-40e8-8418-17ae26b4df23,14.399999618530273,21,0.002521613832853026,14.452174686250233,14.401000022888184,14.494999885559082,12.611269808950878,1.5859047855649675,0.25499999842473436
f5b70deb-3115-40e8-8418-17ae26b4df23,5.800000190734863,27,0.0032420749279538905,5.852691350159822,5.803333282470703,5.89900016784668,5.618172857496473,0.0,0.23451852039606483
f5b70deb-3115-40e8-8418-17ae26b4df23,19.200000762939453,21,0.002521613832853026,19.243396759033203,19.20400047302246,19.29400062561035,18.302952584766206,0.726428576878139,0.21401587376991907
f5b70deb-3115-40e8-8418-17ae26b4df23,23.399999618530273,12,0.001440922190201729,23.449083010355633,23.402000427246094,23.490999221801758,22.189305702845257,1.004666676123937,0.2551111162950595
f5b70deb-3115-40e8-8418-17ae26b4df23,4.400000095367432,30,0.0036023054755043226,4.448466650644938,4.40500020980835,4.498000144958496,4.091111087799073,0.14656667436162632,0.2107888891051213
f5b70deb-3115-40e8-8418-17ae26b4df23,11.699999809265137,35,0.00420268972142171,11.744628633771624,11.701000213623047,11.798333168029785,10.249742875780377,1.2163999727794101,0.2784857142184462
f5b70deb-3115-40e8-8418-17ae26b4df23,22.700000762939453,15,0.0018011527377521613,22.74946657816569,22.701000213623047,22.798999786376953,22.534777704874674,0.0,0.2146888884405295
f5b70deb-3115-40e8-8418-17ae26b4df23,17.100000381469727,18,0.002161383285302594,17.1491666369968,17.104999542236328,17.187000274658203,14.041259282165104,2.8107222567001977,0.297185185054938
f5b70deb-3115-40e8-8418-17ae26b4df23,6.5,17,0.002041306436119116,6.550196058609906,6.5,6.5970001220703125,5.8366862745846015,0.4165882468223572,0.2969215711688294
f5b70deb-3115-40e8-8418-17ae26b4df23,34.400001525878906,8,0.0009606147934678194,34.42462491989136,34.40599822998047,34.46900177001953,31.998416900634766,2.195125088095665,0.23108333395794034
f5b70deb-3115-40e8-8418-17ae26b4df23,24.899999618530273,12,0.001440922190201729,24.946389039357502,24.902000427246094,24.9950008392334,21.6238055229187,3.05516666918993,0.2674166678140561
f5b70deb-3115-40e8-8418-17ae26b4df23,10.199999809265137,13,0.0015609990393852064,10.23923081618089,10.199999809265137,10.291999816894531,8.82676913188054,1.1477692333551555,0.2646923065185547
f5b70deb-3115-40e8-8418-17ae26b4df23,1.2000000476837158,37,0.004442843419788665,1.2490810800243068,1.2000000476837158,1.2979999780654907,0.850783791090991,0.10881080981847402,0.2894864843503849
f5b70deb-3115-40e8-8418-17ae26b4df23,22.299999237060547,23,0.002761767531219981,22.34168119015901,22.304000854492188,22.38800048828125,20.50399985520736,1.5506086815958438,0.2870724632040314
f5b70deb-3115-40e8-8418-17ae26b4df23,49.0,4,0.0004803073967339097,49.027000427246094,49.01499938964844,49.03300094604492,37.5192494392395,11.090749979019165,0.4170000031590462
f5b70deb-3115-40e8-8418-17ae26b4df23,42.70000076293945,4,0.0004803073967339097,42.74625015258789,42.70000076293945,42.79800033569336,42.45724964141846,0.0,0.2889999896287918
f5b70deb-3115-40e8-8418-17ae26b4df23,10.800000190734863,41,0.004923150816522575,10.8464227769433,10.800999641418457,10.894332885742188,10.196894352029009,0.44414633112709695,0.20538211186848035
f5b70deb-3115-40e8-8418-17ae26b4df23,9.899999618530273,28,0.0033621517771373678,9.949023791721888,9.906999588012695,9.98799991607666,9.148571525301252,0.5342143018330846,0.26623809550489697
f5b70deb-3115-40e8-8418-17ae26b4df23,19.600000381469727,19,0.002281460134486071,19.642070368716592,19.60099983215332,19.687000274658203,19.17073661402652,0.18047368212750084,0.2908596490558825
f5b70deb-3115-40e8-8418-17ae26b4df23,15.5,21,0.002521613832853026,15.553682599748884,15.506999969482422,15.598999977111816,13.306634948367165,1.9926190347898574,0.25442857206577346
f5b70deb-3115-40e8-8418-17ae26b4df23,2.700000047683716,19,0.002281460134486071,2.7446140364596716,2.7019999027252197,2.7980000972747803,2.245263149863795,0.23073684228094002,0.268614034707609
f5b70deb-3115-40e8-8418-17ae26b4df23,6.599999904632568,15,0.0018011527377521613,6.659066645304362,6.61299991607666,6.693999767303467,6.305333391825358,0.0,0.35373333394527434
f5b70deb-3115-40e8-8418-17ae26b4df23,8.0,15,0.0018011527377521613,8.05119997660319,8.0,8.092000007629395,7.2807110468546545,0.5301333427429199,0.24035555546482404
f5b70deb-3115-40e8-8418-17ae26b4df23,26.0,9,0.001080691642651297,26.03188917371962,26.0,26.09600067138672,22.687814500596787,3.0514444013436637,0.2926296277178658
f5b70deb-3115-40e8-8418-17ae26b4df23,4.0,29,0.0034822286263208454,4.045919549876246,4.0,4.0980000495910645,3.804816089827439,0.0,0.24110344617531218
f5b70deb-3115-40e8-8418-17ae26b4df23,21.700000762939453,19,0.002281460134486071,21.751596551192435,21.70800018310547,21.79800033569336,20.361613825747842,1.1461578948717368,0.2438245623519546
f5b70deb-3115-40e8-8418-17ae26b4df23,10.100000381469727,37,0.004442843419788665,10.160792788943729,10.10099983215332,10.196999549865723,9.799828787107725,0.09724324136166959,0.26372072040229233
f5b70deb-3115-40e8-8418-17ae26b4df23,6.300000190734863,17,0.002041306436119116,6.350019623251522,6.301000118255615,6.3979997634887695,5.709078417104833,0.3454705967622645,0.29547058725181746
f5b70deb-3115-40e8-8418-17ae26b4df23,37.29999923706055,6,0.0007204610951008645,37.36277770996094,37.32099914550781,37.387001037597656,36.832667668660484,0.23816667000452676,0.2919444479048252
f5b70deb-3115-40e8-8418-17ae26b4df23,24.0,20,0.0024015369836695487,24.046633434295654,24.000999450683594,24.09866714477539,22.301216793060302,1.4575999930500985,0.28781666718423365
f5b70deb-3115-40e8-8418-17ae26b4df23,4.900000095367432,21,0.002521613832853026,4.953174591064453,4.901666641235352,4.998000144958496,3.7544126950559162,0.9607619359379723,0.2380000012261527
f5b70deb-3115-40e8-8418-17ae26b4df23,18.600000381469727,12,0.001440922190201729,18.644750118255615,18.60333251953125,18.691999435424805,16.739611228307087,1.6446667114893596,0.26047221943736076
f5b70deb-3115-40e8-8418-17ae26b4df23,38.20000076293945,6,0.0007204610951008645,38.26394462585449,38.222999572753906,38.29766845703125,37.182777404785156,0.8424999713897705,0.23866667101780573
f5b70deb-3115-40e8-8418-17ae26b4df23,1.899999976158142,28,0.0033621517771373678,1.9490833495344435,1.9019999504089355,1.996000051498413,1.4082142859697342,0.2750357155288969,0.2658333307398217
f5b70deb-3115-40e8-8418-17ae26b4df23,12.199999809265137,23,0.002761767531219981,12.242623287698496,12.200333595275879,12.28600025177002,11.633275301560111,0.3847391242566316,0.22460869489156682
f5b70deb-3115-40e8-8418-17ae26b4df23,35.29999923706055,2,0.00024015369836695484,35.38249969482422,35.37099838256836,35.39400100708008,35.122501373291016,0.0,0.25999999791383743
f5b70deb-3115-40e8-8418-17ae26b4df23,30.700000762939453,14,0.0016810758885686839,30.746761866978236,30.700000762939453,30.797000885009766,28.753190449305944,1.7139999525887626,0.27957142729844364
f5b70deb-3115-40e8-8418-17ae26b4df23,37.5,6,0.0007204610951008645,37.539222717285156,37.505001068115234,37.58100128173828,37.08250045776367,0.2144999901453654,0.24222222218910852
f5b70deb-3115-40e8-8418-17ae26b4df23,42.900001525878906,4,0.0004803073967339097,42.93066692352295,42.902000427246094,42.968666076660156,38.90608358383179,3.6579999923706055,0.36658333986997604
f5b70deb-3115-40e8-8418-17ae26b4df23,36.599998474121094,10,0.0012007684918347744,36.663533782958986,36.61899948120117,36.69499969482422,36.43470001220703,0.008299999684095383,0.22053333111107348
f5b70deb-3115-40e8-8418-17ae26b4df23,78.30000305175781,1,0.00012007684918347742,78.34233093261719,78.34233093261719,78.34233093261719,78.07166290283203,0.0,0.2706666588783264
f5b70deb-3115-40e8-8418-17ae26b4df23,20.700000762939453,13,0.0015609990393852064,20.74417935884916,20.704999923706055,20.797000885009766,19.45282085125263,1.0310769172815175,0.26028205167788726
f5b70deb-3115-40e8-8418-17ae26b4df23,32.599998474121094,10,0.0012007684918347744,32.6487003326416,32.608001708984375,32.68899917602539,30.700266456604005,1.691699993610382,0.25673332884907724
f5b70deb-3115-40e8-8418-17ae26b4df23,88.4000015258789,1,0.00012007684918347742,88.47699737548828,88.47699737548828,88.47699737548828,88.29133605957031,0.0,0.18566666543483734
f5b70deb-3115-40e8-8418-17ae26b4df23,50.20000076293945,3,0.00036023054755043225,50.260667165120445,50.257999420166016,50.26533508300781,50.01000086466471,0.0,0.25066666801770526
f5b70deb-3115-40e8-8418-17ae26b4df23,34.20000076293945,13,0.0015609990393852064,34.26092323890099,34.22600173950195,34.29800033569336,32.71864098768968,1.2770769412700946,0.2652051253960683
f5b70deb-3115-40e8-8418-17ae26b4df23,64.0999984741211,1,0.00012007684918347742,64.14099884033203,64.14099884033203,64.14099884033203,63.913665771484375,0.0,0.22733333706855774
f5b70deb-3115-40e8-8418-17ae26b4df23,47.0,2,0.00024015369836695484,47.06099891662598,47.0369987487793,47.084999084472656,46.71816635131836,0.0,0.34283334016799927
f5b70deb-3115-40e8-8418-17ae26b4df23,74.0999984741211,1,0.00012007684918347742,74.13999938964844,74.13999938964844,74.13999938964844,62.49300003051758,11.524999618530273,0.12200000137090683
f5b70deb-3115-40e8-8418-17ae26b4df23,48.29999923706055,3,0.00036023054755043225,48.35644404093424,48.313331604003906,48.39699935913086,48.15088907877604,0.0,0.20555555323759714
f5b70deb-3115-40e8-8418-17ae26b4df23,49.70000076293945,2,0.00024015369836695484,49.78166580200195,49.775333404541016,49.78799819946289,49.60416603088379,0.0,0.17749999463558197
f5b70deb-3115-40e8-8418-17ae26b4df23,32.900001525878906,4,0.0004803073967339097,32.94333267211914,32.9023323059082,32.98699951171875,27.613999366760254,5.06974995136261,0.25958333536982536
f5b70deb-3115-40e8-8418-17ae26b4df23,75.5999984741211,1,0.00012007684918347742,75.68900299072266,75.68900299072266,75.68900299072266,75.31300354003906,0.0,0.37599998712539673
f5b70deb-3115-40e8-8418-17ae26b4df23,44.599998474121094,2,0.00024015369836695484,44.6245002746582,44.61600112915039,44.632999420166016,32.76449966430664,11.585000038146973,0.2749999985098839
f5b70deb-3115-40e8-8418-17ae26b4df23,37.70000076293945,5,0.0006003842459173872,37.74540023803711,37.71099853515625,37.78200149536133,37.418399810791016,0.0,0.3269999951124191
f5b70deb-3115-40e8-8418-17ae26b4df23,44.900001525878906,2,0.00024015369836695484,44.9630012512207,44.94300079345703,44.983001708984375,40.27916717529297,4.330999851226807,0.3528333231806755
f5b70deb-3115-40e8-8418-17ae26b4df23,50.29999923706055,4,0.0004803073967339097,50.34808349609375,50.32666778564453,50.38199996948242,46.45641613006592,3.6579999923706055,0.23366666585206985
f5b70deb-3115-40e8-8418-17ae26b4df23,55.400001525878906,3,0.00036023054755043225,55.45833206176758,55.435665130615234,55.499332427978516,54.55155563354492,0.6623333295186361,0.24444444725910822
f5b70deb-3115-40e8-8418-17ae26b4df23,63.599998474121094,1,0.00012007684918347742,63.62300109863281,63.62300109863281,63.62300109863281,63.5359992980957,0.0,0.08699999749660492
f5b70deb-3115-40e8-8418-17ae26b4df23,50.5,2,0.00024015369836695484,50.53499984741211,50.52199935913086,50.54800033569336,43.89849853515625,6.197999954223633,0.43849998712539673
f5b70deb-3115-40e8-8418-17ae26b4df23,72.5,1,0.00012007684918347742,72.57466888427734,72.57466888427734,72.57466888427734,72.47566986083984,0.0,0.0989999994635582
f5b70deb-3115-40e8-8418-17ae26b4df23,71.5,1,0.00012007684918347742,71.54100036621094,71.54100036621094,71.54100036621094,71.44200134277344,0.0,0.0989999994635582
f5b70deb-3115-40e8-8418-17ae26b4df23,54.20000076293945,1,0.00012007684918347742,54.214332580566406,54.214332580566406,54.214332580566406,54.12266540527344,0.0,0.09166666865348816
f5b70deb-3115-40e8-8418-17ae26b4df23,8.399999618530273,18,0.002161383285302594,8.457722240024143,8.404999732971191,8.496000289916992,6.828351868523492,1.352666695912679,0.27670370290676755
f5b70deb-3115-40e8-8418-17ae26b4df23,40.70000076293945,7,0.0008405379442843419,40.76590510777065,40.71900177001953,40.7946662902832,37.219333921160015,3.3058571134294783,0.24071428392614638
f5b70deb-3115-40e8-8418-17ae26b4df23,55.900001525878906,2,0.00024015369836695484,55.97533416748047,55.96666717529297,55.98400115966797,55.846500396728516,0.0,0.1288333311676979
f5b70deb-3115-40e8-8418-17ae26b4df23,0.0,366,0.04394812680115274,0.025944444478128124,0.0,0.0989999994635582,0.00011384335494106585,0.0,0.02583060112318706
f5b70deb-3115-40e8-8418-17ae26b4df23,0.10000000149011612,236,0.028338136407300672,0.15551694880350161,0.10133333504199982,0.19900000095367432,0.0012528248746895183,0.0,0.15426412406298567
f5b70deb-3115-40e8-8418-17ae26b4df23,9.0,27,0.0032420749279538905,9.052493801823369,9.003000259399414,9.098999977111816,8.529296177404898,0.2383703633590981,0.2848271597866659
f5b70deb-3115-40e8-8418-17ae26b4df23,17.5,15,0.0018011527377521613,17.560777537027995,17.503000259399414,17.59600067138672,15.629155699412028,1.6880667140086492,0.24355555474758148
f5b70deb-3115-40e8-8418-17ae26b4df23,47.900001525878906,4,0.0004803073967339097,47.93766689300537,47.901668548583984,47.98099899291992,42.51016664505005,5.175250053405762,0.2522499989718199
f5b70deb-3115-40e8-8418-17ae26b4df23,68.69999694824219,1,0.00012007684918347742,68.79299926757812,68.79299926757812,68.79299926757812,59.63800048828125,8.788999557495117,0.3659999966621399
f5b70deb-3115-40e8-8418-17ae26b4df23,1.7999999523162842,28,0.0033621517771373678,1.8422380941254752,1.8029999732971191,1.8980000019073486,1.5622738131455012,0.051035715000970025,0.22892857289740018
f5b70deb-3115-40e8-8418-17ae26b4df23,38.099998474121094,5,0.0006003842459173872,38.12839965820312,38.10599899291992,38.14500045776367,36.3214672088623,1.5904000282287598,0.2165333330631256
f5b70deb-3115-40e8-8418-17ae26b4df23,35.79999923706055,10,0.0012007684918347744,35.84889907836914,35.80699920654297,35.891998291015625,35.504966735839844,0.11549999713897705,0.22843333557248116
f5b70deb-3115-40e8-8418-17ae26b4df23,13.699999809265137,26,0.003121998078770413,13.746782082777758,13.708333015441895,13.798666954040527,13.535192306225117,0.014423076923076924,0.19716666638851166
f5b70deb-3115-40e8-8418-17ae26b4df23,41.900001525878906,6,0.0007204610951008645,41.94772211710612,41.9010009765625,41.99700164794922,39.45316727956136,2.220999985933304,0.2735555556913217
f5b70deb-3115-40e8-8418-17ae26b4df23,13.600000381469727,31,0.0037223823246878003,13.649473190307617,13.60200023651123,13.699000358581543,13.258516127063382,0.13070967745396397,0.26024731080378255
f5b70deb-3115-40e8-8418-17ae26b4df23,17.799999237060547,11,0.0013208453410182516,17.85157585144043,17.808000564575195,17.889999389648438,16.531121123920787,1.0507272373546253,0.26972727613015607
f5b70deb-3115-40e8-8418-17ae26b4df23,8.699999809265137,31,0.0037223823246878003,8.751150561917212,8.70300006866455,8.798999786376953,8.146010829556372,0.29916127843241536,0.3059784950267884
f5b70deb-3115-40e8-8418-17ae26b4df23,2.5,36,0.004322766570605188,2.5474074019326105,2.5,2.5913333892822266,2.3014722300900354,0.025833333532015484,0.2201018523838785
f5b70deb-3115-40e8-8418-17ae26b4df23,46.5,1,0.00012007684918347742,46.57899856567383,46.57899856567383,46.57899856567383,46.477664947509766,0.0,0.10133333504199982
f5b70deb-3115-40e8-8418-17ae26b4df23,14.699999809265137,22,0.002641690682036503,14.76033336466009,14.704000473022461,14.795999526977539,13.285515178333629,1.2184091047807173,0.2564090925522826
f5b70deb-3115-40e8-8418-17ae26b4df23,45.29999923706055,5,0.0006003842459173872,45.341067504882815,45.316001892089844,45.39500045776367,42.21466598510742,2.90939998626709,0.21699999868869782
f5b70deb-3115-40e8-8418-17ae26b4df23,1.100000023841858,25,0.0030019212295869357,1.1405599975585938,1.1039999723434448,1.1943333148956299,0.8153866767883301,0.14880000114440917,0.17637333393096924
f5b70deb-3115-40e8-8418-17ae26b4df23,15.899999618530273,24,0.002881844380403458,15.95056939125061,15.911999702453613,15.99899959564209,13.43502771606048,2.3067499895890555,0.20879166387021542
f5b70deb-3115-40e8-8418-17ae26b4df23,7.300000190734863,18,0.002161383285302594,7.334962977303399,7.304999828338623,7.394999980926514,7.001870420244005,0.06138888622323672,0.27170370601945454
f5b70deb-3115-40e8-8418-17ae26b4df23,2.4000000953674316,28,0.0033621517771373678,2.446464308670589,2.4040000438690186,2.499000072479248,2.182071417570114,0.04017857142857143,0.22421428694256715
f5b70deb-3115-40e8-8418-17ae26b4df23,58.099998474121094,1,0.00012007684918347742,58.185001373291016,58.185001373291016,58.185001373291016,58.0976676940918,0.0,0.08733333647251129
f5b70deb-3115-40e8-8418-17ae26b4df23,3.5999999046325684,26,0.003121998078770413,3.6481794944176307,3.6010000705718994,3.695666551589966,3.210205133144672,0.1689230753825261,0.26905128388450694
f5b70deb-3115-40e8-8418-17ae26b4df23,29.100000381469727,14,0.0016810758885686839,29.148476191929408,29.101999282836914,29.191333770751953,27.477928842817033,1.4604285785130091,0.210119045738663
f5b70deb-3115-40e8-8418-17ae26b4df23,36.29999923706055,6,0.0007204610951008645,36.34538904825846,36.301998138427734,36.395668029785156,33.60749944051107,2.569499969482422,0.16838888823986053
f5b70deb-3115-40e8-8418-17ae26b4df23,30.299999237060547,6,0.0007204610951008645,30.34672196706136,30.31399917602539,30.378999710083008,30.142277081807453,0.0,0.2044444444278876
f5b70deb-3115-40e8-8418-17ae26b4df23,16.5,16,0.0019212295869356388,16.555145859718323,16.5049991607666,16.59600067138672,12.573020733892918,3.7391875088214874,0.242937499191612
f5b70deb-3115-40e8-8418-17ae26b4df23,39.400001525878906,7,0.0008405379442843419,39.45480946132115,39.4119987487793,39.49800109863281,34.18676158360073,5.071142741612026,0.19690476464373724
f5b70deb-3115-40e8-8418-17ae26b4df23,30.600000381469727,8,0.0009606147934678194,30.645292043685913,30.600000381469727,30.690000534057617,28.763208150863647,1.5853749513626099,0.2967083314433694
f5b70deb-3115-40e8-8418-17ae26b4df23,5.0,30,0.0036023054755043226,5.0517444292704266,5.000666618347168,5.098999977111816,4.573944401741028,0.2012999971707662,0.27649999782443047
f5b70deb-3115-40e8-8418-17ae26b4df23,22.5,18,0.002161383285302594,22.541777928670246,22.507999420166016,22.583999633789062,20.93507414393955,1.3346111045943365,0.2720925940407647
f5b70deb-3115-40e8-8418-17ae26b4df23,36.70000076293945,4,0.0004803073967339097,36.755332946777344,36.732666015625,36.79233169555664,36.617751121520996,0.0,0.13758333399891853
f5b70deb-3115-40e8-8418-17ae26b4df23,72.4000015258789,1,0.00012007684918347742,72.46833038330078,72.46833038330078,72.46833038330078,72.38133239746094,0.0,0.08699999749660492
f5b70deb-3115-40e8-8418-17ae26b4df23,37.900001525878906,4,0.0004803073967339097,37.94999980926514,37.90599822998047,37.974998474121094,35.07400035858154,2.6282500475645065,0.24774999171495438
f5b70deb-3115-40e8-8418-17ae26b4df23,51.5,2,0.00024015369836695484,51.54349899291992,51.53799819946289,51.54899978637695,51.305999755859375,0.0,0.23750000447034836
f5b70deb-3115-40e8-8418-17ae26b4df23,34.70000076293945,9,0.001080691642651297,34.754444970024956,34.70100021362305,34.79800033569336,32.81755574544271,1.662555567920208,0.2743333313200209
f5b70deb-3115-40e8-8418-17ae26b4df23,21.0,17,0.002041306436119116,21.029372383566464,21.0,21.0939998626709,20.791509740492877,0.0,0.23786274650517633
f5b70deb-3115-40e8-8418-17ae26b4df23,13.199999809265137,25,0.0030019212295869357,13.24887996673584,13.208999633789062,13.289999961853027,12.448600001335144,0.5127999830245972,0.28747999876737595
f5b70deb-3115-40e8-8418-17ae26b4df23,69.9000015258789,1,0.00012007684918347742,69.95233154296875,69.95233154296875,69.95233154296875,69.89666748046875,0.0,0.055666666477918625
f5b70deb-3115-40e8-8418-17ae26b4df23,21.600000381469727,15,0.0018011527377521613,21.658311462402345,21.61400032043457,21.690000534057617,21.414622116088868,0.005533333122730255,0.23815555622180304
f5b70deb-3115-40e8-8418-17ae26b4df23,7.400000095367432,21,0.002521613832853026,7.444047609965007,7.400000095367432,7.494999885559082,6.871539728982108,0.3415238019965944,0.23098412812465713
f5b70deb-3115-40e8-8418-17ae26b4df23,39.5,6,0.0007204610951008645,39.54938888549805,39.5099983215332,39.59299850463867,36.6828883488973,2.6491666535536447,0.2173333391547203
f5b70deb-3115-40e8-8418-17ae26b4df23,60.79999923706055,2,0.00024015369836695484,60.854000091552734,60.83700180053711,60.87099838256836,60.589500427246094,0.0,0.2645000070333481
f5b70deb-3115-40e8-8418-17ae26b4df23,4.099999904632568,32,0.0038424591738712775,4.152739599347115,4.10699987411499,4.196000099182129,3.877677083015442,0.01171875,0.2633437488693744
f5b70deb-3115-40e8-8418-17ae26b4df23,34.29999923706055,7,0.0008405379442843419,34.337761470249724,34.308998107910156,34.39400100708008,28.421428271702357,5.707999910627093,0.2083333358168602
f5b70deb-3115-40e8-8418-17ae26b4df23,17.700000762939453,12,0.001440922190201729,17.75866635640462,17.714000701904297,17.788999557495117,14.986055433750153,2.494500001271566,0.2781111126144727
f5b70deb-3115-40e8-8418-17ae26b4df23,28.700000762939453,12,0.001440922190201729,28.74244483311971,28.707000732421875,28.785667419433594,26.824750026067097,1.6537499831368525,0.2639444464196761
f5b70deb-3115-40e8-8418-17ae26b4df23,34.099998474121094,5,0.0006003842459173872,34.153466033935544,34.10300064086914,34.183998107910156,33.63173294067383,0.24079999923706055,0.2809333324432373
f5b70deb-3115-40e8-8418-17ae26b4df23,24.299999237060547,18,0.002161383285302594,24.335481537712944,24.309999465942383,24.382999420166016,21.5892407629225,2.5366111174225807,0.20962962839338514
f5b70deb-3115-40e8-8418-17ae26b4df23,64.4000015258789,1,0.00012007684918347742,64.4000015258789,64.4000015258789,64.4000015258789,64.26499938964844,0.0,0.13500000536441803
f5b70deb-3115-40e8-8418-17ae26b4df23,43.79999923706055,3,0.00036023054755043225,43.84377797444662,43.82500076293945,43.858333587646484,43.67433293660482,0.0,0.16944444427887598
f5b70deb-3115-40e8-8418-17ae26b4df23,48.900001525878906,2,0.00024015369836695484,48.938499450683594,48.90999984741211,48.96699905395508,43.037166595458984,5.762499809265137,0.13883333280682564
f5b70deb-3115-40e8-8418-17ae26b4df23,42.79999923706055,5,0.0006003842459173872,42.844932556152344,42.82099914550781,42.895999908447266,39.75500068664551,2.88799991607666,0.2019333317875862
f5b70deb-3115-40e8-8418-17ae26b4df23,19.700000762939453,15,0.0018011527377521613,19.749822489420573,19.704999923706055,19.783000946044922,16.52564442952474,3.00960001150767,0.21457777818044027
f5b70deb-3115-40e8-8418-17ae26b4df23,46.0,6,0.0007204610951008645,46.045000076293945,46.01100158691406,46.09400177001953,43.102833112080894,2.769499917825063,0.17266666516661644
f5b70deb-3115-40e8-8418-17ae26b4df23,52.400001525878906,4,0.0004803073967339097,52.452999114990234,52.404998779296875,52.487998962402344,46.947166442871094,5.256999835371971,0.2488333322107792
f5b70deb-3115-40e8-8418-17ae26b4df23,80.30000305175781,1,0.00012007684918347742,80.37000274658203,80.37000274658203,80.37000274658203,80.23500061035156,0.0,0.13500000536441803
f5b70deb-3115-40e8-8418-17ae26b4df23,65.5999984741211,1,0.00012007684918347742,65.65299987792969,65.65299987792969,65.65299987792969,65.14199829101562,0.0,0.5109999775886536
f5b70deb-3115-40e8-8418-17ae26b4df23,25.399999618530273,6,0.0007204610951008645,25.452666600545246,25.427000045776367,25.493000030517578,21.15166648228963,4.0085000197092695,0.29250000168879825
f5b70deb-3115-40e8-8418-17ae26b4df23,58.79999923706055,2,0.00024015369836695484,58.83233451843262,58.81800079345703,58.8466682434082,51.18233299255371,7.440000057220459,0.21000000089406967
f5b70deb-3115-40e8-8418-17ae26b4df23,49.599998474121094,2,0.00024015369836695484,49.67366600036621,49.65133285522461,49.69599914550781,49.36866760253906,0.0,0.3049999885261059
f5b70deb-3115-40e8-8418-17ae26b4df23,31.600000381469727,3,0.00036023054755043225,31.635666529337566,31.62700080871582,31.64699935913086,31.28566614786784,0.0,0.3499999940395355
f5b70deb-3115-40e8-8418-17ae26b4df23,46.70000076293945,1,0.00012007684918347742,46.79066848754883,46.79066848754883,46.79066848754883,46.65833282470703,0.0,0.13233333826065063
f5b70deb-3115-40e8-8418-17ae26b4df23,56.0,1,0.00012007684918347742,56.051998138427734,56.051998138427734,56.051998138427734,55.893001556396484,0.0,0.1589999943971634
f5b70deb-3115-40e8-8418-17ae26b4df23,47.20000076293945,2,0.00024015369836695484,47.26650047302246,47.24800109863281,47.28499984741211,46.912498474121094,0.0,0.3540000021457672
f5b70deb-3115-40e8-8418-17ae26b4df23,45.20000076293945,7,0.0008405379442843419,45.26985658918108,45.237998962402344,45.28966522216797,43.280238015311106,1.7708571297781808,0.21876190123813494
f5b70deb-3115-40e8-8418-17ae26b4df23,44.79999923706055,3,0.00036023054755043225,44.860443115234375,44.808998107910156,44.89533233642578,39.46166674296061,5.280666629473369,0.11811111246546109
f5b70deb-3115-40e8-8418-17ae26b4df23,92.4000015258789,1,0.00012007684918347742,92.47200012207031,92.47200012207031,92.47200012207031,92.18433380126953,0.0,0.2876666784286499
f5b70deb-3115-40e8-8418-17ae26b4df23,70.5999984741211,1,0.00012007684918347742,70.61100006103516,70.61100006103516,70.61100006103516,70.30400085449219,0.0,0.3070000112056732
f5b70deb-3115-40e8-8418-17ae26b4df23,54.0,1,0.00012007684918347742,54.00833511352539,54.00833511352539,54.00833511352539,53.737667083740234,0.0,0.2706666588783264
f5b70deb-3115-40e8-8418-17ae26b4df23,76.80000305175781,1,0.00012007684918347742,76.80733489990234,76.80733489990234,76.80733489990234,76.71399688720703,0.0,0.09333333373069763
f5b70deb-3115-40e8-8418-17ae26b4df23,45.5,2,0.00024015369836695484,45.54233360290527,45.520999908447266,45.56366729736328,45.446998596191406,0.0,0.09533333592116833
f5b70deb-3115-40e8-8418-17ae26b4df23,51.29999923706055,1,0.00012007684918347742,51.39400100708008,51.39400100708008,51.39400100708008,51.244998931884766,0.0,0.14900000393390656
f5b70deb-3115-40e8-8418-17ae26b4df23,53.099998474121094,2,0.00024015369836695484,53.15833282470703,53.1336669921875,53.18299865722656,53.00833320617676,0.0,0.14999999850988388
f5b70deb-3115-40e8-8418-17ae26b4df23,51.599998474121094,1,0.00012007684918347742,51.61199951171875,51.61199951171875,51.61199951171875,51.38199996948242,0.0,0.23000000417232513
f5b70deb-3115-40e8-8418-17ae26b4df23,11.0,33,0.003962536023054755,11.048302939443877,11.00333309173584,11.092000007629395,10.823666688167688,0.04721212116154758,0.1774242419862386
f5b70deb-3115-40e8-8418-17ae26b4df23,11.800000190734863,33,0.003962536023054755,11.844989950006658,11.800999641418457,11.892000198364258,9.862626292488791,1.7243635780883557,0.258000001085527
f5b70deb-3115-40e8-8418-17ae26b4df23,44.29999923706055,7,0.0008405379442843419,44.34485680716379,44.31100082397461,44.38399887084961,42.28857094900949,1.761857203074864,0.2944285752517836
f5b70deb-3115-40e8-8418-17ae26b4df23,16.899999618530273,23,0.002761767531219981,16.951275535251785,16.900999069213867,16.996000289916992,16.052159309387207,0.6998260918518772,0.19928985526380333
f5b70deb-3115-40e8-8418-17ae26b4df23,28.0,11,0.0013208453410182516,28.04942408475009,28.006999969482422,28.094999313354492,26.170333082025703,1.5784546245228162,0.3006363626230847
f5b70deb-3115-40e8-8418-17ae26b4df23,0.4000000059604645,80,0.009606147934678195,0.4689250014722347,0.4009999930858612,0.49966666102409363,0.05495000071823597,0.016137499921023847,0.397837501578033
f5b70deb-3115-40e8-8418-17ae26b4df23,55.0,3,0.00036023054755043225,55.04466756184896,55.01900100708008,55.07400131225586,54.807333628336586,0.0,0.23733333249886832
f5b70deb-3115-40e8-8418-17ae26b4df23,11.199999809265137,24,0.002881844380403458,11.243472258249918,11.20300006866455,11.293999671936035,11.03915270169576,0.0,0.20431944479544958
f5b70deb-3115-40e8-8418-17ae26b4df23,46.599998474121094,2,0.00024015369836695484,46.694000244140625,46.69233322143555,46.6956672668457,46.50866508483887,0.0,0.18533333390951157
f5b70deb-3115-40e8-8418-17ae26b4df23,3.4000000953674316,23,0.002761767531219981,3.4518840416618017,3.4063334465026855,3.497999906539917,3.1365072416222612,0.0878695644762205,0.22750724787297455
f5b70deb-3115-40e8-8418-17ae26b4df23,28.5,9,0.001080691642651297,28.53507402208116,28.500999450683594,28.597000122070312,27.425963083902996,0.8817777633666992,0.2273333329293463
f5b70deb-3115-40e8-8418-17ae26b4df23,8.600000381469727,30,0.0036023054755043226,8.648544534047444,8.600000381469727,8.697999954223633,8.341877841949463,0.047333332151174544,0.259333331634601
f5b70deb-3115-40e8-8418-17ae26b4df23,16.100000381469727,16,0.0019212295869356388,16.172750234603882,16.141000747680664,16.19099998474121,14.85954174399376,1.0668125003576279,0.24639583518728614
f5b70deb-3115-40e8-8418-17ae26b4df23,1.7000000476837158,17,0.002041306436119116,1.7430000094806446,1.7000000476837158,1.7910000085830688,1.5085882299086626,0.0,0.23441176291774302
f5b70deb-3115-40e8-8418-17ae26b4df23,23.700000762939453,9,0.001080691642651297,23.746110916137695,23.711000442504883,23.77899932861328,21.787666850619846,1.6087777879503038,0.34966666499773663
f5b70deb-3115-40e8-8418-17ae26b4df23,12.600000381469727,22,0.002641690682036503,12.639424280686812,12.602999687194824,12.697999954223633,11.778500004248185,0.5932272696359591,0.2676969722590663
f5b70deb-3115-40e8-8418-17ae26b4df23,14.199999809265137,15,0.0018011527377521613,14.26840000152588,14.234000205993652,14.29800033569336,13.484066581726074,0.4485999902089437,0.33573333571354547
f5b70deb-3115-40e8-8418-17ae26b4df23,35.0,5,0.0006003842459173872,35.04539947509765,35.016998291015625,35.073001861572266,34.35820007324219,0.28580000400543215,0.4013999968767166
f5b70deb-3115-40e8-8418-17ae26b4df23,46.900001525878906,2,0.00024015369836695484,46.94200134277344,46.941001892089844,46.94300079345703,44.37216567993164,2.3345000743865967,0.23533333092927933
f5b70deb-3115-40e8-8418-17ae26b4df23,26.700000762939453,17,0.002041306436119116,26.758352952844955,26.704999923706055,26.79800033569336,25.419588088989258,1.128470572478631,0.2102941186989055
f5b70deb-3115-40e8-8418-17ae26b4df23,9.300000190734863,23,0.002761767531219981,9.349855049796727,9.300999641418457,9.395000457763672,9.091956511787746,0.0,0.25789855129044986
f5b70deb-3115-40e8-8418-17ae26b4df23,30.100000381469727,7,0.0008405379442843419,30.160333360944474,30.134000778198242,30.19766616821289,29.730857031685964,0.17199999945504324,0.2574761893068041
f5b70deb-3115-40e8-8418-17ae26b4df23,11.899999618530273,30,0.0036023054755043226,11.951388804117839,11.904999732971191,11.99566650390625,10.39343328475952,1.2873333483934402,0.270622219145298
f5b70deb-3115-40e8-8418-17ae26b4df23,14.100000381469727,30,0.0036023054755043226,14.154544448852539,14.10099983215332,14.196999549865723,13.863122208913166,0.04050000111262004,0.2509222231805325
f5b70deb-3115-40e8-8418-17ae26b4df23,43.29999923706055,5,0.0006003842459173872,43.33733291625977,43.305999755859375,43.375,36.194532775878905,6.88320015668869,0.25960000455379484
f5b70deb-3115-40e8-8418-17ae26b4df23,2.299999952316284,28,0.0033621517771373678,2.350571428026472,2.312000036239624,2.3940000534057617,2.0450475982257297,0.08839285799435206,0.2171309513172933
f5b70deb-3115-40e8-8418-17ae26b4df23,44.5,4,0.0004803073967339097,44.534250259399414,44.51599884033203,44.569000244140625,42.26875019073486,2.0290000438690186,0.23649999871850014
f5b70deb-3115-40e8-8418-17ae26b4df23,14.0,28,0.0033621517771373678,14.049571446010045,14.00100040435791,14.095999717712402,13.295678555965424,0.4681428434061153,0.2857500006045614
f5b70deb-3115-40e8-8418-17ae26b4df23,32.400001525878906,9,0.001080691642651297,32.45400026109483,32.4109992980957,32.49800109863281,30.02288924323188,2.2225555313958063,0.20855555600590175
f5b70deb-3115-40e8-8418-17ae26b4df23,7.699999809265137,20,0.0024015369836695487,7.758766603469849,7.706999778747559,7.796999931335449,7.456066656112671,0.004549999907612801,0.2981499958783388
f5b70deb-3115-40e8-8418-17ae26b4df23,71.0999984741211,1,0.00012007684918347742,71.12333679199219,71.12333679199219,71.12333679199219,70.97266387939453,0.0,0.15066666901111603
f5b70deb-3115-40e8-8418-17ae26b4df23,6.800000190734863,25,0.0030019212295869357,6.8483732795715335,6.802000045776367,6.896999835968018,6.278933310508728,0.2934399938583374,0.27599999725818636
f5b70deb-3115-40e8-8418-17ae26b4df23,3.700000047683716,19,0.002281460134486071,3.7514912329222025,3.7043333053588867,3.7980000972747803,3.465175415340223,0.06873684376478195,0.21757894793623372
f5b70deb-3115-40e8-8418-17ae26b4df23,14.300000190734863,16,0.0019212295869356388,14.355583250522614,14.317999839782715,14.38599967956543,14.13239586353302,0.0,0.2231874989811331
f5b70deb-3115-40e8-8418-17ae26b4df23,18.5,15,0.0018011527377521613,18.540710830688475,18.50200080871582,18.589000701904297,17.288044516245524,0.9799333254496256,0.27273333743214606
f5b70deb-3115-40e8-8418-17ae26b4df23,22.0,19,0.002281460134486071,22.046736867804277,22.008333206176758,22.09600067138672,18.51517549313997,3.282789481313605,0.2487719313878762
f5b70deb-3115-40e8-8418-17ae26b4df23,33.900001525878906,10,0.0012007684918347744,33.95150032043457,33.926998138427734,33.99100112915039,29.67849998474121,3.9756999969482423,0.2973000004887581
f5b70deb-3115-40e8-8418-17ae26b4df23,5.199999809265137,22,0.002641690682036503,5.25787878036499,5.209000110626221,5.296000003814697,4.984893928874623,0.0,0.2729848470877517
f5b70deb-3115-40e8-8418-17ae26b4df23,20.0,15,0.0018011527377521613,20.02584457397461,20.0,20.093000411987305,19.20428899129232,0.5827333410580953,0.2388222192724546
f5b70deb-3115-40e8-8418-17ae26b4df23,76.9000015258789,1,0.00012007684918347742,76.96399688720703,76.96399688720703,76.96399688720703,76.86266326904297,0.0,0.10133333504199982
f5b70deb-3115-40e8-8418-17ae26b4df23,40.400001525878906,4,0.0004803073967339097,40.46225070953369,40.43899917602539,40.4900016784668,38.26458263397217,1.9839999675750732,0.21366666723042727
f5b70deb-3115-40e8-8418-17ae26b4df23,3.299999952316284,31,0.0037223823246878003,3.347150533430038,3.299999952316284,3.3980000019073486,3.0479677492572415,0.032516129555240754,0.2666666666346212
f5b70deb-3115-40e8-8418-17ae26b4df23,39.599998474121094,6,0.0007204610951008645,39.6341667175293,39.60200119018555,39.68899917602539,36.25983270009359,3.1405000537633896,0.2338333340982596
f5b70deb-3115-40e8-8418-17ae26b4df23,39.79999923706055,6,0.0007204610951008645,39.833499908447266,39.805999755859375,39.895999908447266,31.35699971516927,8.147333463033041,0.3291666619479656
f5b70deb-3115-40e8-8418-17ae26b4df23,2.5999999046325684,33,0.003962536023054755,2.644939422607422,2.6019999980926514,2.696000099182129,2.253070719314344,0.11012121041615804,0.28174747628244484
f5b70deb-3115-40e8-8418-17ae26b4df23,50.400001525878906,4,0.0004803073967339097,50.452500343322754,50.40800094604492,50.49399948120117,47.02725028991699,3.2562499046325684,0.16900000162422657
f5b70deb-3115-40e8-8418-17ae26b4df23,27.5,15,0.0018011527377521613,27.53953323364258,27.500999450683594,27.57200050354004,25.07740001678467,2.159266690413157,0.3028666655222575
f5b70deb-3115-40e8-8418-17ae26b4df23,36.5,7,0.0008405379442843419,36.55633326939174,36.52000045776367,36.597999572753906,36.30609566824777,0.0,0.25023809128573965
f5b70deb-3115-40e8-8418-17ae26b4df23,18.899999618530273,16,0.0019212295869356388,18.94839608669281,18.906999588012695,18.996999740600586,17.170520961284637,1.502812497317791,0.2750624995678663
f5b70deb-3115-40e8-8418-17ae26b4df23,6.900000095367432,31,0.0037223823246878003,6.9504301009639615,6.9019999504089355,6.995999813079834,6.469677396358982,0.2282580598708122,0.2524946250261799
f5b70deb-3115-40e8-8418-17ae26b4df23,18.700000762939453,14,0.0016810758885686839,18.745142800467356,18.70633316040039,18.7896671295166,17.706380775996617,0.7185714372566768,0.3201904765197209
f5b70deb-3115-40e8-8418-17ae26b4df23,23.200000762939453,21,0.002521613832853026,23.248491832188197,23.201000213623047,23.292999267578125,21.695396877470472,1.2538571584792364,0.29923809142339797
f5b70deb-3115-40e8-8418-17ae26b4df23,33.20000076293945,8,0.0009606147934678194,33.2653751373291,33.23233413696289,33.29800033569336,29.49537491798401,3.5062501430511475,0.2637500036507845
f5b70deb-3115-40e8-8418-17ae26b4df23,44.70000076293945,3,0.00036023054755043225,44.76366678873698,44.720001220703125,44.79199981689453,41.6846669514974,2.705333391825358,0.3736666738986969
f5b70deb-3115-40e8-8418-17ae26b4df23,50.79999923706055,1,0.00012007684918347742,50.88800048828125,50.88800048828125,50.88800048828125,50.617000579833984,0.0,0.2709999978542328
f5b70deb-3115-40e8-8418-17ae26b4df23,67.30000305175781,2,0.00024015369836695484,67.3844985961914,67.37266540527344,67.39633178710938,67.1604995727539,0.0,0.2240000069141388
f5b70deb-3115-40e8-8418-17ae26b4df23,48.599998474121094,3,0.00036023054755043225,48.68033345540365,48.650333404541016,48.69599914550781,48.49066670735677,0.0,0.18966666360696158
f5b70deb-3115-40e8-8418-17ae26b4df23,41.599998474121094,2,0.00024015369836695484,41.65399932861328,41.638999938964844,41.66899871826172,41.468000411987305,0.0,0.1860000044107437
f5b70deb-3115-40e8-8418-17ae26b4df23,80.80000305175781,1,0.00012007684918347742,80.84766387939453,80.84766387939453,80.84766387939453,80.65299987792969,0.0,0.19466666877269745
f5b70deb-3115-40e8-8418-17ae26b4df23,38.29999923706055,2,0.00024015369836695484,38.3484992980957,38.30699920654297,38.38999938964844,37.979501724243164,0.0,0.36900000274181366
f5b70deb-3115-40e8-8418-17ae26b4df23,65.0999984741211,1,0.00012007684918347742,65.1413345336914,65.1413345336914,65.1413345336914,64.9923324584961,0.0,0.14900000393390656
f5b70deb-3115-40e8-8418-17ae26b4df23,57.29999923706055,1,0.00012007684918347742,57.31700134277344,57.31700134277344,57.31700134277344,57.12233352661133,0.0,0.19466666877269745
f5b70deb-3115-40e8-8418-17ae26b4df23,39.20000076293945,4,0.0004803073967339097,39.244500160217285,39.20600128173828,39.29399871826172,35.37466621398926,3.6367499828338623,0.23308332730084658
f5b70deb-3115-40e8-8418-17ae26b4df23,48.70000076293945,3,0.00036023054755043225,48.764444986979164,48.71933364868164,48.79899978637695,48.47799936930338,0.0,0.2864444355169932
f5b70deb-3115-40e8-8418-17ae26b4df23,44.20000076293945,2,0.00024015369836695484,44.28750038146973,44.28499984741211,44.290000915527344,44.13050079345703,0.0,0.15699999779462814
f5b70deb-3115-40e8-8418-17ae26b4df23,47.29999923706055,4,0.0004803073967339097,47.37458419799805,47.34033203125,47.393001556396484,47.099666595458984,0.0,0.2749166674911976
f5b70deb-3115-40e8-8418-17ae26b4df23,56.70000076293945,1,0.00012007684918347742,56.7400016784668,56.7400016784668,56.7400016784668,56.529998779296875,0.0,0.20999999344348907
f5b70deb-3115-40e8-8418-17ae26b4df23,71.69999694824219,1,0.00012007684918347742,71.72899627685547,71.72899627685547,71.72899627685547,71.23600006103516,0.0,0.49300000071525574
f5b70deb-3115-40e8-8418-17ae26b4df23,45.79999923706055,1,0.00012007684918347742,45.87699890136719,45.87699890136719,45.87699890136719,45.6870002746582,0.0,0.1899999976158142
f5b70deb-3115-40e8-8418-17ae26b4df23,68.30000305175781,1,0.00012007684918347742,68.31800079345703,68.31800079345703,68.31800079345703,38.86199951171875,29.358999252319336,0.09700000286102295
f5b70deb-3115-40e8-8418-17ae26b4df23,38.79999923706055,5,0.0006003842459173872,38.835200500488284,38.80699920654297,38.874000549316406,33.30300025939941,5.267999839782715,0.2641999989748001
f5b70deb-3115-40e8-8418-17ae26b4df23,52.0,1,0.00012007684918347742,52.0369987487793,52.0369987487793,52.0369987487793,51.723331451416016,0.0,0.3136666715145111
f5b70deb-3115-40e8-8418-17ae26b4df23,45.70000076293945,4,0.0004803073967339097,45.73800086975098,45.70333480834961,45.78200149536133,45.593000411987305,0.0,0.14499999955296516
f5b70deb-3115-40e8-8418-17ae26b4df23,32.099998474121094,2,0.00024015369836695484,32.132999420166016,32.11800003051758,32.14799880981445,31.952499389648438,0.0,0.18049999698996544
f5b70deb-3115-40e8-8418-17ae26b4df23,49.5,1,0.00012007684918347742,49.59000015258789,49.59000015258789,49.59000015258789,49.013999938964844,0.375,0.20100000500679016
f5b70deb-3115-40e8-8418-17ae26b4df23,65.9000015258789,1,0.00012007684918347742,65.98200225830078,65.98200225830078,65.98200225830078,61.034000396728516,4.669000148773193,0.27900001406669617
f5b70deb-3115-40e8-8418-17ae26b4df23,60.400001525878906,1,0.00012007684918347742,60.4109992980957,60.4109992980957,60.4109992980957,60.262001037597656,0.0,0.14900000393390656
f5b70deb-3115-40e8-8418-17ae26b4df23,58.70000076293945,3,0.00036023054755043225,58.778666178385414,58.76933288574219,58.792999267578125,58.50344467163086,0.0,0.27522221704324085
f5b70deb-3115-40e8-8418-17ae26b4df23,85.0999984741211,1,0.00012007684918347742,85.18499755859375,85.18499755859375,85.18499755859375,84.73600006103516,0.08299999684095383,0.3659999966621399
f5b70deb-3115-40e8-8418-17ae26b4df23,41.70000076293945,3,0.00036023054755043225,41.74866612752279,41.724998474121094,41.775001525878906,41.510667165120445,0.0,0.23800000051657358
f5b70deb-3115-40e8-8418-17ae26b4df23,51.20000076293945,1,0.00012007684918347742,51.237998962402344,51.237998962402344,51.237998962402344,43.09600067138672,7.952000141143799,0.1899999976158142
f5b70deb-3115-40e8-8418-17ae26b4df23,68.0999984741211,1,0.00012007684918347742,68.19666290283203,68.19666290283203,68.19666290283203,68.01100158691406,0.0,0.18566666543483734
f5b70deb-3115-40e8-8418-17ae26b4df23,42.400001525878906,1,0.00012007684918347742,42.47999954223633,42.47999954223633,42.47999954223633,41.96900177001953,0.0,0.5109999775886536
f5b70deb-3115-40e8-8418-17ae26b4df23,35.20000076293945,11,0.0013208453410182516,35.24757558649237,35.21200180053711,35.29499816894531,33.856545361605555,1.115454543720592,0.2755757516080683
f5b70deb-3115-40e8-8418-17ae26b4df23,27.200000762939453,14,0.0016810758885686839,27.266404696873256,27.226667404174805,27.29800033569336,25.03771427699498,1.9594285147530692,0.26926190885049955
f5b70deb-3115-40e8-8418-17ae26b4df23,64.69999694824219,1,0.00012007684918347742,64.78299713134766,64.78299713134766,64.78299713134766,50.18299865722656,14.479000091552734,0.12099999934434891
f5b70deb-3115-40e8-8418-17ae26b4df23,48.0,3,0.00036023054755043225,48.07022349039713,48.04766845703125,48.082000732421875,47.85688781738281,0.0,0.21333333104848862
f5b70deb-3115-40e8-8418-17ae26b4df23,15.100000381469727,18,0.002161383285302594,15.144999980926514,15.104000091552734,15.198333740234375,13.189240667555067,1.7444444393946066,0.21131481416523457
f5b70deb-3115-40e8-8418-17ae26b4df23,11.100000381469727,37,0.004442843419788665,11.143333280408704,11.10099983215332,11.196000099182129,10.693756760777655,0.2294864912290831,0.22009009223532033
f5b70deb-3115-40e8-8418-17ae26b4df23,19.899999618530273,15,0.0018011527377521613,19.948155721028645,19.90399932861328,19.99799919128418,19.061644299825033,0.6227333252628644,0.2637777770558993
f5b70deb-3115-40e8-8418-17ae26b4df23,27.100000381469727,18,0.002161383285302594,27.15066644880507,27.114999771118164,27.197999954223633,25.130388736724854,1.763611051771376,0.2566666690011819
f5b70deb-3115-40e8-8418-17ae26b4df23,49.29999923706055,4,0.0004803073967339097,49.34908390045166,49.32400131225586,49.361000061035156,47.898916244506836,1.1672500371932983,0.2829166650772095
f5b70deb-3115-40e8-8418-17ae26b4df23,40.099998474121094,4,0.0004803073967339097,40.16499996185303,40.11600112915039,40.1879997253418,31.621500492095947,8.333749920129776,0.20974999945610762
f5b70deb-3115-40e8-8418-17ae26b4df23,31.0,6,0.0007204610951008645,31.03677813212077,31.00200080871582,31.075000762939453,28.021722157796223,2.711000124613444,0.3040555516878764
f5b70deb-3115-40e8-8418-17ae26b4df23,10.699999809265137,17,0.002041306436119116,10.753901930416331,10.708999633789062,10.79699993133545,10.414921592263614,0.07423529379508075,0.2647450962925659
f5b70deb-3115-40e8-8418-17ae26b4df23,23.5,11,0.0013208453410182516,23.55448480085893,23.523000717163086,23.599332809448242,21.88606036793102,1.439181848005815,0.2292424240572886
f5b70deb-3115-40e8-8418-17ae26b4df23,19.100000381469727,17,0.002041306436119116,19.157921510584213,19.103666305541992,19.190332412719727,16.897392497343176,2.0157058940214267,0.244823527029332
f5b70deb-3115-40e8-8418-17ae26b4df23,8.5,27,0.0032420749279538905,8.54895058384648,8.50100040435791,8.597000122070312,7.412543106962134,0.8717037099930975,0.2647037041132097
f5b70deb-3115-40e8-8418-17ae26b4df23,32.0,9,0.001080691642651297,32.04207441541884,32.0,32.066001892089844,30.234629948933918,1.6044443978203669,0.2030000024371677
f5b70deb-3115-40e8-8418-17ae26b4df23,16.399999618530273,17,0.002041306436119116,16.435058818143958,16.399999618530273,16.492000579833984,14.865372405332678,1.3595293900545906,0.2101568654179573
f5b70deb-3115-40e8-8418-17ae26b4df23,1.600000023841858,27,0.0032420749279538905,1.6503209802839491,1.6030000448226929,1.6963332891464233,1.2633456819587283,0.1807037040039345,0.20627160563513083
f5b70deb-3115-40e8-8418-17ae26b4df23,41.400001525878906,4,0.0004803073967339097,41.460166931152344,41.422000885009766,41.48466491699219,37.157999992370605,4.066500186920166,0.2356666699051857
f5b70deb-3115-40e8-8418-17ae26b4df23,55.79999923706055,4,0.0004803073967339097,55.85916709899902,55.82600021362305,55.88166809082031,55.291500091552734,0.2887499928474426,0.27891666628420353
f5b70deb-3115-40e8-8418-17ae26b4df23,7.599999904632568,22,0.002641690682036503,7.645181894302368,7.6020002365112305,7.690000057220459,6.736272725191983,0.6377272822640159,0.27118181911381806
f5b70deb-3115-40e8-8418-17ae26b4df23,34.0,7,0.0008405379442843419,34.04261834280832,34.01499938964844,34.07500076293945,33.70771408081055,0.12014286007199969,0.21476190430777414
f5b70deb-3115-40e8-8418-17ae26b4df23,22.100000381469727,27,0.0032420749279538905,22.152740831728334,22.104999542236328,22.19700050354004,20.713506239431876,1.1972222239882857,0.24201234816401093
f5b70deb-3115-40e8-8418-17ae26b4df23,26.899999618530273,12,0.001440922190201729,26.935639063517254,26.900667190551758,26.993000030517578,23.567999954024952,3.151750087738037,0.21588888702293238
f5b70deb-3115-40e8-8418-17ae26b4df23,0.6000000238418579,32,0.0038424591738712775,0.650072917342186,0.6010000109672546,0.6980000138282776,0.4189166659489274,0.042843751376494765,0.18831250036600977
f5b70deb-3115-40e8-8418-17ae26b4df23,9.5,25,0.0030019212295869357,9.5500532913208,9.513667106628418,9.595999717712402,9.293866653442382,0.005639999806880951,0.2505466656386852
f5b70deb-3115-40e8-8418-17ae26b4df23,30.799999237060547,10,0.0012007684918347744,30.86866683959961,30.820667266845703,30.89666748046875,30.634333419799805,0.009099999815225602,0.22523333728313447
f5b70deb-3115-40e8-8418-17ae26b4df23,3.9000000953674316,27,0.0032420749279538905,3.9546296419920743,3.922333240509033,3.994999885559082,3.6870370352709734,0.0,0.2675925919579135
f5b70deb-3115-40e8-8418-17ae26b4df23,12.5,21,0.002521613832853026,12.549222174144926,12.5,12.595000267028809,11.554047652653285,0.7355237943785531,0.2596507975388141
f5b70deb-3115-40e8-8418-17ae26b4df23,0.800000011920929,27,0.0032420749279538905,0.8408148178347835,0.8040000200271606,0.890999972820282,0.5813703724631557,0.020333334251686378,0.2391111100161517
f5b70deb-3115-40e8-8418-17ae26b4df23,21.100000381469727,11,0.0013208453410182516,21.14057558233088,21.10099983215332,21.172666549682617,20.33112109791149,0.5009091117165305,0.3085454580458728
f5b70deb-3115-40e8-8418-17ae26b4df23,4.300000190734863,26,0.003121998078770413,4.354025657360371,4.311666488647461,4.39900016784668,3.8542820123525767,0.2561923156564052,0.24355128106589502
f5b70deb-3115-40e8-8418-17ae26b4df23,34.900001525878906,13,0.0015609990393852064,34.953487396240234,34.90533447265625,34.98899841308594,32.24389780484713,2.440461503771635,0.2691282039651504
f5b70deb-3115-40e8-8418-17ae26b4df23,15.0,22,0.002641690682036503,15.051106106151234,15.003999710083008,15.095999717712402,13.887848420576615,0.9371363547715273,0.22612121277912098
f5b70deb-3115-40e8-8418-17ae26b4df23,27.299999237060547,9,0.001080691642651297,27.34648174709744,27.30066680908203,27.395000457763672,25.866556061638725,1.2897777350412474,0.19014814661608803
f5b70deb-3115-40e8-8418-17ae26b4df23,18.100000381469727,14,0.0016810758885686839,18.149476051330566,18.118000030517578,18.198999404907227,15.743833150182452,2.187357119151524,0.21828571387699672
f5b70deb-3115-40e8-8418-17ae26b4df23,17.299999237060547,22,0.002641690682036503,17.36171193556352,17.308000564575195,17.39900016784668,15.086666735735806,2.0,0.27504545179280365
f5b70deb-3115-40e8-8418-17ae26b4df23,49.900001525878906,2,0.00024015369836695484,49.96983337402344,49.96533203125,49.974334716796875,49.779666900634766,0.0,0.1901666671037674
f5b70deb-3115-40e8-8418-17ae26b4df23,8.800000190734863,24,0.002881844380403458,8.852236072222391,8.800000190734863,8.895000457763672,7.925805635750294,0.7147083282470703,0.2117222243299087
f5b70deb-3115-40e8-8418-17ae26b4df23,25.799999237060547,10,0.0012007684918347744,25.842600059509277,25.80299949645996,25.892000198364258,23.912199783325196,1.6266000747680665,0.30379999801516533
f5b70deb-3115-40e8-8418-17ae26b4df23,20.899999618530273,15,0.0018011527377521613,20.95137748718262,20.902999877929688,20.993999481201172,20.06724452972412,0.6731333454449971,0.2110000009338061
f5b70deb-3115-40e8-8418-17ae26b4df23,9.600000381469727,23,0.002761767531219981,9.645391339841096,9.60099983215332,9.694999694824219,9.11263776862103,0.2493478370749432,0.2834057921300764
f5b70deb-3115-40e8-8418-17ae26b4df23,12.399999618530273,15,0.0018011527377521613,12.446800041198731,12.402999877929688,12.498000144958496,12.048911094665527,0.12846666524807612,0.26942222838600477
f5b70deb-3115-40e8-8418-17ae26b4df23,42.099998474121094,4,0.0004803073967339097,42.160417556762695,42.13199996948242,42.191001892089844,37.845749378204346,4.066500186920166,0.24816666916012764
f5b70deb-3115-40e8-8418-17ae26b4df23,48.20000076293945,2,0.00024015369836695484,48.236000061035156,48.222999572753906,48.249000549316406,47.910499572753906,0.0,0.3255000114440918
f5b70deb-3115-40e8-8418-17ae26b4df23,41.099998474121094,5,0.0006003842459173872,41.16019973754883,41.117000579833984,41.180999755859375,35.954200744628906,4.970199966430664,0.23580000549554825
f5b70deb-3115-40e8-8418-17ae26b4df23,18.0,17,0.002041306436119116,18.062784307143268,18.016000747680664,18.097000122070312,17.488607855404126,0.324823540799758,0.2493529424947851
f5b70deb-3115-40e8-8418-17ae26b4df23,26.100000381469727,16,0.0019212295869356388,26.15722906589508,26.104999542236328,26.198999404907227,21.32452082633972,4.554562538862228,0.2781458324752748
f5b70deb-3115-40e8-8418-17ae26b4df23,25.600000381469727,13,0.0015609990393852064,25.66310295691857,25.631000518798828,25.697999954223633,23.184025764465332,2.2186923302136936,0.2603846157972629
f5b70deb-3115-40e8-8418-17ae26b4df23,43.400001525878906,1,0.00012007684918347742,43.44333267211914,43.44333267211914,43.44333267211914,43.28300094604492,0.0,0.16033333539962769
f5b70deb-3115-40e8-8418-17ae26b4df23,54.79999923706055,2,0.00024015369836695484,54.85466766357422,54.84000015258789,54.86933517456055,54.7308349609375,0.0,0.12383333034813404
f5b70deb-3115-40e8-8418-17ae26b4df23,41.79999923706055,4,0.0004803073967339097,41.86791706085205,41.830665588378906,41.895999908447266,41.46524906158447,0.23250000178813934,0.17016666755080223
f5b70deb-3115-40e8-8418-17ae26b4df23,33.099998474121094,11,0.0013208453410182516,33.16390887173739,33.10599899291992,33.18899917602539,29.847272699529473,3.1029090623963964,0.21372727304697037
f5b70deb-3115-40e8-8418-17ae26b4df23,20.299999237060547,13,0.0015609990393852064,20.346666482778694,20.30299949645996,20.382999420166016,17.71325628574078,2.372000034038837,0.2614102546985333
f5b70deb-3115-40e8-8418-17ae26b4df23,53.599998474121094,4,0.0004803073967339097,53.6500825881958,53.63199996948242,53.67599868774414,52.26925086975098,1.1672500371932983,0.2135833352804184
f5b70deb-3115-40e8-8418-17ae26b4df23,2.0,19,0.002281460134486071,2.047403523796483,2.003333330154419,2.0943334102630615,1.6321403525377576,0.14115789689515768,0.2741052675011911
f5b70deb-3115-40e8-8418-17ae26b4df23,35.099998474121094,5,0.0006003842459173872,35.13719940185547,35.111000061035156,35.16633224487305,34.91106643676758,0.0,0.2261333331465721
f5b70deb-3115-40e8-8418-17ae26b4df23,25.200000762939453,16,0.0019212295869356388,25.25447905063629,25.21299934387207,25.298999786376953,22.137437641620636,2.797562539577484,0.3194791660644114
f5b70deb-3115-40e8-8418-17ae26b4df23,47.70000076293945,4,0.0004803073967339097,47.75783348083496,47.72600173950195,47.79033279418945,47.5647497177124,0.0,0.19308333657681942
f5b70deb-3115-40e8-8418-17ae26b4df23,27.899999618530273,15,0.0018011527377521613,27.9621332804362,27.91900062561035,27.999000549316406,26.327511088053384,1.3548666715621949,0.27975555260976154
f5b70deb-3115-40e8-8418-17ae26b4df23,23.799999237060547,19,0.002281460134486071,23.85426320527729,23.799999237060547,23.898000717163086,22.249508807533665,1.335736820572301,0.2690175420751697
f5b70deb-3115-40e8-8418-17ae26b4df23,22.600000381469727,18,0.002161383285302594,22.654981401231552,22.606332778930664,22.695999145507812,20.385648091634113,2.034222185611725,0.23511111011935604
f5b70deb-3115-40e8-8418-17ae26b4df23,87.19999694824219,1,0.00012007684918347742,87.25700378417969,87.25700378417969,87.25700378417969,73.89199829101562,12.99899959564209,0.3659999966621399
f5b70deb-3115-40e8-8418-17ae26b4df23,56.20000076293945,3,0.00036023054755043225,56.273443857828774,56.25600051879883,56.29133224487305,51.936333974202476,4.22766653696696,0.1094444456199805
f5b70deb-3115-40e8-8418-17ae26b4df23,45.099998474121094,3,0.00036023054755043225,45.15399932861328,45.10300064086914,45.189998626708984,44.872667948404946,0.0,0.2813333372275035
f5b70deb-3115-40e8-8418-17ae26b4df23,29.799999237060547,11,0.0013208453410182516,29.831939350474965,29.80299949645996,29.886999130249023,28.22224235534668,1.3179999806664207,0.2916969670490785
f5b70deb-3115-40e8-8418-17ae26b4df23,29.0,6,0.0007204610951008645,29.06349976857503,29.017000198364258,29.090999603271484,28.811166763305664,0.0,0.2523333343366782
f5b70deb-3115-40e8-8418-17ae26b4df23,62.400001525878906,4,0.0004803073967339097,62.474416732788086,62.45899963378906,62.49566650390625,56.02149963378906,6.195749998092651,0.2571666669100523
f5b70deb-3115-40e8-8418-17ae26b4df23,59.29999923706055,1,0.00012007684918347742,59.321998596191406,59.321998596191406,59.321998596191406,58.82899856567383,0.0,0.49300000071525574
f5b70deb-3115-40e8-8418-17ae26b4df23,47.099998474121094,4,0.0004803073967339097,47.139333724975586,47.111000061035156,47.17900085449219,40.787999629974365,6.118499994277954,0.23283333517611027
f5b70deb-3115-40e8-8418-17ae26b4df23,59.5,4,0.0004803073967339097,59.54899978637695,59.51300048828125,59.57699966430664,46.819167613983154,12.4964998960495,0.23333333432674408
f5b70deb-3115-40e8-8418-17ae26b4df23,59.79999923706055,3,0.00036023054755043225,59.8293342590332,59.810001373291016,59.861000061035156,54.81144460042318,4.826333363850911,0.19155555963516235
f5b70deb-3115-40e8-8418-17ae26b4df23,79.4000015258789,1,0.00012007684918347742,79.45600128173828,79.45600128173828,79.45600128173828,79.14700317382812,0.0,0.3089999854564667
f5b70deb-3115-40e8-8418-17ae26b4df23,42.0,2,0.00024015369836695484,42.05466651916504,42.03966522216797,42.06966781616211,41.93649864196777,0.0,0.11816667020320892
f5b70deb-3115-40e8-8418-17ae26b4df23,40.29999923706055,3,0.00036023054755043225,40.35244496663412,40.332000732421875,40.37233352661133,40.15733337402344,0.0,0.19511111080646515
f5b70deb-3115-40e8-8418-17ae26b4df23,65.4000015258789,2,0.00024015369836695484,65.4658317565918,65.45099639892578,65.48066711425781,65.13916778564453,0.0,0.3266666680574417
f5b70deb-3115-40e8-8418-17ae26b4df23,58.400001525878906,1,0.00012007684918347742,58.47566604614258,58.47566604614258,58.47566604614258,58.32500076293945,0.0,0.15066666901111603
f5b70deb-3115-40e8-8418-17ae26b4df23,74.5999984741211,1,0.00012007684918347742,74.60832977294922,74.60832977294922,74.60832977294922,74.51499938964844,0.0,0.09333333373069763
f5b70deb-3115-40e8-8418-17ae26b4df23,57.5,2,0.00024015369836695484,57.56733322143555,57.56700134277344,57.567665100097656,57.24566650390625,0.0,0.3216666579246521
f5b70deb-3115-40e8-8418-17ae26b4df23,64.9000015258789,1,0.00012007684918347742,64.99800109863281,64.99800109863281,64.99800109863281,64.68099975585938,0.0,0.31700000166893005
f5b70deb-3115-40e8-8418-17ae26b4df23,42.20000076293945,3,0.00036023054755043225,42.23844528198242,42.20600128173828,42.28933334350586,42.011555989583336,0.0,0.22688889255126318
f5b70deb-3115-40e8-8418-17ae26b4df23,61.099998474121094,1,0.00012007684918347742,61.128665924072266,61.128665924072266,61.128665924072266,61.0273323059082,0.0,0.10133333504199982
f5b70deb-3115-40e8-8418-17ae26b4df23,61.599998474121094,1,0.00012007684918347742,61.625999450683594,61.625999450683594,61.625999450683594,61.57033157348633,0.0,0.055666666477918625
f5b70deb-3115-40e8-8418-17ae26b4df23,67.0,1,0.00012007684918347742,67.072998046875,67.072998046875,67.072998046875,66.80400085449219,0.057999998331069946,0.210999995470047
f5b70deb-3115-40e8-8418-17ae26b4df23,67.19999694824219,1,0.00012007684918347742,67.27633666992188,67.27633666992188,67.27633666992188,66.9626693725586,0.0,0.3136666715145111
f5b70deb-3115-40e8-8418-17ae26b4df23,70.19999694824219,1,0.00012007684918347742,70.28199768066406,70.28199768066406,70.28199768066406,70.23300170898438,0.0,0.04899999871850014
f5b70deb-3115-40e8-8418-17ae26b4df23,46.400001525878906,3,0.00036023054755043225,46.4370002746582,46.404998779296875,46.47800064086914,44.775333404541016,1.4353334108988445,0.22633333007494608
f5b70deb-3115-40e8-8418-17ae26b4df23,56.400001525878906,1,0.00012007684918347742,56.44733428955078,56.44733428955078,56.44733428955078,56.301334381103516,0.0,0.1459999978542328
f5b70deb-3115-40e8-8418-17ae26b4df23,39.099998474121094,1,0.00012007684918347742,39.11199951171875,39.11199951171875,39.11199951171875,38.60100173950195,0.0,0.5109999775886536
f5b70deb-3115-40e8-8418-17ae26b4df23,0.8999999761581421,34,0.004082612872238232,0.963774512795841,0.8999999761581421,0.9990000128746033,0.6988627428517622,0.023941175683456307,0.24097058954922593
