run_id,score_bucket,member_count,pct_members,avg_score,min_score,max_score,avg_hcc_score,avg_rxc_score,avg_demographic_score
033014ea-1105-48c4-b61e-12d005165b17,25.5,13,0.0015641920346528696,25.537769317626953,25.514999389648438,25.570999145507812,23.60392297231234,1.645153779249925,0.2886923115987044
033014ea-1105-48c4-b61e-12d005165b17,31.5,12,0.0014438695704488027,31.54550011952718,31.51099967956543,31.582000732421875,28.663166284561157,2.656083345413208,0.22625000091890493
033014ea-1105-48c4-b61e-12d005165b17,59.20000076293945,4,0.0004812898568162676,59.25425052642822,59.22100067138672,59.2760009765625,59.10049915313721,0.0,0.1537500023841858
033014ea-1105-48c4-b61e-12d005165b17,25.100000381469727,16,0.0019251594272650704,25.159250020980835,25.10700035095215,25.197999954223633,21.205187488347292,3.691687524318695,0.2623749957419932
033014ea-1105-48c4-b61e-12d005165b17,15.199999809265137,21,0.0025267717482854047,15.240809440612793,15.206000328063965,15.288999557495117,14.42685722169422,0.5492857126962571,0.2646666697802998
033014ea-1105-48c4-b61e-12d005165b17,33.599998474121094,12,0.0014438695704488027,33.64549986521403,33.60300064086914,33.696998596191406,23.02508322397868,10.328166584173838,0.2922499968359868
033014ea-1105-48c4-b61e-12d005165b17,29.200000762939453,12,0.0014438695704488027,29.2603333791097,29.20400047302246,29.298999786376953,29.037750085194904,0.0,0.22258332992593446
033014ea-1105-48c4-b61e-12d005165b17,11.399999618530273,20,0.002406449284081338,11.446999979019164,11.401000022888184,11.496999740600586,11.139950037002563,0.08094999939203262,0.2260999981313944
033014ea-1105-48c4-b61e-12d005165b17,15.600000381469727,22,0.0026470942124894718,15.649909149516713,15.605999946594238,15.694999694824219,15.30195461619984,0.06899999759413979,0.278954550285231
033014ea-1105-48c4-b61e-12d005165b17,19.399999618530273,20,0.002406449284081338,19.452349948883057,19.4060001373291,19.496999740600586,17.778449881076813,1.4393500208854675,0.23455000184476377
033014ea-1105-48c4-b61e-12d005165b17,25.700000762939453,11,0.0013235471062447359,25.741363525390625,25.70599937438965,25.788000106811523,22.343636339361016,3.168636343695901,0.22909091413021088
033014ea-1105-48c4-b61e-12d005165b17,17.200000762939453,11,0.0013235471062447359,17.248090917413887,17.21299934387207,17.298999786376953,16.841727430170234,0.15390909056771884,0.2524545463648709
033014ea-1105-48c4-b61e-12d005165b17,6.699999809265137,23,0.002767416676693539,6.760086951048478,6.7129998207092285,6.794000148773193,5.804782660111137,0.7016087096670399,0.2536956554521685
033014ea-1105-48c4-b61e-12d005165b17,7.199999809265137,25,0.0030080616051016726,7.253799991607666,7.206999778747559,7.297999858856201,6.747120018005371,0.2734000015258789,0.2332800018787384
033014ea-1105-48c4-b61e-12d005165b17,29.600000381469727,15,0.0018048369630610035,29.645933532714842,29.60700035095215,29.698999404907227,28.008400217692056,1.4459999804695447,0.19153333604335784
033014ea-1105-48c4-b61e-12d005165b17,37.099998474121094,8,0.0009625797136325352,37.14975023269653,37.1150016784668,37.194000244140625,35.467000007629395,1.3232499808073044,0.3594999983906746
033014ea-1105-48c4-b61e-12d005165b17,22.399999618530273,15,0.0018048369630610035,22.454866790771483,22.402000427246094,22.493000030517578,19.699866676330565,2.494799995422363,0.2602000003059705
033014ea-1105-48c4-b61e-12d005165b17,40.900001525878906,9,0.0010829021778366022,40.949444664849175,40.91600036621094,40.99700164794922,39.94666629367404,0.7876666916741265,0.21511110994550917
033014ea-1105-48c4-b61e-12d005165b17,30.200000762939453,7,0.0008422572494284683,30.253714152744838,30.20800018310547,30.298999786376953,27.054857390267507,2.9094285454068864,0.2894285704408373
033014ea-1105-48c4-b61e-12d005165b17,1.399999976158142,32,0.003850318854530141,1.4509687535464764,1.4010000228881836,1.496000051498413,1.153062503784895,0.07837500050663948,0.21953124832361937
033014ea-1105-48c4-b61e-12d005165b17,4.199999809265137,26,0.003128384069305739,4.246653850261982,4.199999809265137,4.290999889373779,3.936538448700538,0.06442307537564865,0.2456923069862219
033014ea-1105-48c4-b61e-12d005165b17,10.5,22,0.0026470942124894718,10.555318182164973,10.505999565124512,10.595999717712402,9.84077274799347,0.4522727338427847,0.2622727274217389
033014ea-1105-48c4-b61e-12d005165b17,40.20000076293945,3,0.0003609673926122007,40.25600051879883,40.2140007019043,40.29100036621094,34.54700024922689,5.497666676839192,0.2113333394130071
033014ea-1105-48c4-b61e-12d005165b17,67.0999984741211,1,0.0001203224642040669,67.18800354003906,67.18800354003906,67.18800354003906,65.49700164794922,1.5740000009536743,0.11699999868869781
033014ea-1105-48c4-b61e-12d005165b17,27.799999237060547,16,0.0019251594272650704,27.852437376976013,27.80299949645996,27.893999099731445,27.45325016975403,0.174625001847744,0.22456249734386802
033014ea-1105-48c4-b61e-12d005165b17,19.0,18,0.0021658043556732043,19.04988892873128,19.0049991607666,19.099000930786133,17.231277863184612,1.5467777450879414,0.2718333357738124
033014ea-1105-48c4-b61e-12d005165b17,13.800000190734863,23,0.002767416676693539,13.844391283781633,13.803999900817871,13.895999908447266,13.52647822836171,0.05943478190380594,0.2584782615303993
033014ea-1105-48c4-b61e-12d005165b17,35.900001525878906,5,0.0006016123210203345,35.96580047607422,35.946998596191406,35.98699951171875,32.361599349975585,3.3329999476671217,0.27120000422000884
033014ea-1105-48c4-b61e-12d005165b17,29.5,12,0.0014438695704488027,29.547416528065998,29.517000198364258,29.584999084472656,26.879583408435185,2.3829166094462075,0.284916665405035
033014ea-1105-48c4-b61e-12d005165b17,45.900001525878906,2,0.0002406449284081338,45.94650077819824,45.94499969482422,45.948001861572266,45.61800003051758,0.0,0.32850000262260437
033014ea-1105-48c4-b61e-12d005165b17,14.899999618530273,14,0.0016845144988569367,14.948857171194893,14.906000137329102,14.998000144958496,14.030571256365095,0.6020714326628617,0.31621428738747326
033014ea-1105-48c4-b61e-12d005165b17,21.899999618530273,14,0.0016845144988569367,21.956785883222306,21.91200065612793,21.99799919128418,21.6068571635655,0.1254285712327276,0.22450000260557448
033014ea-1105-48c4-b61e-12d005165b17,20.200000762939453,28,0.0033690289977138734,20.24439287185669,20.200000762939453,20.29599952697754,19.146392822265625,0.8347143275397164,0.2632857140685831
033014ea-1105-48c4-b61e-12d005165b17,23.0,15,0.0018048369630610035,23.04753328959147,23.000999450683594,23.083999633789062,22.78633346557617,0.0,0.2612000028292338
033014ea-1105-48c4-b61e-12d005165b17,3.0,30,0.003609673926122007,3.046199981371562,3.0,3.0920000076293945,2.6735666751861573,0.09330000082651774,0.2793333341677984
033014ea-1105-48c4-b61e-12d005165b17,40.5,3,0.0003609673926122007,40.570334116617836,40.553001403808594,40.590999603271484,26.701000531514484,13.587999979654947,0.2813333446780841
033014ea-1105-48c4-b61e-12d005165b17,8.899999618530273,24,0.0028877391408976055,8.947625041007996,8.904000282287598,8.993000030517578,8.312750140825907,0.37866667782266933,0.25620833442856866
033014ea-1105-48c4-b61e-12d005165b17,21.399999618530273,12,0.0014438695704488027,21.45775016148885,21.402000427246094,21.49799919128418,18.07016670703888,3.1077499787012735,0.27983333542943
033014ea-1105-48c4-b61e-12d005165b17,28.899999618530273,9,0.0010829021778366022,28.944222344292534,28.900999069213867,28.999000549316406,26.10711129506429,2.5566667980617948,0.2804444465372298
033014ea-1105-48c4-b61e-12d005165b17,5.300000190734863,19,0.002286126819877271,5.351526335666054,5.306000232696533,5.39900016784668,5.038789447985198,0.06089473398108231,0.251842106643476
033014ea-1105-48c4-b61e-12d005165b17,10.0,25,0.0030080616051016726,10.044759979248047,10.008999824523926,10.098999977111816,9.076999998092651,0.6636799943447113,0.3040800017118454
033014ea-1105-48c4-b61e-12d005165b17,56.5,2,0.0002406449284081338,56.53650093078613,56.518001556396484,56.55500030517578,52.104000091552734,4.021499931812286,0.41099999845027924
033014ea-1105-48c4-b61e-12d005165b17,26.299999237060547,9,0.0010829021778366022,26.347999996609158,26.299999237060547,26.398000717163086,23.275000254313152,2.7516665988498263,0.32133333219422233
033014ea-1105-48c4-b61e-12d005165b17,39.0,5,0.0006016123210203345,39.047200775146486,39.01300048828125,39.09400177001953,38.741799926757814,0.0,0.30540000051259997
033014ea-1105-48c4-b61e-12d005165b17,24.799999237060547,12,0.0014438695704488027,24.85866641998291,24.809999465942383,24.89699935913086,19.967833360036213,4.65050008520484,0.24033333299060664
033014ea-1105-48c4-b61e-12d005165b17,6.0,24,0.0028877391408976055,6.045999964078267,6.002999782562256,6.09499979019165,5.776708324750264,0.0,0.2692916700616479
033014ea-1105-48c4-b61e-12d005165b17,47.599998474121094,1,0.0001203224642040669,47.66899871826172,47.66899871826172,47.66899871826172,30.823999404907227,16.493000030517578,0.35199999809265137
033014ea-1105-48c4-b61e-12d005165b17,27.399999618530273,5,0.0006016123210203345,27.4294002532959,27.405000686645508,27.46500015258789,27.08480033874512,0.0,0.3445999979972839
033014ea-1105-48c4-b61e-12d005165b17,17.399999618530273,17,0.0020454818914691373,17.445941027473,17.409000396728516,17.496999740600586,14.464823673753177,2.7094118454877067,0.27170588514384103
033014ea-1105-48c4-b61e-12d005165b17,26.600000381469727,11,0.0013235471062447359,26.642181569879707,26.600000381469727,26.68400001525879,26.099727283824574,0.2673636349764737,0.27509091049432755
033014ea-1105-48c4-b61e-12d005165b17,39.29999923706055,5,0.0006016123210203345,39.354399871826175,39.301998138427734,39.395999908447266,35.80439987182617,3.239400100708008,0.3106000065803528
033014ea-1105-48c4-b61e-12d005165b17,19.299999237060547,9,0.0010829021778366022,19.359666612413193,19.30500030517578,19.39699935913086,16.97422202428182,2.1870000097486706,0.1984444467557801
033014ea-1105-48c4-b61e-12d005165b17,81.30000305175781,1,0.0001203224642040669,81.37000274658203,81.37000274658203,81.37000274658203,81.31500244140625,0.0,0.054999999701976776
033014ea-1105-48c4-b61e-12d005165b17,37.599998474121094,10,0.001203224642040669,37.64580039978027,37.60200119018555,37.678001403808594,32.09759969711304,5.249600052833557,0.2986000031232834
033014ea-1105-48c4-b61e-12d005165b17,31.100000381469727,6,0.0007219347852244014,31.14983304341634,31.10099983215332,31.18899917602539,23.40316645304362,7.421000162760417,0.3256666672726472
033014ea-1105-48c4-b61e-12d005165b17,42.5,4,0.0004812898568162676,42.564499855041504,42.55699920654297,42.573001861572266,36.245500564575195,6.005499839782715,0.3135000057518482
033014ea-1105-48c4-b61e-12d005165b17,69.30000305175781,1,0.0001203224642040669,69.3499984741211,69.3499984741211,69.3499984741211,69.29499816894531,0.0,0.054999999701976776
033014ea-1105-48c4-b61e-12d005165b17,24.399999618530273,10,0.001203224642040669,24.457699966430663,24.415000915527344,24.489999771118164,20.45840003490448,3.8043001174926756,0.19499999955296515
033014ea-1105-48c4-b61e-12d005165b17,24.100000381469727,10,0.001203224642040669,24.152199935913085,24.12700080871582,24.191999435424805,22.955900382995605,0.9220999956130982,0.2741999976336956
033014ea-1105-48c4-b61e-12d005165b17,51.79999923706055,3,0.0003609673926122007,51.824667612711586,51.816001892089844,51.83700180053711,39.09733327229818,12.3543332417806,0.37300000836451846
033014ea-1105-48c4-b61e-12d005165b17,60.29999923706055,2,0.0002406449284081338,60.35300064086914,60.32600021362305,60.380001068115234,59.96100044250488,0.0,0.3919999897480011
033014ea-1105-48c4-b61e-12d005165b17,53.29999923706055,4,0.0004812898568162676,53.37074947357178,53.34700012207031,53.391998291015625,47.45599937438965,5.7795000076293945,0.1352500021457672
033014ea-1105-48c4-b61e-12d005165b17,33.70000076293945,4,0.0004812898568162676,33.758999824523926,33.7130012512207,33.79199981689453,21.933000802993774,11.383000373840332,0.4429999962449074
033014ea-1105-48c4-b61e-12d005165b17,31.399999618530273,6,0.0007219347852244014,31.448833147684734,31.424999237060547,31.479999542236328,31.004667282104492,0.19283332427342734,0.2513333323101203
033014ea-1105-48c4-b61e-12d005165b17,95.0,1,0.0001203224642040669,95.0260009765625,95.0260009765625,95.0260009765625,94.91400146484375,0.0,0.1120000034570694
033014ea-1105-48c4-b61e-12d005165b17,50.70000076293945,1,0.0001203224642040669,50.70800018310547,50.70800018310547,50.70800018310547,50.32400131225586,0.0,0.3840000033378601
033014ea-1105-48c4-b61e-12d005165b17,77.5,1,0.0001203224642040669,77.52400207519531,77.52400207519531,77.52400207519531,77.3740005493164,0.0,0.15000000596046448
033014ea-1105-48c4-b61e-12d005165b17,54.70000076293945,4,0.0004812898568162676,54.766499519348145,54.731998443603516,54.79499816894531,53.785749435424805,0.7335000038146973,0.2472500056028366
033014ea-1105-48c4-b61e-12d005165b17,29.399999618530273,5,0.0006016123210203345,29.478399658203124,29.447999954223633,29.493999481201172,27.538999938964842,1.615999984741211,0.32340000569820404
033014ea-1105-48c4-b61e-12d005165b17,51.400001525878906,1,0.0001203224642040669,51.486000061035156,51.486000061035156,51.486000061035156,51.36399841308594,0.0,0.12200000137090683
033014ea-1105-48c4-b61e-12d005165b17,49.400001525878906,3,0.0003609673926122007,49.420998891194664,49.40299987792969,49.43299865722656,46.88499959309896,2.2543333371480307,0.2816666712363561
033014ea-1105-48c4-b61e-12d005165b17,55.5,2,0.0002406449284081338,55.54899978637695,55.54800033569336,55.54999923706055,54.46799850463867,0.6700000166893005,0.41099999845027924
033014ea-1105-48c4-b61e-12d005165b17,60.099998474121094,2,0.0002406449284081338,60.15049934387207,60.125999450683594,60.17499923706055,59.82400131225586,0.0,0.3265000134706497
033014ea-1105-48c4-b61e-12d005165b17,55.70000076293945,1,0.0001203224642040669,55.78300094604492,55.78300094604492,55.78300094604492,55.680999755859375,0.0,0.10199999809265137
033014ea-1105-48c4-b61e-12d005165b17,64.30000305175781,2,0.0002406449284081338,64.37000274658203,64.34100341796875,64.39900207519531,60.42599868774414,3.6684999465942383,0.27550001069903374
033014ea-1105-48c4-b61e-12d005165b17,52.29999923706055,2,0.0002406449284081338,52.34200096130371,52.32600021362305,52.358001708984375,35.834999084472656,16.274999618530273,0.23200000822544098
033014ea-1105-48c4-b61e-12d005165b17,57.79999923706055,1,0.0001203224642040669,57.849998474121094,57.849998474121094,57.849998474121094,57.801998138427734,0.0,0.04800000041723251
033014ea-1105-48c4-b61e-12d005165b17,47.400001525878906,1,0.0001203224642040669,47.40700149536133,47.40700149536133,47.40700149536133,47.03799819946289,0.0,0.36899998784065247
033014ea-1105-48c4-b61e-12d005165b17,66.30000305175781,1,0.0001203224642040669,66.38200378417969,66.38200378417969,66.38200378417969,49.209999084472656,16.684999465942383,0.4869999885559082
033014ea-1105-48c4-b61e-12d005165b17,14.199999809265137,20,0.002406449284081338,14.242500066757202,14.199999809265137,14.295999526977539,13.504700112342835,0.49949999526143074,0.2382999997586012
033014ea-1105-48c4-b61e-12d005165b17,14.0,16,0.0019251594272650704,14.050625026226044,14.008999824523926,14.095000267028809,13.552062571048737,0.2639999985694885,0.2345624966546893
033014ea-1105-48c4-b61e-12d005165b17,12.600000381469727,29,0.00348935146191794,12.645103388819201,12.602999687194824,12.692000389099121,12.026793068852918,0.35886207531238423,0.2594482780530535
033014ea-1105-48c4-b61e-12d005165b17,11.199999809265137,20,0.002406449284081338,11.238600063323975,11.20199966430664,11.293000221252441,10.61080002784729,0.33815000057220457,0.2896500039845705
033014ea-1105-48c4-b61e-12d005165b17,16.899999618530273,21,0.0025267717482854047,16.94742856706892,16.902000427246094,16.992000579833984,13.566714309510731,3.1587618532634916,0.22195238123337427
033014ea-1105-48c4-b61e-12d005165b17,6.800000190734863,31,0.0037299963903260737,6.845129043825211,6.801000118255615,6.8979997634887695,6.4018387025402435,0.21700000762939453,0.22629032476294425
033014ea-1105-48c4-b61e-12d005165b17,3.299999952316284,20,0.002406449284081338,3.3450000047683717,3.3010001182556152,3.3889999389648438,2.8799500107765197,0.18230000026524068,0.28275000005960466
033014ea-1105-48c4-b61e-12d005165b17,16.100000381469727,20,0.002406449284081338,16.142200088500978,16.100000381469727,16.18400001525879,15.789550018310546,0.06834999918937683,0.28430000096559527
033014ea-1105-48c4-b61e-12d005165b17,42.400001525878906,4,0.0004812898568162676,42.46049976348877,42.43000030517578,42.48899841308594,38.044498920440674,4.0707502365112305,0.3452500067651272
033014ea-1105-48c4-b61e-12d005165b17,8.600000381469727,32,0.003850318854530141,8.647406220436096,8.600000381469727,8.689000129699707,8.412718772888184,0.005624999990686774,0.22906250227242708
033014ea-1105-48c4-b61e-12d005165b17,5.199999809265137,22,0.0026470942124894718,5.265181801535866,5.202000141143799,5.298999786376953,4.992272777990862,0.07463636181571266,0.19827272709120403
033014ea-1105-48c4-b61e-12d005165b17,6.900000095367432,22,0.0026470942124894718,6.959818211468783,6.9039998054504395,6.998000144958496,6.019318190487948,0.6812272728844122,0.25927272709933197
033014ea-1105-48c4-b61e-12d005165b17,11.899999618530273,32,0.003850318854530141,11.95734378695488,11.902999877929688,11.996999740600586,11.575000017881393,0.1535312496125698,0.22881249943748116
033014ea-1105-48c4-b61e-12d005165b17,20.0,32,0.003850318854530141,20.054468750953674,20.006000518798828,20.099000930786133,17.883250050246716,1.949343740940094,0.2218749988824129
033014ea-1105-48c4-b61e-12d005165b17,45.70000076293945,5,0.0006016123210203345,45.729199981689455,45.70500183105469,45.742000579833984,41.35160102844238,4.238999938964843,0.1386000007390976
033014ea-1105-48c4-b61e-12d005165b17,0.4000000059604645,94,0.011310311635182289,0.44788297757189327,0.4020000100135803,0.4970000088214874,0.06488297895548191,0.006595744731578421,0.37640425507375536
033014ea-1105-48c4-b61e-12d005165b17,18.899999618530273,18,0.0021658043556732043,18.95066653357612,18.902000427246094,18.99799919128418,18.592944569057888,0.1136666668785943,0.24405555675427118
033014ea-1105-48c4-b61e-12d005165b17,1.7000000476837158,28,0.0033690289977138734,1.753464285816465,1.7000000476837158,1.7979999780654907,1.4134285705430167,0.09764285864574569,0.24239285769207136
033014ea-1105-48c4-b61e-12d005165b17,30.100000381469727,12,0.0014438695704488027,30.13200028737386,30.10099983215332,30.176000595092773,27.864583253860474,2.0342499911785126,0.2331666648387909
033014ea-1105-48c4-b61e-12d005165b17,32.400001525878906,8,0.0009625797136325352,32.42687463760376,32.404998779296875,32.45399856567383,29.56487512588501,2.6493749618530273,0.21262499690055847
033014ea-1105-48c4-b61e-12d005165b17,18.700000762939453,10,0.001203224642040669,18.75620002746582,18.711000442504883,18.791000366210938,18.526899909973146,0.0,0.22930000498890876
033014ea-1105-48c4-b61e-12d005165b17,3.4000000953674316,24,0.0028877391408976055,3.4544166922569275,3.4170000553131104,3.493000030517578,3.0511666337649026,0.1177916657179594,0.28545833347986144
033014ea-1105-48c4-b61e-12d005165b17,44.5,3,0.0003609673926122007,44.530999501546226,44.50299835205078,44.58100128173828,44.29466756184896,0.0,0.236333337922891
033014ea-1105-48c4-b61e-12d005165b17,7.699999809265137,34,0.0040909637829382745,7.750029409632964,7.701000213623047,7.798999786376953,7.525529370588415,0.017117647563709933,0.2073823535705314
033014ea-1105-48c4-b61e-12d005165b17,2.299999952316284,38,0.004572253639754542,2.356815777326885,2.302999973297119,2.3989999294281006,1.989578944287802,0.11452631260219373,0.25271052573072283
033014ea-1105-48c4-b61e-12d005165b17,50.400001525878906,1,0.0001203224642040669,50.41400146484375,50.41400146484375,50.41400146484375,50.22200012207031,0.0,0.19200000166893005
033014ea-1105-48c4-b61e-12d005165b17,27.5,7,0.0008422572494284683,27.551142828805105,27.52400016784668,27.597000122070312,25.11871419634138,2.1668571063450406,0.26557143351861406
033014ea-1105-48c4-b61e-12d005165b17,14.300000190734863,23,0.002767416676693539,14.346434759057086,14.300000190734863,14.397000312805176,13.985608764316725,0.08473912691292555,0.27608695658652677
033014ea-1105-48c4-b61e-12d005165b17,22.0,8,0.0009625797136325352,22.03749990463257,22.018999099731445,22.065000534057617,21.787875175476074,0.00787500012665987,0.24175000097602606
033014ea-1105-48c4-b61e-12d005165b17,46.900001525878906,4,0.0004812898568162676,46.986000061035156,46.96799850463867,46.999000549316406,40.51224994659424,6.2135001718997955,0.26025000028312206
033014ea-1105-48c4-b61e-12d005165b17,33.900001525878906,8,0.0009625797136325352,33.963624477386475,33.92499923706055,33.99100112915039,30.87962532043457,2.854374945163727,0.22962499782443047
033014ea-1105-48c4-b61e-12d005165b17,18.5,15,0.0018048369630610035,18.547533162434895,18.507999420166016,18.591999053955078,17.77226676940918,0.47566667199134827,0.2995999976992607
033014ea-1105-48c4-b61e-12d005165b17,9.300000190734863,30,0.003609673926122007,9.345000012715657,9.300999641418457,9.392999649047852,8.62889993985494,0.4746666739384333,0.24143333410223325
033014ea-1105-48c4-b61e-12d005165b17,82.80000305175781,1,0.0001203224642040669,82.85600280761719,82.85600280761719,82.85600280761719,82.76899719238281,0.0,0.08699999749660492
033014ea-1105-48c4-b61e-12d005165b17,2.5999999046325684,24,0.0028877391408976055,2.645208328962326,2.6029999256134033,2.694000005722046,2.337999999523163,0.0514583345502615,0.25574999830375117
033014ea-1105-48c4-b61e-12d005165b17,35.0,12,0.0014438695704488027,35.053500175476074,35.005001068115234,35.09400177001953,30.229000091552734,4.543499946594238,0.2810000057021777
033014ea-1105-48c4-b61e-12d005165b17,32.099998474121094,3,0.0003609673926122007,32.164999643961586,32.15299987792969,32.183998107910156,26.4586664835612,5.497666676839192,0.20866666485865912
033014ea-1105-48c4-b61e-12d005165b17,14.100000381469727,11,0.0013235471062447359,14.136636387218129,14.10099983215332,14.184000015258789,13.761818105524236,0.06418181549419057,0.31063636392354965
033014ea-1105-48c4-b61e-12d005165b17,45.79999923706055,7,0.0008422572494284683,45.8542856488909,45.814998626708984,45.89099884033203,35.8555714743478,9.77957126072475,0.21914285740682057
033014ea-1105-48c4-b61e-12d005165b17,39.79999923706055,5,0.0006016123210203345,39.841799926757815,39.80400085449219,39.87699890136719,31.875799942016602,7.7383998274803165,0.2276000052690506
033014ea-1105-48c4-b61e-12d005165b17,11.800000190734863,37,0.004451931175550475,11.84848656525483,11.800999641418457,11.895000457763672,11.28740540066281,0.284540537644077,0.27654054317925425
033014ea-1105-48c4-b61e-12d005165b17,47.29999923706055,2,0.0002406449284081338,47.330501556396484,47.32400131225586,47.33700180053711,39.196499824523926,7.8379998207092285,0.29599998891353607
033014ea-1105-48c4-b61e-12d005165b17,23.700000762939453,15,0.0018048369630610035,23.749533081054686,23.707000732421875,23.792999267578125,19.758533334732057,3.7019999424616494,0.2889999995628993
033014ea-1105-48c4-b61e-12d005165b17,55.0,2,0.0002406449284081338,55.078500747680664,55.06700134277344,55.09000015258789,46.84149932861328,8.09850025177002,0.13849999755620956
033014ea-1105-48c4-b61e-12d005165b17,28.5,9,0.0010829021778366022,28.5342222849528,28.503000259399414,28.562000274658203,27.989333046807182,0.20522222254011366,0.3396666662560569
033014ea-1105-48c4-b61e-12d005165b17,26.700000762939453,10,0.001203224642040669,26.760700225830078,26.711999893188477,26.79400062561035,24.105000019073486,2.3985999703407286,0.2571000009775162
033014ea-1105-48c4-b61e-12d005165b17,39.20000076293945,3,0.0003609673926122007,39.23866526285807,39.209999084472656,39.28099822998047,23.547333081563313,15.29466692606608,0.39666666587193805
033014ea-1105-48c4-b61e-12d005165b17,43.29999923706055,8,0.0009625797136325352,43.35112476348877,43.301998138427734,43.38999938964844,36.25812530517578,6.812875181436539,0.28012500051409006
033014ea-1105-48c4-b61e-12d005165b17,46.599998474121094,2,0.0002406449284081338,46.6564998626709,46.65299987792969,46.65999984741211,31.118000507354736,15.102999687194824,0.43549999594688416
033014ea-1105-48c4-b61e-12d005165b17,28.0,8,0.0009625797136325352,28.05174970626831,28.007999420166016,28.094999313354492,25.527374982833862,2.326374962925911,0.19800000172108412
033014ea-1105-48c4-b61e-12d005165b17,23.200000762939453,15,0.0018048369630610035,23.243999862670897,23.20400047302246,23.285999298095703,21.37466672261556,1.5980000520745914,0.2713333323597908
033014ea-1105-48c4-b61e-12d005165b17,65.9000015258789,2,0.0002406449284081338,65.9729995727539,65.96099853515625,65.98500061035156,60.788997650146484,4.823499977588654,0.3604999929666519
033014ea-1105-48c4-b61e-12d005165b17,52.0,1,0.0001203224642040669,52.07500076293945,52.07500076293945,52.07500076293945,51.5880012512207,0.0,0.4869999885559082
033014ea-1105-48c4-b61e-12d005165b17,33.20000076293945,10,0.001203224642040669,33.248600006103516,33.20600128173828,33.290000915527344,30.712999725341795,2.2712000250816344,0.2643999978899956
033014ea-1105-48c4-b61e-12d005165b17,56.70000076293945,2,0.0002406449284081338,56.77050018310547,56.755001068115234,56.7859992980957,48.76499938964844,7.8379998207092285,0.16750000044703484
033014ea-1105-48c4-b61e-12d005165b17,3.700000047683716,24,0.0028877391408976055,3.751666675011317,3.7009999752044678,3.7960000038146973,3.436083326737086,0.11391666531562805,0.20166666743656
033014ea-1105-48c4-b61e-12d005165b17,50.599998474121094,2,0.0002406449284081338,50.66250038146973,50.62900161743164,50.69599914550781,50.189998626708984,0.2160000056028366,0.2564999982714653
033014ea-1105-48c4-b61e-12d005165b17,40.400001525878906,7,0.0008422572494284683,40.4437141418457,40.40399932861328,40.483001708984375,36.874285561697825,3.4305714666843414,0.13885714539459773
033014ea-1105-48c4-b61e-12d005165b17,44.29999923706055,3,0.0003609673926122007,44.37399927775065,44.362998962402344,44.39099884033203,44.162001291910805,0.0,0.21199999749660492
033014ea-1105-48c4-b61e-12d005165b17,62.5,1,0.0001203224642040669,62.54499816894531,62.54499816894531,62.54499816894531,62.33000183105469,0.0,0.2150000035762787
033014ea-1105-48c4-b61e-12d005165b17,35.20000076293945,4,0.0004812898568162676,35.253000259399414,35.22700119018555,35.28799819946289,26.934250354766846,8.072999864816666,0.24574999511241913
033014ea-1105-48c4-b61e-12d005165b17,38.79999923706055,4,0.0004812898568162676,38.851500511169434,38.83000183105469,38.882999420166016,38.579999923706055,0.0,0.2715000044554472
033014ea-1105-48c4-b61e-12d005165b17,68.0999984741211,1,0.0001203224642040669,68.16300201416016,68.16300201416016,68.16300201416016,68.08499908447266,0.0,0.07800000160932541
033014ea-1105-48c4-b61e-12d005165b17,51.20000076293945,1,0.0001203224642040669,51.25699996948242,51.25699996948242,51.25699996948242,51.03200149536133,0.0,0.22499999403953552
033014ea-1105-48c4-b61e-12d005165b17,38.29999923706055,4,0.0004812898568162676,38.33049964904785,38.316001892089844,38.34299850463867,37.66849994659424,0.40174999833106995,0.2602499984204769
033014ea-1105-48c4-b61e-12d005165b17,41.70000076293945,5,0.0006016123210203345,41.74480056762695,41.70100021362305,41.77399826049805,30.77999954223633,10.72920003682375,0.23559999763965606
033014ea-1105-48c4-b61e-12d005165b17,41.599998474121094,3,0.0003609673926122007,41.65099970499674,41.62799835205078,41.68199920654297,41.43500010172526,0.0,0.21600000311930975
033014ea-1105-48c4-b61e-12d005165b17,44.70000076293945,2,0.0002406449284081338,44.73349952697754,44.71500015258789,44.75199890136719,33.88999938964844,10.693499565124512,0.14999999850988388
033014ea-1105-48c4-b61e-12d005165b17,36.5,4,0.0004812898568162676,36.521249771118164,36.5,36.54399871826172,33.96549987792969,2.2547500133514404,0.301000002771616
033014ea-1105-48c4-b61e-12d005165b17,73.0,1,0.0001203224642040669,73.09100341796875,73.09100341796875,73.09100341796875,72.99500274658203,0.0,0.09600000083446503
033014ea-1105-48c4-b61e-12d005165b17,57.29999923706055,1,0.0001203224642040669,57.38999938964844,57.38999938964844,57.38999938964844,34.143001556396484,22.766000747680664,0.48100000619888306
033014ea-1105-48c4-b61e-12d005165b17,49.5,1,0.0001203224642040669,49.51100158691406,49.51100158691406,49.51100158691406,49.244998931884766,0.0,0.26600000262260437
033014ea-1105-48c4-b61e-12d005165b17,85.0999984741211,1,0.0001203224642040669,85.16200256347656,85.16200256347656,85.16200256347656,84.86699676513672,0.0,0.29499998688697815
033014ea-1105-48c4-b61e-12d005165b17,58.70000076293945,1,0.0001203224642040669,58.77000045776367,58.77000045776367,58.77000045776367,58.49100112915039,0.0,0.27900001406669617
033014ea-1105-48c4-b61e-12d005165b17,39.599998474121094,1,0.0001203224642040669,39.60300064086914,39.60300064086914,39.60300064086914,39.23400115966797,0.0,0.36899998784065247
033014ea-1105-48c4-b61e-12d005165b17,57.599998474121094,1,0.0001203224642040669,57.6619987487793,57.6619987487793,57.6619987487793,57.367000579833984,0.0,0.29499998688697815
033014ea-1105-48c4-b61e-12d005165b17,67.9000015258789,1,0.0001203224642040669,67.9530029296875,67.9530029296875,67.9530029296875,67.74299621582031,0.0,0.20999999344348907
033014ea-1105-48c4-b61e-12d005165b17,44.20000076293945,2,0.0002406449284081338,44.2140007019043,44.207000732421875,44.22100067138672,44.02799987792969,0.0,0.18599999323487282
033014ea-1105-48c4-b61e-12d005165b17,91.80000305175781,1,0.0001203224642040669,91.86900329589844,91.86900329589844,91.86900329589844,91.72100067138672,0.0,0.14800000190734863
033014ea-1105-48c4-b61e-12d005165b17,63.900001525878906,1,0.0001203224642040669,63.952999114990234,63.952999114990234,63.952999114990234,41.79100036621094,21.760000228881836,0.4020000100135803
033014ea-1105-48c4-b61e-12d005165b17,66.80000305175781,2,0.0002406449284081338,66.82050323486328,66.80000305175781,66.84100341796875,66.70949935913086,0.0,0.11100000143051147
033014ea-1105-48c4-b61e-12d005165b17,69.0999984741211,1,0.0001203224642040669,69.14199829101562,69.14199829101562,69.14199829101562,69.08699798583984,0.0,0.054999999701976776
033014ea-1105-48c4-b61e-12d005165b17,67.30000305175781,1,0.0001203224642040669,67.3270034790039,67.3270034790039,67.3270034790039,67.11699676513672,0.0,0.20999999344348907
033014ea-1105-48c4-b61e-12d005165b17,52.900001525878906,1,0.0001203224642040669,52.948001861572266,52.948001861572266,52.948001861572266,52.77799987792969,0.0,0.17000000178813934
033014ea-1105-48c4-b61e-12d005165b17,71.0999984741211,1,0.0001203224642040669,71.10299682617188,71.10299682617188,71.10299682617188,70.91100311279297,0.0,0.19200000166893005
033014ea-1105-48c4-b61e-12d005165b17,5.900000095367432,19,0.002286126819877271,5.950947359988564,5.9019999504089355,5.992000102996826,5.670789492757697,0.022736842695035432,0.2574210539460182
033014ea-1105-48c4-b61e-12d005165b17,41.5,6,0.0007219347852244014,41.53300031026205,41.512001037597656,41.57500076293945,37.44700050354004,3.8084999720255532,0.2774999973674615
033014ea-1105-48c4-b61e-12d005165b17,0.20000000298023224,264,0.03176513054987366,0.24416666573873072,0.20000000298023224,0.296999990940094,0.003924242503037958,0.0008030303217696421,0.2394393930832545
033014ea-1105-48c4-b61e-12d005165b17,5.5,23,0.002767416676693539,5.5616956586423125,5.511000156402588,5.5970001220703125,5.244826109512992,0.07665217603030412,0.2402173909156219
033014ea-1105-48c4-b61e-12d005165b17,29.299999237060547,7,0.0008422572494284683,29.355428423200333,29.315000534057617,29.39699935913086,29.023999895368302,0.0,0.33142857040677753
033014ea-1105-48c4-b61e-12d005165b17,5.099999904632568,27,0.0032487065335098063,5.151629624543367,5.107999801635742,5.197999954223633,4.781814804783574,0.08566666532445837,0.2841481489163858
033014ea-1105-48c4-b61e-12d005165b17,3.799999952316284,26,0.003128384069305739,3.8533846048208384,3.803999900817871,3.8989999294281006,3.557038453909067,0.06315384461329533,0.23319230916408393
033014ea-1105-48c4-b61e-12d005165b17,9.699999809265137,26,0.003128384069305739,9.745461573967567,9.70199966430664,9.79800033569336,9.372577043680044,0.09976923007231492,0.2731153853237629
033014ea-1105-48c4-b61e-12d005165b17,0.5,55,0.006617735531223679,0.5276000087911432,0.503000020980835,0.5960000157356262,0.1263818171891299,0.0018727272748947144,0.3993454636497931
033014ea-1105-48c4-b61e-12d005165b17,2.9000000953674316,29,0.00348935146191794,2.941655183660573,2.9019999504089355,2.994999885559082,2.642758611975045,0.053793104815072025,0.2451034483724627
033014ea-1105-48c4-b61e-12d005165b17,27.0,10,0.001203224642040669,27.066799926757813,27.02199935913086,27.097999572753906,26.00220012664795,0.754099988937378,0.3105000041425228
033014ea-1105-48c4-b61e-12d005165b17,62.20000076293945,3,0.0003609673926122007,62.25966771443685,62.20600128173828,62.290000915527344,53.55533345540365,8.254999796549479,0.4493333399295807
033014ea-1105-48c4-b61e-12d005165b17,9.100000381469727,25,0.0030080616051016726,9.152040061950684,9.100000381469727,9.196999549865723,8.286040015220642,0.6294800078868866,0.23652000308036805
033014ea-1105-48c4-b61e-12d005165b17,13.100000381469727,22,0.0026470942124894718,13.147909034382213,13.107000350952148,13.192000389099121,12.724863615902988,0.16604545441540805,0.2570000013167208
033014ea-1105-48c4-b61e-12d005165b17,14.5,25,0.0030080616051016726,14.545839958190918,14.503000259399414,14.595999717712402,14.114959945678711,0.12639999628067017,0.3044800046086311
033014ea-1105-48c4-b61e-12d005165b17,69.69999694824219,1,0.0001203224642040669,69.72699737548828,69.72699737548828,69.72699737548828,69.66300201416016,0.0,0.06400000303983688
033014ea-1105-48c4-b61e-12d005165b17,56.099998474121094,4,0.0004812898568162676,56.14150047302246,56.111000061035156,56.165000915527344,50.49275016784668,5.440000057220459,0.20875000394880772
033014ea-1105-48c4-b61e-12d005165b17,1.2999999523162842,20,0.002406449284081338,1.3446500062942506,1.3009999990463257,1.3980000019073486,0.9458999954164028,0.1660000044852495,0.23275000154972075
033014ea-1105-48c4-b61e-12d005165b17,15.699999809265137,19,0.002286126819877271,15.746684074401855,15.70199966430664,15.798999786376953,14.324420979148464,1.1797894929584705,0.24247368307490097
033014ea-1105-48c4-b61e-12d005165b17,13.399999618530273,24,0.0028877391408976055,13.447458306948343,13.401000022888184,13.496000289916992,12.166749894618988,1.0447916736205418,0.23591666823873916
033014ea-1105-48c4-b61e-12d005165b17,7.800000190734863,17,0.0020454818914691373,7.848882366629208,7.806000232696533,7.888999938964844,7.018999969258028,0.5255882459528306,0.3042941229308353
033014ea-1105-48c4-b61e-12d005165b17,5.599999904632568,23,0.002767416676693539,5.657782616822616,5.6020002365112305,5.696000099182129,5.321565234142801,0.10356521768414456,0.23265217341806577
033014ea-1105-48c4-b61e-12d005165b17,12.699999809265137,16,0.0019251594272650704,12.753312349319458,12.71500015258789,12.798999786376953,11.883812665939331,0.5906875059008598,0.2788124983198941
033014ea-1105-48c4-b61e-12d005165b17,19.5,22,0.0026470942124894718,19.552590803666547,19.5,19.599000930786133,18.06000017036091,1.1857273199341514,0.30686363781040366
033014ea-1105-48c4-b61e-12d005165b17,33.400001525878906,10,0.001203224642040669,33.45410041809082,33.409000396728516,33.4900016784668,31.584100341796876,1.6665000319480896,0.20350000113248826
033014ea-1105-48c4-b61e-12d005165b17,13.300000190734863,20,0.002406449284081338,13.344000005722046,13.300000190734863,13.397000312805176,12.663049983978272,0.4441500134766102,0.2367999978363514
033014ea-1105-48c4-b61e-12d005165b17,36.099998474121094,7,0.0008422572494284683,36.14214324951172,36.11000061035156,36.19300079345703,33.11614309038435,2.753285757132939,0.2727142870426178
033014ea-1105-48c4-b61e-12d005165b17,15.399999618530273,16,0.0019251594272650704,15.450999975204468,15.404000282287598,15.498000144958496,14.525249868631363,0.6033749952912331,0.32237499905750155
033014ea-1105-48c4-b61e-12d005165b17,16.0,26,0.003128384069305739,16.049499878516563,16.0,16.097000122070312,14.705384584573599,1.074653856169719,0.2694615383560841
033014ea-1105-48c4-b61e-12d005165b17,20.799999237060547,19,0.002286126819877271,20.857947399741725,20.799999237060547,20.898000717163086,18.86810514801427,1.7372631775705438,0.25257895063412816
033014ea-1105-48c4-b61e-12d005165b17,13.0,17,0.0020454818914691373,13.057647144093233,13.008000373840332,13.098999977111816,12.723176451290355,0.11305882474955391,0.22141176374519572
033014ea-1105-48c4-b61e-12d005165b17,8.100000381469727,26,0.003128384069305739,8.146230734311617,8.10200023651123,8.194000244140625,7.876500001320472,0.057307692674490124,0.2124230764233149
033014ea-1105-48c4-b61e-12d005165b17,43.099998474121094,5,0.0006016123210203345,43.1474006652832,43.111000061035156,43.194000244140625,39.65380020141602,3.238199996948242,0.2554000005125999
033014ea-1105-48c4-b61e-12d005165b17,24.600000381469727,12,0.0014438695704488027,24.65399980545044,24.607999801635742,24.695999145507812,23.057833353678387,1.261000007390976,0.3351666697611411
033014ea-1105-48c4-b61e-12d005165b17,18.200000762939453,19,0.002286126819877271,18.237842258654144,18.20199966430664,18.297000885009766,16.677158129842656,1.2437894846263684,0.3168947398662567
033014ea-1105-48c4-b61e-12d005165b17,27.600000381469727,13,0.0015641920346528696,27.670307599581204,27.625,27.697999954223633,24.46330767411452,3.033999990958434,0.17300000270971885
033014ea-1105-48c4-b61e-12d005165b17,14.600000381469727,17,0.0020454818914691373,14.648470654207117,14.609000205993652,14.696999549865723,13.679999996634091,0.7137058841831544,0.25476470677291646
033014ea-1105-48c4-b61e-12d005165b17,28.799999237060547,10,0.001203224642040669,28.8435998916626,28.80500030517578,28.891000747680664,21.738300132751466,6.8315000295639035,0.2737999983131886
033014ea-1105-48c4-b61e-12d005165b17,7.0,29,0.00348935146191794,7.043103448275862,7.001999855041504,7.0980000495910645,6.518517247561751,0.26693103025699483,0.2576551740539485
033014ea-1105-48c4-b61e-12d005165b17,16.799999237060547,18,0.0021658043556732043,16.8502779006958,16.808000564575195,16.88800048828125,14.304555419418547,2.2431666805512376,0.30255555858214694
033014ea-1105-48c4-b61e-12d005165b17,28.399999618530273,9,0.0010829021778366022,28.447667015923393,28.4060001373291,28.488000869750977,25.702888912624783,2.4894444718956947,0.2553333383467462
033014ea-1105-48c4-b61e-12d005165b17,44.400001525878906,3,0.0003609673926122007,44.425000508626304,44.400001525878906,44.439998626708984,44.19399897257487,0.0,0.23099999874830246
033014ea-1105-48c4-b61e-12d005165b17,25.899999618530273,13,0.0015641920346528696,25.95061522263747,25.899999618530273,25.993000030517578,21.28507707669185,4.401692362932058,0.2638461561157153
033014ea-1105-48c4-b61e-12d005165b17,10.399999618530273,18,0.0021658043556732043,10.45750003390842,10.40999984741211,10.49899959564209,10.13066652086046,0.08927777740690443,0.23755555558535787
033014ea-1105-48c4-b61e-12d005165b17,8.300000190734863,38,0.004572253639754542,8.345184225785104,8.300999641418457,8.394000053405762,8.025421104933086,0.05902631345548128,0.2607368428848292
033014ea-1105-48c4-b61e-12d005165b17,48.400001525878906,2,0.0002406449284081338,48.479000091552734,48.47700119018555,48.48099899291992,36.75600051879883,11.383000373840332,0.3399999961256981
033014ea-1105-48c4-b61e-12d005165b17,23.100000381469727,12,0.0014438695704488027,23.161999861399334,23.132999420166016,23.191999435424805,21.419833223025005,1.4985833366711934,0.24358333212633929
033014ea-1105-48c4-b61e-12d005165b17,7.5,21,0.0025267717482854047,7.5562380609058195,7.504000186920166,7.593999862670898,6.963714236304874,0.3493809472946894,0.2431428570832525
033014ea-1105-48c4-b61e-12d005165b17,25.0,11,0.0013235471062447359,25.05872743779963,25.00200080871582,25.090999603271484,23.30563631924716,1.5173636024648494,0.23572727157311005
033014ea-1105-48c4-b61e-12d005165b17,31.200000762939453,14,0.0016845144988569367,31.247785568237305,31.208999633789062,31.28499984741211,30.186642783028738,0.8063571367944989,0.25478571706584524
033014ea-1105-48c4-b61e-12d005165b17,18.799999237060547,22,0.0026470942124894718,18.845590764825996,18.799999237060547,18.88800048828125,17.148681770671498,1.4148182218725032,0.2820909121497111
033014ea-1105-48c4-b61e-12d005165b17,55.20000076293945,1,0.0001203224642040669,55.26599884033203,55.26599884033203,55.26599884033203,54.88199996948242,0.0,0.3840000033378601
033014ea-1105-48c4-b61e-12d005165b17,30.899999618530273,8,0.0009625797136325352,30.947749853134155,30.902999877929688,30.98699951171875,25.2009996175766,5.470749855041504,0.27599999960511923
033014ea-1105-48c4-b61e-12d005165b17,28.299999237060547,11,0.0013235471062447359,28.35054553638805,28.301000595092773,28.398000717163086,26.657363631508566,1.4860000860962002,0.20718181810595773
033014ea-1105-48c4-b61e-12d005165b17,12.0,22,0.0026470942124894718,12.05227279663086,12.00100040435791,12.095000267028809,11.400909077037465,0.38040909983895044,0.27095454795794055
033014ea-1105-48c4-b61e-12d005165b17,56.29999923706055,2,0.0002406449284081338,56.30499839782715,56.30099868774414,56.308998107910156,48.25349998474121,7.8379998207092285,0.2134999930858612
033014ea-1105-48c4-b61e-12d005165b17,53.400001525878906,4,0.0004812898568162676,53.45625019073486,53.41999816894531,53.49100112915039,53.26400089263916,0.0,0.19225000217556953
033014ea-1105-48c4-b61e-12d005165b17,43.20000076293945,4,0.0004812898568162676,43.266499519348145,43.21200180053711,43.292999267578125,31.819000244140625,11.131500244140625,0.31600000709295273
033014ea-1105-48c4-b61e-12d005165b17,29.700000762939453,6,0.0007219347852244014,29.745333353678387,29.711999893188477,29.780000686645508,25.728666702906292,3.7943334579467773,0.22233333686987558
033014ea-1105-48c4-b61e-12d005165b17,34.599998474121094,7,0.0008422572494284683,34.6197144644601,34.60599899291992,34.638999938964844,26.5148572240557,7.798857143947056,0.306000007050378
033014ea-1105-48c4-b61e-12d005165b17,38.0,5,0.0006016123210203345,38.04100036621094,38.01900100708008,38.08100128173828,28.264200115203856,9.508600044250489,0.26819999814033507
033014ea-1105-48c4-b61e-12d005165b17,63.5,1,0.0001203224642040669,63.566001892089844,63.566001892089844,63.566001892089844,63.04899978637695,0.0,0.5170000195503235
033014ea-1105-48c4-b61e-12d005165b17,28.100000381469727,3,0.0003609673926122007,28.178666432698567,28.16699981689453,28.19499969482422,27.364999771118164,0.5473333199818929,0.26633333911498386
033014ea-1105-48c4-b61e-12d005165b17,22.799999237060547,16,0.0019251594272650704,22.852187275886536,22.809999465942383,22.89900016784668,20.503562539815903,2.0528125623241067,0.2958125020377338
033014ea-1105-48c4-b61e-12d005165b17,53.900001525878906,6,0.0007219347852244014,53.96383285522461,53.90599822998047,53.99300003051758,49.87849998474121,3.8128331899642944,0.27250000089406967
033014ea-1105-48c4-b61e-12d005165b17,57.099998474121094,2,0.0002406449284081338,57.177499771118164,57.15999984741211,57.19499969482422,57.06049919128418,0.0,0.11700000241398811
033014ea-1105-48c4-b61e-12d005165b17,39.70000076293945,4,0.0004812898568162676,39.74024963378906,39.70600128173828,39.7869987487793,25.657000303268433,13.809499740600586,0.2737500071525574
033014ea-1105-48c4-b61e-12d005165b17,42.29999923706055,3,0.0003609673926122007,42.37800089518229,42.37300109863281,42.38199996948242,20.703999837239582,21.332666714986164,0.34133333961168927
033014ea-1105-48c4-b61e-12d005165b17,61.29999923706055,1,0.0001203224642040669,61.34600067138672,61.34600067138672,61.34600067138672,61.11899948120117,0.0,0.22699999809265137
033014ea-1105-48c4-b61e-12d005165b17,53.0,2,0.0002406449284081338,53.063499450683594,53.051998138427734,53.07500076293945,49.515499114990234,3.381500005722046,0.1664999984204769
033014ea-1105-48c4-b61e-12d005165b17,35.599998474121094,8,0.0009625797136325352,35.65037441253662,35.62099838256836,35.680999755859375,33.350750207901,2.0238749980926514,0.27575000189244747
033014ea-1105-48c4-b61e-12d005165b17,32.5,4,0.0004812898568162676,32.55200004577637,32.525001525878906,32.5890007019043,32.3147497177124,0.0,0.23724999651312828
033014ea-1105-48c4-b61e-12d005165b17,37.20000076293945,8,0.0009625797136325352,37.25699996948242,37.21200180053711,37.28799819946289,36.866000175476074,0.1014999970793724,0.2895000074058771
033014ea-1105-48c4-b61e-12d005165b17,60.70000076293945,2,0.0002406449284081338,60.73649978637695,60.722999572753906,60.75,40.68499946594238,19.725500106811523,0.32599999755620956
033014ea-1105-48c4-b61e-12d005165b17,39.900001525878906,2,0.0002406449284081338,39.97200012207031,39.95500183105469,39.98899841308594,39.57299995422363,0.0,0.39899998903274536
033014ea-1105-48c4-b61e-12d005165b17,74.19999694824219,1,0.0001203224642040669,74.23400115966797,74.23400115966797,74.23400115966797,74.17900085449219,0.0,0.054999999701976776
033014ea-1105-48c4-b61e-12d005165b17,61.5,1,0.0001203224642040669,61.50199890136719,61.50199890136719,61.50199890136719,61.38999938964844,0.0,0.1120000034570694
033014ea-1105-48c4-b61e-12d005165b17,62.70000076293945,1,0.0001203224642040669,62.79899978637695,62.79899978637695,62.79899978637695,40.654998779296875,21.760000228881836,0.3840000033378601
033014ea-1105-48c4-b61e-12d005165b17,55.599998474121094,2,0.0002406449284081338,55.65749931335449,55.63999938964844,55.67499923706055,51.26150131225586,4.039999961853027,0.35599999129772186
033014ea-1105-48c4-b61e-12d005165b17,76.30000305175781,1,0.0001203224642040669,76.30999755859375,76.30999755859375,76.30999755859375,75.8290023803711,0.0,0.48100000619888306
033014ea-1105-48c4-b61e-12d005165b17,52.099998474121094,1,0.0001203224642040669,52.141998291015625,52.141998291015625,52.141998291015625,43.805999755859375,8.079999923706055,0.25600001215934753
033014ea-1105-48c4-b61e-12d005165b17,52.70000076293945,2,0.0002406449284081338,52.72850036621094,52.71900177001953,52.737998962402344,41.07349967956543,11.479999542236328,0.17499999701976776
033014ea-1105-48c4-b61e-12d005165b17,51.099998474121094,2,0.0002406449284081338,51.18149948120117,51.16899871826172,51.194000244140625,46.83300018310547,4.039999961853027,0.3085000105202198
033014ea-1105-48c4-b61e-12d005165b17,45.400001525878906,2,0.0002406449284081338,45.416500091552734,45.415000915527344,45.417999267578125,28.84500026702881,16.18049955368042,0.39100000262260437
033014ea-1105-48c4-b61e-12d005165b17,57.400001525878906,1,0.0001203224642040669,57.46699905395508,57.46699905395508,57.46699905395508,50.63800048828125,6.763000011444092,0.06599999964237213
033014ea-1105-48c4-b61e-12d005165b17,59.599998474121094,1,0.0001203224642040669,59.66299819946289,59.66299819946289,59.66299819946289,59.36800003051758,0.0,0.29499998688697815
033014ea-1105-48c4-b61e-12d005165b17,46.099998474121094,1,0.0001203224642040669,46.137001037597656,46.137001037597656,46.137001037597656,45.9119987487793,0.0,0.22499999403953552
033014ea-1105-48c4-b61e-12d005165b17,58.900001525878906,1,0.0001203224642040669,58.95399856567383,58.95399856567383,58.95399856567383,58.6619987487793,0.0,0.2919999957084656
033014ea-1105-48c4-b61e-12d005165b17,60.900001525878906,2,0.0002406449284081338,60.95100021362305,60.946998596191406,60.95500183105469,57.40850067138672,3.3635001182556152,0.17900000512599945
033014ea-1105-48c4-b61e-12d005165b17,20.100000381469727,22,0.0026470942124894718,20.14204536784779,20.100000381469727,20.194000244140625,18.78799989006736,1.0985000150447541,0.2555454559624195
033014ea-1105-48c4-b61e-12d005165b17,29.799999237060547,20,0.002406449284081338,29.85964994430542,29.80500030517578,29.89900016784668,27.51769995689392,2.0807999789714815,0.2611499983817339
033014ea-1105-48c4-b61e-12d005165b17,19.899999618530273,13,0.0015641920346528696,19.951153975266678,19.913000106811523,19.993000030517578,18.443307619828445,1.2459231156569262,0.2619230798803843
033014ea-1105-48c4-b61e-12d005165b17,8.800000190734863,33,0.003970641318734208,8.85060605135831,8.803000450134277,8.89900016784668,8.10318182815205,0.47963636752330896,0.26778788051821967
033014ea-1105-48c4-b61e-12d005165b17,34.900001525878906,10,0.001203224642040669,34.96330032348633,34.909000396728516,34.99700164794922,34.78670043945313,0.0,0.17659999802708626
033014ea-1105-48c4-b61e-12d005165b17,0.800000011920929,33,0.003970641318734208,0.8465151515873995,0.8009999990463257,0.8989999890327454,0.619878786982912,0.023999999192627994,0.2026363658634099
033014ea-1105-48c4-b61e-12d005165b17,9.600000381469727,32,0.003850318854530141,9.647687554359436,9.600000381469727,9.699000358581543,9.074874974787235,0.2901875078678131,0.2826250025536865
033014ea-1105-48c4-b61e-12d005165b17,12.5,23,0.002767416676693539,12.546782659447711,12.5,12.597000122070312,12.15060860177745,0.13982608525649362,0.256347827937292
033014ea-1105-48c4-b61e-12d005165b17,32.0,4,0.0004812898568162676,32.03874969482422,32.005001068115234,32.06399917602539,29.724249839782715,2.0199999809265137,0.294500008225441
033014ea-1105-48c4-b61e-12d005165b17,18.0,23,0.002767416676693539,18.049608645231828,18.003999710083008,18.09600067138672,16.27891307291777,1.5151304291642231,0.2555652173316997
033014ea-1105-48c4-b61e-12d005165b17,43.400001525878906,4,0.0004812898568162676,43.43699932098389,43.4119987487793,43.486000061035156,37.43300008773804,5.715000186115503,0.289000004529953
033014ea-1105-48c4-b61e-12d005165b17,15.100000381469727,19,0.002286126819877271,15.147052664505807,15.109999656677246,15.189000129699707,14.96247376893696,0.0,0.184578947330776
033014ea-1105-48c4-b61e-12d005165b17,0.8999999761581421,33,0.003970641318734208,0.9529696955825343,0.9049999713897705,0.9959999918937683,0.6989697019259135,0.04469696793592337,0.20930302955887534
033014ea-1105-48c4-b61e-12d005165b17,3.9000000953674316,23,0.002767416676693539,3.9482173919677734,3.9070000648498535,3.993000030517578,3.6742608650870947,0.0,0.27395652331735776
033014ea-1105-48c4-b61e-12d005165b17,7.599999904632568,22,0.0026470942124894718,7.652136347510598,7.611999988555908,7.693999767303467,6.5560454455288975,0.8612727251919833,0.23481818051500755
033014ea-1105-48c4-b61e-12d005165b17,26.899999618530273,13,0.0015641920346528696,26.95653871389536,26.90999984741211,26.988000869750977,24.432769261873684,2.2448461634608416,0.2789230805176955
033014ea-1105-48c4-b61e-12d005165b17,34.0,7,0.0008422572494284683,34.0644291469029,34.012001037597656,34.09000015258789,30.41699981689453,3.41142851965768,0.23600000249488012
033014ea-1105-48c4-b61e-12d005165b17,22.100000381469727,18,0.0021658043556732043,22.152666409810383,22.100000381469727,22.198999404907227,18.170777708292007,3.7347777552074857,0.2471111114654276
033014ea-1105-48c4-b61e-12d005165b17,2.0,27,0.0032487065335098063,2.0425185097588434,2.002000093460083,2.0889999866485596,1.6142962950247306,0.1971481442451477,0.23107407297249194
033014ea-1105-48c4-b61e-12d005165b17,11.100000381469727,31,0.0037299963903260737,11.155387140089466,11.100000381469727,11.194000244140625,10.664612916208082,0.24325806479300222,0.24751612904571718
033014ea-1105-48c4-b61e-12d005165b17,48.20000076293945,7,0.0008422572494284683,48.241428920200896,48.20800018310547,48.27899932861328,45.51642881120954,2.4791429213115146,0.24585714084761484
033014ea-1105-48c4-b61e-12d005165b17,20.299999237060547,21,0.0025267717482854047,20.351095290411088,20.30699920654297,20.395000457763672,20.009857086908248,0.054333334877377466,0.28690476396254133
033014ea-1105-48c4-b61e-12d005165b17,18.100000381469727,18,0.0021658043556732043,18.15138880411784,18.104999542236328,18.184999465942383,16.535333467854393,1.346333338154687,0.26972222452362377
033014ea-1105-48c4-b61e-12d005165b17,10.699999809265137,29,0.00348935146191794,10.747517289786503,10.699999809265137,10.795000076293945,10.392206948378991,0.08703448032510691,0.26827586133932246
033014ea-1105-48c4-b61e-12d005165b17,1.600000023841858,35,0.004211286247142341,1.6613142796925136,1.6019999980926514,1.6990000009536743,1.3407999992370605,0.08382857186453684,0.23668571540287564
033014ea-1105-48c4-b61e-12d005165b17,23.799999237060547,18,0.0021658043556732043,23.846611128913032,23.801000595092773,23.898000717163086,22.301500002543133,1.2486666838328044,0.29644444543454385
033014ea-1105-48c4-b61e-12d005165b17,27.200000762939453,12,0.0014438695704488027,27.25600004196167,27.211000442504883,27.29599952697754,25.040833393732708,1.9562499752889078,0.25891666921476525
033014ea-1105-48c4-b61e-12d005165b17,29.0,10,0.001203224642040669,29.061499977111815,29.025999069213867,29.09600067138672,28.684600257873534,0.07059999704360961,0.3063000045716763
033014ea-1105-48c4-b61e-12d005165b17,41.099998474121094,4,0.0004812898568162676,41.157999992370605,41.104000091552734,41.191001892089844,38.4972505569458,2.335750013589859,0.32500000298023224
033014ea-1105-48c4-b61e-12d005165b17,41.400001525878906,5,0.0006016123210203345,41.466600799560545,41.40800094604492,41.499000549316406,41.13199996948242,0.0,0.3345999985933304
033014ea-1105-48c4-b61e-12d005165b17,27.899999618530273,16,0.0019251594272650704,27.949124813079834,27.900999069213867,27.993000030517578,24.936625123023987,2.7742500007152557,0.23825000086799264
033014ea-1105-48c4-b61e-12d005165b17,30.799999237060547,9,0.0010829021778366022,30.829889085557724,30.804000854492188,30.875999450683594,30.589000066121418,0.0,0.24088888863722482
033014ea-1105-48c4-b61e-12d005165b17,31.0,4,0.0004812898568162676,31.048749446868896,31.02199935913086,31.06399917602539,30.857500076293945,0.0,0.19125000201165676
033014ea-1105-48c4-b61e-12d005165b17,0.6000000238418579,27,0.0032487065335098063,0.644592594217371,0.6019999980926514,0.6919999718666077,0.4231111098218847,0.04137037142559334,0.180111111038261
033014ea-1105-48c4-b61e-12d005165b17,17.299999237060547,14,0.0016845144988569367,17.337071418762207,17.301000595092773,17.395000457763672,15.76500016450882,1.2728572062083654,0.2992142896567072
033014ea-1105-48c4-b61e-12d005165b17,21.100000381469727,18,0.0021658043556732043,21.145722177293564,21.10099983215332,21.19300079345703,20.83472230699327,0.09222222243746121,0.21877777948975563
033014ea-1105-48c4-b61e-12d005165b17,26.100000381469727,7,0.0008422572494284683,26.173714229038783,26.152999877929688,26.194000244140625,25.951571328299387,0.0,0.22214286135775702
033014ea-1105-48c4-b61e-12d005165b17,25.799999237060547,16,0.0019251594272650704,25.861937403678894,25.82200050354004,25.893999099731445,18.512687548995018,7.134312570095062,0.21493749972432852
033014ea-1105-48c4-b61e-12d005165b17,64.69999694824219,1,0.0001203224642040669,64.71800231933594,64.71800231933594,64.71800231933594,64.56999969482422,0.0,0.14800000190734863
033014ea-1105-48c4-b61e-12d005165b17,33.099998474121094,7,0.0008422572494284683,33.157000405447825,33.10200119018555,33.194000244140625,32.87414278302874,0.0,0.2828571466462953
033014ea-1105-48c4-b61e-12d005165b17,25.200000762939453,16,0.0019251594272650704,25.249249815940857,25.218000411987305,25.292999267578125,24.091562509536743,0.9797499775886536,0.17793750064447522
033014ea-1105-48c4-b61e-12d005165b17,39.099998474121094,2,0.0002406449284081338,39.14150047302246,39.13100051879883,39.152000427246094,38.972999572753906,0.0,0.16850000247359276
033014ea-1105-48c4-b61e-12d005165b17,27.299999237060547,19,0.002286126819877271,27.34436838250411,27.31599998474121,27.385000228881836,26.090947402151006,1.0228421570439088,0.23057894643984342
033014ea-1105-48c4-b61e-12d005165b17,15.0,23,0.002767416676693539,15.047347815140434,15.003000259399414,15.095999717712402,14.182217390640922,0.5799565107926078,0.28517391208721243
033014ea-1105-48c4-b61e-12d005165b17,23.5,15,0.0018048369630610035,23.545866521199546,23.5049991607666,23.58799934387207,21.431799920399985,1.7343999991814296,0.37966666917006175
033014ea-1105-48c4-b61e-12d005165b17,16.399999618530273,15,0.0018048369630610035,16.449400202433267,16.405000686645508,16.496000289916992,16.13260008494059,0.10246666272481282,0.21433333108822505
033014ea-1105-48c4-b61e-12d005165b17,4.300000190734863,22,0.0026470942124894718,4.34281815182079,4.303999900817871,4.390999794006348,3.983363628387451,0.12499999796802347,0.23445454476909203
033014ea-1105-48c4-b61e-12d005165b17,8.5,31,0.0037299963903260737,8.555354795148295,8.508999824523926,8.597999572753906,8.003677398927751,0.30832257914927697,0.24335483942301042
033014ea-1105-48c4-b61e-12d005165b17,59.29999923706055,4,0.0004812898568162676,59.366000175476074,59.30699920654297,59.395999908447266,53.89525032043457,5.298749923706055,0.1719999946653843
033014ea-1105-48c4-b61e-12d005165b17,25.600000381469727,12,0.0014438695704488027,25.639583428700764,25.60099983215332,25.69700050354004,24.582916577657063,0.8072499930858612,0.2494166661053896
033014ea-1105-48c4-b61e-12d005165b17,86.80000305175781,1,0.0001203224642040669,86.81099700927734,86.81099700927734,86.81099700927734,39.5359992980957,46.78799819946289,0.4869999885559082
033014ea-1105-48c4-b61e-12d005165b17,12.399999618530273,18,0.0021658043556732043,12.45172225104438,12.409000396728516,12.496999740600586,12.126055664486355,0.0642777747578091,0.26138889003131127
033014ea-1105-48c4-b61e-12d005165b17,19.100000381469727,17,0.0020454818914691373,19.150999854592715,19.101999282836914,19.198999404907227,17.278411823160507,1.6181176410001867,0.2544705872150028
033014ea-1105-48c4-b61e-12d005165b17,42.20000076293945,4,0.0004812898568162676,42.241000175476074,42.21200180053711,42.270999908447266,39.72425079345703,2.3290000557899475,0.18775000236928463
033014ea-1105-48c4-b61e-12d005165b17,67.0,1,0.0001203224642040669,67.08200073242188,67.08200073242188,67.08200073242188,50.41899871826172,16.493000030517578,0.17000000178813934
033014ea-1105-48c4-b61e-12d005165b17,9.5,26,0.003128384069305739,9.552923092475304,9.505000114440918,9.598999977111816,9.144230732550987,0.09688461743868314,0.3118076966359065
033014ea-1105-48c4-b61e-12d005165b17,40.29999923706055,4,0.0004812898568162676,40.33199977874756,40.310001373291016,40.36800003051758,39.776000022888184,0.2852500081062317,0.2707500010728836
033014ea-1105-48c4-b61e-12d005165b17,27.100000381469727,17,0.0020454818914691373,27.139647203333237,27.10300064086914,27.187000274658203,24.041823499342975,2.8081176421221565,0.2897058813010945
033014ea-1105-48c4-b61e-12d005165b17,46.400001525878906,4,0.0004812898568162676,46.45625019073486,46.45100021362305,46.4640007019043,36.41250038146973,9.740750312805176,0.3030000068247318
033014ea-1105-48c4-b61e-12d005165b17,55.79999923706055,1,0.0001203224642040669,55.869998931884766,55.869998931884766,55.869998931884766,55.805999755859375,0.0,0.06400000303983688
033014ea-1105-48c4-b61e-12d005165b17,47.099998474121094,4,0.0004812898568162676,47.14099979400635,47.117000579833984,47.15299987792969,46.948750495910645,0.1080000028014183,0.08424999937415123
033014ea-1105-48c4-b61e-12d005165b17,47.70000076293945,5,0.0006016123210203345,47.742400360107425,47.7140007019043,47.784000396728516,41.52840003967285,5.972999954223633,0.240999998152256
033014ea-1105-48c4-b61e-12d005165b17,65.4000015258789,2,0.0002406449284081338,65.43550109863281,65.42900085449219,65.44200134277344,65.22750091552734,0.0,0.20800000429153442
033014ea-1105-48c4-b61e-12d005165b17,41.79999923706055,3,0.0003609673926122007,41.83466720581055,41.803001403808594,41.882999420166016,34.26166598002116,7.253333409627278,0.31966666877269745
033014ea-1105-48c4-b61e-12d005165b17,35.099998474121094,6,0.0007219347852244014,35.150333404541016,35.12200164794922,35.183998107910156,31.051666577657063,3.825666666030884,0.27300000190734863
033014ea-1105-48c4-b61e-12d005165b17,56.400001525878906,5,0.0006016123210203345,56.43939971923828,56.402000427246094,56.472999572753906,47.103399658203124,8.975600051879884,0.36039999723434446
033014ea-1105-48c4-b61e-12d005165b17,48.0,3,0.0003609673926122007,48.0336659749349,48.00899887084961,48.082000732421875,47.77766672770182,0.0,0.25600000967582065
033014ea-1105-48c4-b61e-12d005165b17,84.0999984741211,1,0.0001203224642040669,84.19100189208984,84.19100189208984,84.19100189208984,84.10399627685547,0.0,0.08699999749660492
033014ea-1105-48c4-b61e-12d005165b17,54.599998474121094,1,0.0001203224642040669,54.62699890136719,54.62699890136719,54.62699890136719,38.237998962402344,16.19700050354004,0.19200000166893005
033014ea-1105-48c4-b61e-12d005165b17,104.5,1,0.0001203224642040669,104.5530014038086,104.5530014038086,104.5530014038086,104.36100006103516,0.0,0.19200000166893005
033014ea-1105-48c4-b61e-12d005165b17,71.5999984741211,2,0.0002406449284081338,71.62249755859375,71.61599731445312,71.62899780273438,51.848501205444336,19.629499435424805,0.1444999985396862
033014ea-1105-48c4-b61e-12d005165b17,49.29999923706055,2,0.0002406449284081338,49.35700035095215,49.34400177001953,49.369998931884766,41.11400032043457,8.095499992370605,0.14750000089406967
033014ea-1105-48c4-b61e-12d005165b17,45.099998474121094,3,0.0003609673926122007,45.1556650797526,45.141998291015625,45.176998138427734,44.74966684977213,0.0,0.40600000818570453
033014ea-1105-48c4-b61e-12d005165b17,42.0,5,0.0006016123210203345,42.047400665283206,42.018001556396484,42.07500076293945,40.22060012817383,1.57540003657341,0.2514000028371811
033014ea-1105-48c4-b61e-12d005165b17,22.600000381469727,11,0.0013235471062447359,22.640090942382812,22.61400032043457,22.674999237060547,18.819181659004904,3.551272652365945,0.2696363641457124
033014ea-1105-48c4-b61e-12d005165b17,40.099998474121094,5,0.0006016123210203345,40.132599639892575,40.11000061035156,40.1510009765625,36.65099983215332,3.239400100708008,0.24219999462366104
033014ea-1105-48c4-b61e-12d005165b17,77.5999984741211,1,0.0001203224642040669,77.60800170898438,77.60800170898438,77.60800170898438,77.21700286865234,0.0,0.39100000262260437
033014ea-1105-48c4-b61e-12d005165b17,63.400001525878906,2,0.0002406449284081338,63.427499771118164,63.42499923706055,63.43000030517578,63.21699905395508,0.0,0.21050000935792923
033014ea-1105-48c4-b61e-12d005165b17,58.400001525878906,1,0.0001203224642040669,58.481998443603516,58.481998443603516,58.481998443603516,58.27199935913086,0.0,0.20999999344348907
033014ea-1105-48c4-b61e-12d005165b17,61.099998474121094,2,0.0002406449284081338,61.12249946594238,61.10300064086914,61.141998291015625,41.878000259399414,19.021499633789062,0.22300000116229057
033014ea-1105-48c4-b61e-12d005165b17,59.5,1,0.0001203224642040669,59.50299835205078,59.50299835205078,59.50299835205078,59.36800003051758,0.0,0.13500000536441803
033014ea-1105-48c4-b61e-12d005165b17,53.599998474121094,2,0.0002406449284081338,53.677499771118164,53.65800094604492,53.696998596191406,50.17650032043457,3.381500005722046,0.11949999630451202
033014ea-1105-48c4-b61e-12d005165b17,61.599998474121094,1,0.0001203224642040669,61.62900161743164,61.62900161743164,61.62900161743164,61.53799819946289,0.0,0.09099999815225601
033014ea-1105-48c4-b61e-12d005165b17,42.099998474121094,3,0.0003609673926122007,42.14666620890299,42.11199951171875,42.17599868774414,41.98666636149088,0.0,0.16000000139077505
033014ea-1105-48c4-b61e-12d005165b17,101.5,1,0.0001203224642040669,101.58799743652344,101.58799743652344,101.58799743652344,101.36100006103516,0.0,0.22699999809265137
033014ea-1105-48c4-b61e-12d005165b17,49.900001525878906,2,0.0002406449284081338,49.920000076293945,49.909000396728516,49.930999755859375,49.7189998626709,0.0,0.20099999755620956
033014ea-1105-48c4-b61e-12d005165b17,59.79999923706055,1,0.0001203224642040669,59.83399963378906,59.83399963378906,59.83399963378906,44.02299880981445,15.675999641418457,0.13500000536441803
033014ea-1105-48c4-b61e-12d005165b17,64.9000015258789,1,0.0001203224642040669,64.99700164794922,64.99700164794922,64.99700164794922,64.8489990234375,0.0,0.14800000190734863
033014ea-1105-48c4-b61e-12d005165b17,133.89999389648438,1,0.0001203224642040669,133.97300720214844,133.97300720214844,133.97300720214844,133.90899658203125,0.0,0.06400000303983688
033014ea-1105-48c4-b61e-12d005165b17,74.5999984741211,1,0.0001203224642040669,74.61599731445312,74.61599731445312,74.61599731445312,74.46600341796875,0.0,0.15000000596046448
033014ea-1105-48c4-b61e-12d005165b17,20.899999618530273,18,0.0021658043556732043,20.961666954888237,20.91200065612793,20.9950008392334,19.03966674539778,1.6032222078906164,0.31877778097987175
033014ea-1105-48c4-b61e-12d005165b17,34.29999923706055,6,0.0007219347852244014,34.336167653401695,34.30099868774414,34.380001068115234,26.883167107899983,7.1911665598551435,0.2618333362042904
033014ea-1105-48c4-b61e-12d005165b17,47.20000076293945,5,0.0006016123210203345,47.23119964599609,47.20000076293945,47.26499938964844,36.091799926757815,10.831000137329102,0.30839999914169314
033014ea-1105-48c4-b61e-12d005165b17,24.299999237060547,9,0.0010829021778366022,24.363333384195965,24.31599998474121,24.395000457763672,19.114555676778156,5.013111154238383,0.23566666742165884
033014ea-1105-48c4-b61e-12d005165b17,0.0,447,0.053784141499217904,0.01749664426716649,0.0,0.09799999743700027,0.0,0.0,0.01749664426716649
033014ea-1105-48c4-b61e-12d005165b17,1.7999999523162842,28,0.0033690289977138734,1.8505357163293021,1.8009999990463257,1.8960000276565552,1.3075000026396342,0.3171071410179138,0.22592857213956968
033014ea-1105-48c4-b61e-12d005165b17,19.700000762939453,23,0.002767416676693539,19.751608724179476,19.70400047302246,19.79400062561035,19.158695635588273,0.36034782716761465,0.23256521769191907
033014ea-1105-48c4-b61e-12d005165b17,2.5,30,0.003609673926122007,2.546333368619283,2.500999927520752,2.5950000286102295,2.1722666720549264,0.12200000286102294,0.2520666683713595
033014ea-1105-48c4-b61e-12d005165b17,31.600000381469727,5,0.0006016123210203345,31.62599983215332,31.604999542236328,31.660999298095703,28.315399742126466,3.1426000595092773,0.16800000369548798
033014ea-1105-48c4-b61e-12d005165b17,11.0,45,0.00541451088918301,11.050266689724392,11.001999855041504,11.097999572753906,10.729933314853245,0.07664444264438418,0.24368889133135477
033014ea-1105-48c4-b61e-12d005165b17,0.10000000149011612,229,0.02755384430273132,0.1450873358931604,0.10000000149011612,0.19599999487400055,0.002336244542135422,0.0,0.14275109146489848
033014ea-1105-48c4-b61e-12d005165b17,13.699999809265137,26,0.003128384069305739,13.751538423391489,13.706999778747559,13.798999786376953,13.352576952714186,0.17015384710752046,0.22880769291749367
033014ea-1105-48c4-b61e-12d005165b17,17.799999237060547,21,0.0025267717482854047,17.849333172752743,17.805999755859375,17.89699935913086,17.104380880083358,0.4234285666829064,0.3215238111359732
033014ea-1105-48c4-b61e-12d005165b17,13.600000381469727,17,0.0020454818914691373,13.644058788523955,13.60200023651123,13.697999954223633,13.439294197980095,0.0,0.2047647088766098
033014ea-1105-48c4-b61e-12d005165b17,2.4000000953674316,26,0.003128384069305739,2.451538461905259,2.4059998989105225,2.499000072479248,2.075615395147067,0.1272692273442562,0.24865384457203057
033014ea-1105-48c4-b61e-12d005165b17,30.299999237060547,5,0.0006016123210203345,30.352000045776368,30.33799934387207,30.368999481201172,30.25119972229004,0.0,0.1007999986410141
033014ea-1105-48c4-b61e-12d005165b17,46.0,2,0.0002406449284081338,46.08849906921387,46.084999084472656,46.09199905395508,34.67150020599365,11.169499576091766,0.2475000098347664
033014ea-1105-48c4-b61e-12d005165b17,13.199999809265137,21,0.0025267717482854047,13.252904710315523,13.206999778747559,13.293000221252441,12.552809533618746,0.43985713663555326,0.26023809682755245
033014ea-1105-48c4-b61e-12d005165b17,25.399999618530273,17,0.0020454818914691373,25.455999823177564,25.405000686645508,25.49799919128418,20.053529178394992,5.150941103696823,0.25152941223453074
033014ea-1105-48c4-b61e-12d005165b17,14.699999809265137,23,0.002767416676693539,14.746826047482697,14.699999809265137,14.798999786376953,14.00060856860617,0.4970869486746581,0.249130435935829
033014ea-1105-48c4-b61e-12d005165b17,22.5,13,0.0015641920346528696,22.548846318171574,22.503999710083008,22.591999053955078,20.46938470693735,1.833615360924831,0.2458461603293052
033014ea-1105-48c4-b61e-12d005165b17,1.100000023841858,32,0.003850318854530141,1.1535624973475933,1.100000023841858,1.1990000009536743,0.8482812382280827,0.05806249985471368,0.24721875065006316
033014ea-1105-48c4-b61e-12d005165b17,17.700000762939453,10,0.001203224642040669,17.747700119018553,17.72599983215332,17.79599952697754,14.9239000082016,2.5227999925613402,0.30100000500679014
033014ea-1105-48c4-b61e-12d005165b17,5.0,21,0.0025267717482854047,5.046381019410633,5.014999866485596,5.0970001220703125,4.787190505436489,0.020571429105032058,0.23861904548747198
033014ea-1105-48c4-b61e-12d005165b17,29.100000381469727,10,0.001203224642040669,29.148199844360352,29.121999740600586,29.187000274658203,22.67439980506897,6.220600032806397,0.2532000012695789
033014ea-1105-48c4-b61e-12d005165b17,21.600000381469727,15,0.0018048369630610035,21.658466720581053,21.618000030517578,21.697999954223633,18.02140007019043,3.340733210245768,0.2963333363334338
033014ea-1105-48c4-b61e-12d005165b17,44.79999923706055,2,0.0002406449284081338,44.86199951171875,44.8390007019043,44.8849983215332,36.522499084472656,8.095499992370605,0.24400000274181366
033014ea-1105-48c4-b61e-12d005165b17,21.0,16,0.0019251594272650704,21.03893733024597,21.007999420166016,21.084999084472656,19.267375007271767,1.5013749599456787,0.2701874990016222
033014ea-1105-48c4-b61e-12d005165b17,37.900001525878906,8,0.0009625797136325352,37.95937490463257,37.90599822998047,37.99599838256836,29.53137493133545,8.23862498998642,0.18937499914318323
033014ea-1105-48c4-b61e-12d005165b17,43.79999923706055,2,0.0002406449284081338,43.82399940490723,43.814998626708984,43.83300018310547,35.18149948120117,8.246500015258789,0.3959999978542328
033014ea-1105-48c4-b61e-12d005165b17,7.300000190734863,23,0.002767416676693539,7.340956501338793,7.300000190734863,7.38700008392334,6.96004351325657,0.11360869783422221,0.2673043498526449
033014ea-1105-48c4-b61e-12d005165b17,4.099999904632568,25,0.0030080616051016726,4.146039981842041,4.105999946594238,4.195000171661377,3.8341600131988525,0.06671999990940095,0.24515999972820282
033014ea-1105-48c4-b61e-12d005165b17,40.70000076293945,4,0.0004812898568162676,40.74600028991699,40.7140007019043,40.78200149536133,40.545000076293945,0.0,0.2009999994188547
033014ea-1105-48c4-b61e-12d005165b17,36.70000076293945,8,0.0009625797136325352,36.751375675201416,36.70000076293945,36.797000885009766,32.564624547958374,3.887125037610531,0.29962499905377626
033014ea-1105-48c4-b61e-12d005165b17,17.5,17,0.0020454818914691373,17.554176218369427,17.503000259399414,17.599000930786133,16.407588453853833,0.8294117590960335,0.3171764669172904
033014ea-1105-48c4-b61e-12d005165b17,42.79999923706055,4,0.0004812898568162676,42.86050033569336,42.82699966430664,42.895999908447266,42.56700038909912,0.0,0.29350000247359276
033014ea-1105-48c4-b61e-12d005165b17,9.0,29,0.00348935146191794,9.050758624898977,9.0,9.097999572753906,8.728000032490698,0.05624137716046695,0.26651724222405204
033014ea-1105-48c4-b61e-12d005165b17,70.0,1,0.0001203224642040669,70.05899810791016,70.05899810791016,70.05899810791016,69.947998046875,0.0,0.11100000143051147
033014ea-1105-48c4-b61e-12d005165b17,48.900001525878906,5,0.0006016123210203345,48.94699935913086,48.9119987487793,48.994998931884766,39.12300033569336,9.628200340270997,0.19580000191926955
033014ea-1105-48c4-b61e-12d005165b17,40.0,4,0.0004812898568162676,40.04275035858154,40.007999420166016,40.07600021362305,30.397499799728394,9.40625,0.23900000005960464
033014ea-1105-48c4-b61e-12d005165b17,46.70000076293945,2,0.0002406449284081338,46.73549842834473,46.71799850463867,46.75299835205078,35.637999534606934,10.693499565124512,0.403999999165535
033014ea-1105-48c4-b61e-12d005165b17,51.5,3,0.0003609673926122007,51.52633285522461,51.507999420166016,51.555999755859375,49.045667012532554,2.24233341217041,0.23833332459131876
033014ea-1105-48c4-b61e-12d005165b17,30.600000381469727,9,0.0010829021778366022,30.646888944837784,30.604999542236328,30.698999404907227,25.231666988796658,5.177333407931858,0.2378888941473431
033014ea-1105-48c4-b61e-12d005165b17,45.29999923706055,3,0.0003609673926122007,45.35266621907552,45.321998596191406,45.37200164794922,39.82633399963379,5.288333257039388,0.23800000051657358
033014ea-1105-48c4-b61e-12d005165b17,16.5,18,0.0021658043556732043,16.555333349439834,16.516000747680664,16.59000015258789,16.35094420115153,0.0,0.20438888917366663
033014ea-1105-48c4-b61e-12d005165b17,28.700000762939453,6,0.0007219347852244014,28.736833572387695,28.700000762939453,28.784000396728516,25.673166433970135,2.811666707197825,0.25200000156958896
033014ea-1105-48c4-b61e-12d005165b17,51.599998474121094,4,0.0004812898568162676,51.64474964141846,51.608001708984375,51.66699981689453,51.38949966430664,0.0,0.2552499994635582
033014ea-1105-48c4-b61e-12d005165b17,46.20000076293945,5,0.0006016123210203345,46.22779998779297,46.202999114990234,46.25699996948242,36.81500015258789,9.135999870300292,0.27679999768733976
033014ea-1105-48c4-b61e-12d005165b17,39.400001525878906,6,0.0007219347852244014,39.4581667582194,39.417999267578125,39.479000091552734,35.20466613769531,3.8945000370343528,0.35900000234444934
033014ea-1105-48c4-b61e-12d005165b17,39.5,3,0.0003609673926122007,39.550000508626304,39.50299835205078,39.57400131225586,39.39366785685221,0.0,0.15633333226044974
033014ea-1105-48c4-b61e-12d005165b17,3.5999999046325684,19,0.002286126819877271,3.649736856159411,3.6040000915527344,3.693000078201294,3.1957368223290694,0.1945789424996627,0.2594210548620475
033014ea-1105-48c4-b61e-12d005165b17,36.29999923706055,4,0.0004812898568162676,36.36549949645996,36.31399917602539,36.393001556396484,35.711750984191895,0.34599998593330383,0.30775000154972076
033014ea-1105-48c4-b61e-12d005165b17,8.699999809265137,26,0.003128384069305739,8.743846159714918,8.70300006866455,8.791000366210938,8.496846199035645,0.0,0.24700000108434603
033014ea-1105-48c4-b61e-12d005165b17,43.599998474121094,4,0.0004812898568162676,43.64050006866455,43.599998474121094,43.698001861572266,39.34749937057495,4.0707502365112305,0.22225000336766243
033014ea-1105-48c4-b61e-12d005165b17,35.79999923706055,5,0.0006016123210203345,35.848001098632814,35.82099914550781,35.893001556396484,34.27100028991699,1.3406000137329102,0.2363999977707863
033014ea-1105-48c4-b61e-12d005165b17,45.20000076293945,5,0.0006016123210203345,45.241400146484374,45.20800018310547,45.29899978637695,34.803399658203126,10.17140007019043,0.266600002348423
033014ea-1105-48c4-b61e-12d005165b17,15.899999618530273,18,0.0021658043556732043,15.952111191219753,15.91100025177002,15.994999885559082,13.865166717105442,1.8286667002571955,0.2582777767545647
033014ea-1105-48c4-b61e-12d005165b17,38.099998474121094,4,0.0004812898568162676,38.153249740600586,38.10100173950195,38.196998596191406,28.55825065076351,9.40625,0.18875000067055225
033014ea-1105-48c4-b61e-12d005165b17,34.70000076293945,3,0.0003609673926122007,34.74599965413412,34.720001220703125,34.7859992980957,34.412331899007164,0.0,0.33366666237513226
033014ea-1105-48c4-b61e-12d005165b17,49.599998474121094,1,0.0001203224642040669,49.643001556396484,49.643001556396484,49.643001556396484,49.500999450683594,0.0,0.1420000046491623
033014ea-1105-48c4-b61e-12d005165b17,65.19999694824219,1,0.0001203224642040669,65.2040023803711,65.2040023803711,65.2040023803711,63.314998626708984,1.5369999408721924,0.35199999809265137
033014ea-1105-48c4-b61e-12d005165b17,47.900001525878906,2,0.0002406449284081338,47.99150085449219,47.99100112915039,47.992000579833984,36.26000118255615,11.383000373840332,0.34849999099969864
033014ea-1105-48c4-b61e-12d005165b17,43.5,1,0.0001203224642040669,43.5,43.5,43.5,43.275001525878906,0.0,0.22499999403953552
033014ea-1105-48c4-b61e-12d005165b17,60.599998474121094,2,0.0002406449284081338,60.65850067138672,60.62300109863281,60.694000244140625,60.4114990234375,0.0,0.24699999392032623
033014ea-1105-48c4-b61e-12d005165b17,41.900001525878906,6,0.0007219347852244014,41.96616744995117,41.93000030517578,41.992000579833984,33.32966709136963,8.344666639963785,0.2918333386381467
033014ea-1105-48c4-b61e-12d005165b17,51.29999923706055,2,0.0002406449284081338,51.36949920654297,51.36399841308594,51.375,42.821001052856445,8.246500015258789,0.3020000010728836
033014ea-1105-48c4-b61e-12d005165b17,65.5999984741211,1,0.0001203224642040669,65.66899871826172,65.66899871826172,65.66899871826172,65.58300018310547,0.0,0.0860000029206276
033014ea-1105-48c4-b61e-12d005165b17,58.099998474121094,1,0.0001203224642040669,58.11399841308594,58.11399841308594,58.11399841308594,58.027000427246094,0.0,0.08699999749660492
033014ea-1105-48c4-b61e-12d005165b17,58.20000076293945,1,0.0001203224642040669,58.29399871826172,58.29399871826172,58.29399871826172,58.077999114990234,0.0,0.2160000056028366
033014ea-1105-48c4-b61e-12d005165b17,52.599998474121094,1,0.0001203224642040669,52.63600158691406,52.63600158691406,52.63600158691406,52.50600051879883,0.0,0.12999999523162842
033014ea-1105-48c4-b61e-12d005165b17,34.099998474121094,2,0.0002406449284081338,34.14750099182129,34.124000549316406,34.17100143432617,25.927498817443848,8.09850025177002,0.12150000408291817
033014ea-1105-48c4-b61e-12d005165b17,52.400001525878906,1,0.0001203224642040669,52.452999114990234,52.452999114990234,52.452999114990234,50.46200180053711,1.6069999933242798,0.3840000033378601
033014ea-1105-48c4-b61e-12d005165b17,45.5,1,0.0001203224642040669,45.566001892089844,45.566001892089844,45.566001892089844,45.034000396728516,0.10300000011920929,0.42899999022483826
033014ea-1105-48c4-b61e-12d005165b17,54.0,1,0.0001203224642040669,54.08000183105469,54.08000183105469,54.08000183105469,53.85499954223633,0.0,0.22499999403953552
033014ea-1105-48c4-b61e-12d005165b17,75.30000305175781,1,0.0001203224642040669,75.36100006103516,75.36100006103516,75.36100006103516,75.16100311279297,0.0,0.20000000298023224
033014ea-1105-48c4-b61e-12d005165b17,53.099998474121094,1,0.0001203224642040669,53.176998138427734,53.176998138427734,53.176998138427734,52.65999984741211,0.0,0.5170000195503235
033014ea-1105-48c4-b61e-12d005165b17,89.30000305175781,1,0.0001203224642040669,89.37699890136719,89.37699890136719,89.37699890136719,89.08200073242188,0.0,0.29499998688697815
033014ea-1105-48c4-b61e-12d005165b17,7.400000095367432,22,0.0026470942124894718,7.443318128585815,7.401000022888184,7.499000072479248,7.020863619717685,0.12918181852860885,0.2932727323337035
033014ea-1105-48c4-b61e-12d005165b17,23.600000381469727,8,0.0009625797136325352,23.663249969482422,23.61400032043457,23.69300079345703,18.711874693632126,4.70799994468689,0.24337500054389238
033014ea-1105-48c4-b61e-12d005165b17,67.5,1,0.0001203224642040669,67.572998046875,67.572998046875,67.572998046875,67.48200225830078,0.0,0.09099999815225601
033014ea-1105-48c4-b61e-12d005165b17,9.800000190734863,31,0.0037299963903260737,9.84809684753418,9.805000305175781,9.895999908447266,8.980741912318814,0.60261290592532,0.2647419331535216
033014ea-1105-48c4-b61e-12d005165b17,21.299999237060547,18,0.0021658043556732043,21.348944346110027,21.308000564575195,21.398000717163086,18.227999925613403,2.858666698137919,0.26227777782413697
033014ea-1105-48c4-b61e-12d005165b17,8.199999809265137,36,0.004331608711346409,8.238027731577555,8.199999809265137,8.293999671936035,7.819833305146959,0.17413888478444683,0.24405555613338947
033014ea-1105-48c4-b61e-12d005165b17,31.700000762939453,11,0.0013235471062447359,31.760818134654652,31.701000213623047,31.79599952697754,26.609000379388984,4.916090878573331,0.23572727157311005
033014ea-1105-48c4-b61e-12d005165b17,49.099998474121094,3,0.0003609673926122007,49.14699935913086,49.117000579833984,49.19599914550781,46.429999033610024,2.4456666310628257,0.2713333343466123
033014ea-1105-48c4-b61e-12d005165b17,0.30000001192092896,130,0.015641920346528698,0.34088461788801044,0.3009999990463257,0.3970000147819519,0.01446153876873163,0.0028384615595524127,0.3235846171585413
033014ea-1105-48c4-b61e-12d005165b17,48.099998474121094,3,0.0003609673926122007,48.143333435058594,48.13199996948242,48.15299987792969,45.121665954589844,2.727666641275088,0.2939999947945277
033014ea-1105-48c4-b61e-12d005165b17,7.099999904632568,14,0.0016845144988569367,7.141928570611136,7.10699987411499,7.183000087738037,6.689999989100865,0.14950000388281687,0.30242857549871716
033014ea-1105-48c4-b61e-12d005165b17,24.5,12,0.0014438695704488027,24.553666432698567,24.509000778198242,24.591999053955078,20.766499996185303,3.482749988635381,0.3044166639447212
033014ea-1105-48c4-b61e-12d005165b17,17.0,20,0.002406449284081338,17.05265016555786,17.011999130249023,17.097999572753906,15.29370003938675,1.4977999687194825,0.26115000173449515
033014ea-1105-48c4-b61e-12d005165b17,26.5,12,0.0014438695704488027,26.554833094278973,26.511999130249023,26.59000015258789,23.471916993459065,2.8260833024978638,0.25683333290119964
033014ea-1105-48c4-b61e-12d005165b17,31.299999237060547,12,0.0014438695704488027,31.357500076293945,31.31999969482422,31.392000198364258,27.472999811172485,3.6634167035420737,0.22108333185315132
033014ea-1105-48c4-b61e-12d005165b17,25.299999237060547,13,0.0015641920346528696,25.351922842172478,25.30299949645996,25.39900016784668,19.853846146510197,5.228461595681997,0.2696153808098573
033014ea-1105-48c4-b61e-12d005165b17,19.799999237060547,20,0.002406449284081338,19.85774984359741,19.822999954223633,19.882999420166016,18.75520005226135,0.8510999858379364,0.2514500018209219
033014ea-1105-48c4-b61e-12d005165b17,18.399999618530273,13,0.0015641920346528696,18.42976922255296,18.400999069213867,18.465999603271484,17.00753852037283,1.2058461262629583,0.2163846166088031
033014ea-1105-48c4-b61e-12d005165b17,28.600000381469727,13,0.0015641920346528696,28.664153612577,28.604000091552734,28.697999954223633,25.890307866610012,2.568769253217257,0.20507692087155122
033014ea-1105-48c4-b61e-12d005165b17,3.5,34,0.0040909637829382745,3.5535588404711556,3.500999927520752,3.5989999771118164,3.266705877640668,0.03235294209683642,0.25450000123066063
033014ea-1105-48c4-b61e-12d005165b17,30.399999618530273,6,0.0007219347852244014,30.45900026957194,30.4060001373291,30.496999740600586,27.541666348775227,2.713833491007487,0.2035000001390775
033014ea-1105-48c4-b61e-12d005165b17,1.0,31,0.0037299963903260737,1.0516451674122964,1.0010000467300415,1.0920000076293945,0.7569354868704273,0.026193547633386428,0.2685161329084827
033014ea-1105-48c4-b61e-12d005165b17,11.600000381469727,26,0.003128384069305739,11.64426931968102,11.600000381469727,11.699000358581543,11.032422982729399,0.40165385145407456,0.21019230582393134
033014ea-1105-48c4-b61e-12d005165b17,5.400000095367432,28,0.0033690289977138734,5.44921430519649,5.4039998054504395,5.495999813079834,5.1796785933630805,0.015428571828774043,0.2541071455925703
033014ea-1105-48c4-b61e-12d005165b17,38.5,8,0.0009625797136325352,38.56612586975098,38.5260009765625,38.59400177001953,32.63024938106537,5.674499988555908,0.26137499790638685
033014ea-1105-48c4-b61e-12d005165b17,12.800000190734863,22,0.0026470942124894718,12.848545464602383,12.805999755859375,12.89900016784668,12.5705454566262,0.0,0.2780000039122321
033014ea-1105-48c4-b61e-12d005165b17,6.400000095367432,23,0.002767416676693539,6.441739185996678,6.4019999504089355,6.492000102996826,6.137956557066544,0.003739130561766417,0.30004347763631656
033014ea-1105-48c4-b61e-12d005165b17,56.599998474121094,2,0.0002406449284081338,56.64400100708008,56.63100051879883,56.65700149536133,56.492000579833984,0.0,0.15200000256299973
033014ea-1105-48c4-b61e-12d005165b17,58.29999923706055,1,0.0001203224642040669,58.380001068115234,58.380001068115234,58.380001068115234,58.29999923706055,0.0,0.07999999821186066
033014ea-1105-48c4-b61e-12d005165b17,4.5,20,0.002406449284081338,4.5505499839782715,4.500999927520752,4.5970001220703125,4.080599975585938,0.1957999974489212,0.2741500023752451
033014ea-1105-48c4-b61e-12d005165b17,2.799999952316284,40,0.004812898568162676,2.8497500002384184,2.802000045776367,2.8959999084472656,2.5370999798178673,0.04152500070631504,0.2711250023916364
033014ea-1105-48c4-b61e-12d005165b17,23.899999618530273,14,0.0016845144988569367,23.960000038146973,23.902000427246094,23.999000549316406,21.471999951771327,2.16878570829119,0.3192142881453037
033014ea-1105-48c4-b61e-12d005165b17,10.300000190734863,24,0.0028877391408976055,10.356916705767313,10.300999641418457,10.397000312805176,9.603791703780493,0.5061249987532696,0.24700000043958426
033014ea-1105-48c4-b61e-12d005165b17,32.79999923706055,15,0.0018048369630610035,32.83719991048177,32.79999923706055,32.89699935913086,29.73693339029948,2.8037999153137205,0.29646666745344796
033014ea-1105-48c4-b61e-12d005165b17,17.899999618530273,18,0.0021658043556732043,17.94777774810791,17.902999877929688,17.999000549316406,15.026666733953688,2.608111116621229,0.31300000432464814
033014ea-1105-48c4-b61e-12d005165b17,15.800000190734863,24,0.0028877391408976055,15.846791704495748,15.803000450134277,15.895999908447266,14.085458358128866,1.4570833270748456,0.30425000190734863
033014ea-1105-48c4-b61e-12d005165b17,13.5,18,0.0021658043556732043,13.551777786678738,13.510000228881836,13.597000122070312,12.874722215864393,0.477111107773251,0.1999444423450364
033014ea-1105-48c4-b61e-12d005165b17,26.399999618530273,14,0.0016845144988569367,26.432499885559082,26.399999618530273,26.496000289916992,25.355642863682338,0.7969285760607038,0.27992857354027884
033014ea-1105-48c4-b61e-12d005165b17,36.0,3,0.0003609673926122007,36.04933293660482,36.007999420166016,36.08599853515625,35.84866714477539,0.0,0.2006666660308838
033014ea-1105-48c4-b61e-12d005165b17,6.099999904632568,17,0.0020454818914691373,6.1451177036061,6.1020002365112305,6.190999984741211,5.842470589806052,0.06711764896617216,0.23552941136500416
033014ea-1105-48c4-b61e-12d005165b17,12.300000190734863,20,0.002406449284081338,12.35614995956421,12.302000045776367,12.394000053405762,11.76550006866455,0.2616999983787537,0.3289500005543232
033014ea-1105-48c4-b61e-12d005165b17,37.79999923706055,3,0.0003609673926122007,37.86500040690104,37.847999572753906,37.87900161743164,32.063999811808266,5.561666488647461,0.23933332661787668
033014ea-1105-48c4-b61e-12d005165b17,70.80000305175781,1,0.0001203224642040669,70.86000061035156,70.86000061035156,70.86000061035156,70.76399993896484,0.0,0.09600000083446503
033014ea-1105-48c4-b61e-12d005165b17,36.20000076293945,7,0.0008422572494284683,36.24985722133091,36.20899963378906,36.29399871826172,27.38657147543771,8.591857041631426,0.2714285712156977
033014ea-1105-48c4-b61e-12d005165b17,29.899999618530273,8,0.0009625797136325352,29.945124864578247,29.906999588012695,29.9950008392334,27.408125400543213,2.2812499795109034,0.2557500032708049
033014ea-1105-48c4-b61e-12d005165b17,21.5,16,0.0019251594272650704,21.544312477111816,21.50200080871582,21.597000122070312,17.62024986743927,3.6856874227523804,0.2383750001899898
033014ea-1105-48c4-b61e-12d005165b17,41.20000076293945,3,0.0003609673926122007,41.28600056966146,41.27899932861328,41.290000915527344,35.427333196004234,5.497666676839192,0.360999991496404
033014ea-1105-48c4-b61e-12d005165b17,3.0999999046325684,17,0.0020454818914691373,3.1562941354863785,3.115999937057495,3.197999954223633,2.8236470643211815,0.0965882329379811,0.2360588237643242
033014ea-1105-48c4-b61e-12d005165b17,31.899999618530273,8,0.0009625797136325352,31.948124885559082,31.910999298095703,31.98900032043457,30.87487506866455,0.8408750295639038,0.2323750015348196
033014ea-1105-48c4-b61e-12d005165b17,2.200000047683716,38,0.004572253639754542,2.244500003362957,2.2090001106262207,2.2950000762939453,1.9543157847304093,0.04700000133169325,0.24318421161488482
033014ea-1105-48c4-b61e-12d005165b17,49.20000076293945,3,0.0003609673926122007,49.24433390299479,49.22100067138672,49.262001037597656,36.567667643229164,12.525999704996744,0.15066666901111603
033014ea-1105-48c4-b61e-12d005165b17,16.600000381469727,13,0.0015641920346528696,16.65469242976262,16.61400032043457,16.69700050354004,13.147153872710009,3.22392305961022,0.2836153885492912
033014ea-1105-48c4-b61e-12d005165b17,4.599999904632568,22,0.0026470942124894718,4.641772768714211,4.604000091552734,4.688000202178955,4.235454537651756,0.14290908791802145,0.26340909234502097
033014ea-1105-48c4-b61e-12d005165b17,37.400001525878906,6,0.0007219347852244014,37.44083340962728,37.40299987792969,37.486000061035156,34.440165519714355,2.7808332443237305,0.21983333552877107
033014ea-1105-48c4-b61e-12d005165b17,23.299999237060547,20,0.002406449284081338,23.360649967193602,23.30500030517578,23.395000457763672,21.565599691867828,1.5360499799251557,0.2590000033378601
033014ea-1105-48c4-b61e-12d005165b17,52.79999923706055,2,0.0002406449284081338,52.855499267578125,52.82600021362305,52.8849983215332,29.49349880218506,23.103500366210938,0.25850000232458115
033014ea-1105-48c4-b61e-12d005165b17,61.70000076293945,1,0.0001203224642040669,61.720001220703125,61.720001220703125,61.720001220703125,61.65599822998047,0.0,0.06400000303983688
033014ea-1105-48c4-b61e-12d005165b17,56.900001525878906,3,0.0003609673926122007,56.94433466593424,56.902000427246094,56.983001708984375,56.77299880981445,0.0,0.17133333285649618
033014ea-1105-48c4-b61e-12d005165b17,42.599998474121094,3,0.0003609673926122007,42.629998524983726,42.60599899291992,42.65599822998047,36.828999837239586,5.497666676839192,0.3033333420753479
033014ea-1105-48c4-b61e-12d005165b17,61.400001525878906,2,0.0002406449284081338,61.48550033569336,61.479000091552734,61.492000579833984,61.31649971008301,0.0,0.16899999976158142
033014ea-1105-48c4-b61e-12d005165b17,59.0,1,0.0001203224642040669,59.095001220703125,59.095001220703125,59.095001220703125,58.27000045776367,0.7059999704360962,0.11900000274181366
033014ea-1105-48c4-b61e-12d005165b17,67.5999984741211,1,0.0001203224642040669,67.61299896240234,67.61299896240234,67.61299896240234,67.32099914550781,0.0,0.2919999957084656
033014ea-1105-48c4-b61e-12d005165b17,38.599998474121094,2,0.0002406449284081338,38.684499740600586,38.672000885009766,38.696998596191406,38.298500061035156,0.0,0.38599999248981476
033014ea-1105-48c4-b61e-12d005165b17,93.0999984741211,1,0.0001203224642040669,93.1259994506836,93.1259994506836,93.1259994506836,92.99600219726562,0.0,0.12999999523162842
033014ea-1105-48c4-b61e-12d005165b17,43.70000076293945,2,0.0002406449284081338,43.7189998626709,43.71500015258789,43.722999572753906,43.32849884033203,0.04699999839067459,0.3435000032186508
033014ea-1105-48c4-b61e-12d005165b17,53.20000076293945,2,0.0002406449284081338,53.23299980163574,53.21699905395508,53.249000549316406,42.25749969482422,10.693499565124512,0.28200000524520874
033014ea-1105-48c4-b61e-12d005165b17,44.0,4,0.0004812898568162676,44.08749961853027,44.06399917602539,44.0989990234375,39.34299993515015,4.51299986243248,0.23149999789893627
033014ea-1105-48c4-b61e-12d005165b17,54.29999923706055,1,0.0001203224642040669,54.35499954223633,54.35499954223633,54.35499954223633,53.97100067138672,0.0,0.3840000033378601
033014ea-1105-48c4-b61e-12d005165b17,50.099998474121094,3,0.0003609673926122007,50.164999643961586,50.145999908447266,50.183998107910156,40.3463331858317,9.53166675567627,0.28700000047683716
033014ea-1105-48c4-b61e-12d005165b17,68.19999694824219,1,0.0001203224642040669,68.25299835205078,68.25299835205078,68.25299835205078,68.13099670410156,0.0,0.12200000137090683
033014ea-1105-48c4-b61e-12d005165b17,63.0,1,0.0001203224642040669,63.05500030517578,63.05500030517578,63.05500030517578,62.99100112915039,0.0,0.06400000303983688
033014ea-1105-48c4-b61e-12d005165b17,65.0,1,0.0001203224642040669,65.00700378417969,65.00700378417969,65.00700378417969,64.9520034790039,0.0,0.054999999701976776
033014ea-1105-48c4-b61e-12d005165b17,53.5,2,0.0002406449284081338,53.55099868774414,53.529998779296875,53.571998596191406,53.40250015258789,0.0,0.1485000029206276
033014ea-1105-48c4-b61e-12d005165b17,68.9000015258789,1,0.0001203224642040669,68.96700286865234,68.96700286865234,68.96700286865234,68.75700378417969,0.0,0.20999999344348907
033014ea-1105-48c4-b61e-12d005165b17,48.5,3,0.0003609673926122007,48.55400085449219,48.50600051879883,48.58700180053711,42.4296677907308,5.919333140055339,0.2050000031789144
033014ea-1105-48c4-b61e-12d005165b17,46.79999923706055,2,0.0002406449284081338,46.8799991607666,46.875,46.8849983215332,46.597999572753906,0.0,0.28200000524520874
033014ea-1105-48c4-b61e-12d005165b17,48.79999923706055,2,0.0002406449284081338,48.88850021362305,48.88399887084961,48.893001556396484,37.89400005340576,10.693499565124512,0.3009999990463257
033014ea-1105-48c4-b61e-12d005165b17,90.19999694824219,1,0.0001203224642040669,90.2490005493164,90.2490005493164,90.2490005493164,90.16300201416016,0.0,0.0860000029206276
033014ea-1105-48c4-b61e-12d005165b17,54.5,2,0.0002406449284081338,54.55050086975098,54.513999938964844,54.58700180053711,54.16750144958496,0.0,0.3830000162124634
033014ea-1105-48c4-b61e-12d005165b17,43.0,9,0.0010829021778366022,43.04266654120551,43.01499938964844,43.0620002746582,34.20266681247287,8.622777726915148,0.21722221871217093
033014ea-1105-48c4-b61e-12d005165b17,10.800000190734863,27,0.0032487065335098063,10.84699998078523,10.800999641418457,10.89799976348877,10.461518428943775,0.12562962704234654,0.2598518513970905
033014ea-1105-48c4-b61e-12d005165b17,37.29999923706055,8,0.0009625797136325352,37.35437536239624,37.323001861572266,37.39699935913086,32.276875376701355,4.795124918222427,0.2823750013485551
033014ea-1105-48c4-b61e-12d005165b17,10.199999809265137,23,0.002767416676693539,10.249086960502293,10.204000473022461,10.291000366210938,10.019565250562584,0.0,0.2295217413617217
033014ea-1105-48c4-b61e-12d005165b17,17.100000381469727,18,0.0021658043556732043,17.1508887608846,17.111000061035156,17.198999404907227,15.106611251831055,1.7497777541478474,0.2944999991191758
033014ea-1105-48c4-b61e-12d005165b17,1.5,38,0.004572253639754542,1.5504210528574491,1.5,1.5989999771118164,1.1356052630826046,0.17000000139600352,0.24481578896704473
033014ea-1105-48c4-b61e-12d005165b17,4.900000095367432,25,0.0030080616051016726,4.949759998321533,4.906000137329102,4.994999885559082,4.5251599884033205,0.157920001745224,0.266680001616478
033014ea-1105-48c4-b61e-12d005165b17,9.899999618530273,29,0.00348935146191794,9.953413766005944,9.906999588012695,9.996999740600586,9.657620660189924,0.027586205766118806,0.26820689748073445
033014ea-1105-48c4-b61e-12d005165b17,6.599999904632568,20,0.002406449284081338,6.657050013542175,6.603000164031982,6.698999881744385,6.386400032043457,0.003150000050663948,0.2675000000745058
033014ea-1105-48c4-b61e-12d005165b17,10.100000381469727,18,0.0021658043556732043,10.141055477990044,10.10099983215332,10.194999694824219,9.86044454574585,0.0240000006225374,0.25661111291911864
033014ea-1105-48c4-b61e-12d005165b17,6.5,27,0.0032487065335098063,6.548111120859782,6.504000186920166,6.598999977111816,6.210555606418186,0.0681111095128236,0.2694444446652024
033014ea-1105-48c4-b61e-12d005165b17,9.399999618530273,29,0.00348935146191794,9.457517229277512,9.413000106811523,9.49899959564209,8.909448192037384,0.25672414385039233,0.29134483224359053
033014ea-1105-48c4-b61e-12d005165b17,19.200000762939453,22,0.0026470942124894718,19.241863684220746,19.200000762939453,19.295000076293945,18.004909027706493,0.9578636112538251,0.2790909141979434
033014ea-1105-48c4-b61e-12d005165b17,2.700000047683716,36,0.004331608711346409,2.750972251097361,2.703000068664551,2.7920000553131104,2.470000018676122,0.04555555391642782,0.23541666919158566
033014ea-1105-48c4-b61e-12d005165b17,26.799999237060547,13,0.0015641920346528696,26.854384642380936,26.80299949645996,26.89699935913086,24.056692343491775,2.5517691603073707,0.24592307725777993
033014ea-1105-48c4-b61e-12d005165b17,53.70000076293945,3,0.0003609673926122007,53.73433303833008,53.71500015258789,53.77199935913086,51.30866622924805,2.2543333371480307,0.17133333285649618
033014ea-1105-48c4-b61e-12d005165b17,8.399999618530273,23,0.002767416676693539,8.449260918990426,8.402000427246094,8.498000144958496,7.630608670089556,0.611652161764062,0.2070000019410382
033014ea-1105-48c4-b61e-12d005165b17,24.0,10,0.001203224642040669,24.06049976348877,24.007999420166016,24.097999572753906,19.48279986381531,4.396100044250488,0.18160000070929527
033014ea-1105-48c4-b61e-12d005165b17,3.200000047683716,22,0.0026470942124894718,3.2575909224423496,3.2019999027252197,3.2960000038146973,3.0282727479934692,0.0,0.2293181808834726
033014ea-1105-48c4-b61e-12d005165b17,12.100000381469727,35,0.004211286247142341,12.150314331054688,12.10099983215332,12.196000099182129,11.216342857905797,0.6591142995016915,0.2748571453349931
033014ea-1105-48c4-b61e-12d005165b17,36.900001525878906,10,0.001203224642040669,36.943199920654294,36.90999984741211,36.9900016784668,36.65810050964355,0.05820000171661377,0.22690000087022782
033014ea-1105-48c4-b61e-12d005165b17,22.299999237060547,18,0.0021658043556732043,22.3361111746894,22.30299949645996,22.389999389648438,18.982055478625828,3.1022777557373047,0.2517777793109417
033014ea-1105-48c4-b61e-12d005165b17,5.800000190734863,19,0.002286126819877271,5.850315771604839,5.811999797821045,5.89900016784668,5.598684210526316,0.0,0.25163158029317856
033014ea-1105-48c4-b61e-12d005165b17,12.899999618530273,23,0.002767416676693539,12.947478294372559,12.904000282287598,12.998000144958496,12.474869520767875,0.2301304379235143,0.24247826214717783
033014ea-1105-48c4-b61e-12d005165b17,4.0,25,0.0030080616051016726,4.0454800415039065,4.000999927520752,4.098999977111816,3.7540000247955323,0.059600000381469724,0.2318800011277199
033014ea-1105-48c4-b61e-12d005165b17,32.900001525878906,7,0.0008422572494284683,32.96257128034319,32.930999755859375,32.99599838256836,32.597857339041575,0.0,0.36471428189958843
033014ea-1105-48c4-b61e-12d005165b17,6.300000190734863,25,0.0030080616051016726,6.354159984588623,6.301000118255615,6.39900016784668,5.79503999710083,0.25192000061273573,0.3072000029683113
033014ea-1105-48c4-b61e-12d005165b17,11.699999809265137,21,0.0025267717482854047,11.750428653898693,11.708000183105469,11.795999526977539,11.472476232619513,0.004904761910438538,0.2730476189227331
033014ea-1105-48c4-b61e-12d005165b17,19.600000381469727,21,0.0025267717482854047,19.648428326561337,19.601999282836914,19.69700050354004,17.82852378345671,1.5499523700702758,0.2699523834245546
033014ea-1105-48c4-b61e-12d005165b17,8.0,19,0.002286126819877271,8.057157918026572,8.0,8.095999717712402,7.698052657277961,0.0784210531335128,0.28068421702635915
033014ea-1105-48c4-b61e-12d005165b17,14.399999618530273,20,0.002406449284081338,14.446950006484986,14.402000427246094,14.486000061035156,13.533050036430359,0.6449000030755997,0.26900000423192977
033014ea-1105-48c4-b61e-12d005165b17,9.199999809265137,32,0.003850318854530141,9.250093787908554,9.208000183105469,9.29800033569336,8.640937391668558,0.3594687469303608,0.24968750006519258
033014ea-1105-48c4-b61e-12d005165b17,22.700000762939453,10,0.001203224642040669,22.73850040435791,22.707000732421875,22.798999786376953,22.010500335693358,0.47269999980926514,0.255299998819828
033014ea-1105-48c4-b61e-12d005165b17,22.200000762939453,13,0.0015641920346528696,22.249153870802658,22.208999633789062,22.297000885009766,18.82530799278846,3.0988461524248123,0.3249999995415027
033014ea-1105-48c4-b61e-12d005165b17,34.400001525878906,6,0.0007219347852244014,34.445334116617836,34.4010009765625,34.49100112915039,33.83199946085612,0.24833333492279053,0.36500000208616257
033014ea-1105-48c4-b61e-12d005165b17,36.599998474121094,9,0.0010829021778366022,36.645333184136284,36.60100173950195,36.69499969482422,30.264111095004612,6.152777910232544,0.22844444298081928
033014ea-1105-48c4-b61e-12d005165b17,4.400000095367432,24,0.0028877391408976055,4.448333342870076,4.4039998054504395,4.484000205993652,4.150958329439163,0.07441666877518098,0.222958332238098
033014ea-1105-48c4-b61e-12d005165b17,15.5,19,0.002286126819877271,15.545789417467619,15.503000259399414,15.597999572753906,14.551578973468981,0.7087368463215075,0.2854736843391469
033014ea-1105-48c4-b61e-12d005165b17,44.599998474121094,3,0.0003609673926122007,44.63099924723307,44.61800003051758,44.641998291015625,44.082000732421875,0.1940000057220459,0.3549999992052714
033014ea-1105-48c4-b61e-12d005165b17,35.29999923706055,6,0.0007219347852244014,35.34050051371256,35.30500030517578,35.367000579833984,35.20383389790853,0.0,0.13666666423281035
033014ea-1105-48c4-b61e-12d005165b17,34.20000076293945,5,0.0006016123210203345,34.2494010925293,34.220001220703125,34.284000396728516,30.75880012512207,3.256600189208984,0.23399999737739563
033014ea-1105-48c4-b61e-12d005165b17,1.2000000476837158,31,0.0037299963903260737,1.2535806432847054,1.2089999914169312,1.2970000505447388,0.90961290367188,0.0741290315504997,0.2698387107060802
033014ea-1105-48c4-b61e-12d005165b17,37.70000076293945,4,0.0004812898568162676,37.737749099731445,37.707000732421875,37.78799819946289,37.57199954986572,0.0,0.16575000062584877
033014ea-1105-48c4-b61e-12d005165b17,23.399999618530273,20,0.002406449284081338,23.442799854278565,23.400999069213867,23.479000091552734,19.33420007638633,3.8085499107837677,0.30005000308156016
033014ea-1105-48c4-b61e-12d005165b17,21.700000762939453,21,0.0025267717482854047,21.744809559413365,21.700000762939453,21.79599952697754,17.14871421456337,4.3702855961663385,0.2258095241018704
033014ea-1105-48c4-b61e-12d005165b17,12.199999809265137,32,0.003850318854530141,12.250343769788742,12.20199966430664,12.295999526977539,11.597374975681305,0.36368750780820847,0.2892812502104789
033014ea-1105-48c4-b61e-12d005165b17,30.700000762939453,10,0.001203224642040669,30.743000030517578,30.70800018310547,30.790000915527344,24.521899890899657,6.066799974441528,0.1542999990284443
033014ea-1105-48c4-b61e-12d005165b17,42.900001525878906,5,0.0006016123210203345,42.9322006225586,42.90800094604492,42.948001861572266,32.607999610900876,10.031800007820129,0.292399999499321
033014ea-1105-48c4-b61e-12d005165b17,49.70000076293945,1,0.0001203224642040669,49.71900177001953,49.71900177001953,49.71900177001953,49.430999755859375,0.06300000101327896,0.22499999403953552
033014ea-1105-48c4-b61e-12d005165b17,66.69999694824219,1,0.0001203224642040669,66.7249984741211,66.7249984741211,66.7249984741211,66.58100128173828,0.0,0.14399999380111694
033014ea-1105-48c4-b61e-12d005165b17,47.0,3,0.0003609673926122007,47.051666259765625,47.03799819946289,47.066001892089844,35.83033243815104,10.989333470662435,0.23200000822544098
033014ea-1105-48c4-b61e-12d005165b17,20.700000762939453,18,0.0021658043556732043,20.74538909064399,20.700000762939453,20.79400062561035,20.42888895670573,0.0240000006225374,0.29249999713566566
033014ea-1105-48c4-b61e-12d005165b17,42.70000076293945,4,0.0004812898568162676,42.758249282836914,42.72999954223633,42.7869987487793,40.51824951171875,2.0199999809265137,0.2199999988079071
033014ea-1105-48c4-b61e-12d005165b17,18.600000381469727,7,0.0008422572494284683,18.67257172720773,18.652999877929688,18.69499969482422,16.41814272744315,1.9737143516540527,0.2807142904826573
033014ea-1105-48c4-b61e-12d005165b17,24.899999618530273,16,0.0019251594272650704,24.958500146865845,24.915000915527344,24.989999771118164,22.567937672138214,2.150624990463257,0.23993750335648656
033014ea-1105-48c4-b61e-12d005165b17,76.19999694824219,1,0.0001203224642040669,76.26200103759766,76.26200103759766,76.26200103759766,76.03500366210938,0.0,0.22699999809265137
033014ea-1105-48c4-b61e-12d005165b17,37.5,3,0.0003609673926122007,37.57866668701172,37.553001403808594,37.59700012207031,34.35133298238119,2.9579999446868896,0.2693333402276039
033014ea-1105-48c4-b61e-12d005165b17,49.0,2,0.0002406449284081338,49.04050064086914,49.007999420166016,49.073001861572266,40.21549892425537,8.677000045776367,0.14800000190734863
033014ea-1105-48c4-b61e-12d005165b17,32.20000076293945,12,0.0014438695704488027,32.259666760762535,32.220001220703125,32.29899978637695,29.80083354314168,2.180833339691162,0.27800000086426735
033014ea-1105-48c4-b61e-12d005165b17,38.20000076293945,4,0.0004812898568162676,38.25975036621094,38.2130012512207,38.28300094604492,37.57200050354004,0.4104999899864197,0.2772500030696392
033014ea-1105-48c4-b61e-12d005165b17,44.900001525878906,4,0.0004812898568162676,44.939499855041504,44.92399978637695,44.95199966430664,42.55500030517578,2.045749980956316,0.3387500010430813
033014ea-1105-48c4-b61e-12d005165b17,48.29999923706055,3,0.0003609673926122007,48.34266662597656,48.33300018310547,48.36000061035156,47.59833272298177,0.41466666261355084,0.329666664203008
033014ea-1105-48c4-b61e-12d005165b17,78.30000305175781,1,0.0001203224642040669,78.36799621582031,78.36799621582031,78.36799621582031,78.22000122070312,0.0,0.14800000190734863
033014ea-1105-48c4-b61e-12d005165b17,79.5999984741211,1,0.0001203224642040669,79.69499969482422,79.69499969482422,79.69499969482422,79.4800033569336,0.0,0.2150000035762787
033014ea-1105-48c4-b61e-12d005165b17,58.599998474121094,2,0.0002406449284081338,58.66749954223633,58.65599822998047,58.67900085449219,58.45949935913086,0.0,0.20800000429153442
033014ea-1105-48c4-b61e-12d005165b17,26.0,9,0.0010829021778366022,26.05322223239475,26.018999099731445,26.091999053955078,22.15922196706136,3.7280000845591226,0.1659999986489614
033014ea-1105-48c4-b61e-12d005165b17,50.29999923706055,1,0.0001203224642040669,50.39400100708008,50.39400100708008,50.39400100708008,12.515000343322754,37.577999114990234,0.3009999990463257
033014ea-1105-48c4-b61e-12d005165b17,32.599998474121094,5,0.0006016123210203345,32.64380035400391,32.606998443603516,32.691001892089844,27.97839946746826,4.352000045776367,0.3133999973535538
033014ea-1105-48c4-b61e-12d005165b17,50.20000076293945,2,0.0002406449284081338,50.2244987487793,50.20399856567383,50.244998931884766,50.08650016784668,0.0,0.1379999965429306
033014ea-1105-48c4-b61e-12d005165b17,101.69999694824219,1,0.0001203224642040669,101.78199768066406,101.78199768066406,101.78199768066406,101.68000030517578,0.0,0.10199999809265137
033014ea-1105-48c4-b61e-12d005165b17,50.5,2,0.0002406449284081338,50.541500091552734,50.50400161743164,50.57899856567383,32.824501037597656,17.357500076293945,0.3595000132918358
033014ea-1105-48c4-b61e-12d005165b17,1.899999976158142,32,0.003850318854530141,1.9443124942481518,1.9019999504089355,1.9950000047683716,1.4468437395989895,0.20634375093504786,0.2911250025499612
033014ea-1105-48c4-b61e-12d005165b17,36.400001525878906,5,0.0006016123210203345,36.456600189208984,36.430999755859375,36.470001220703125,36.24099960327148,0.0,0.21560000330209733
033014ea-1105-48c4-b61e-12d005165b17,51.70000076293945,1,0.0001203224642040669,51.72200012207031,51.72200012207031,51.72200012207031,51.57500076293945,0.0,0.1469999998807907
033014ea-1105-48c4-b61e-12d005165b17,28.200000762939453,8,0.0009625797136325352,28.26075005531311,28.218000411987305,28.291000366210938,25.906375288963318,2.0616250038146973,0.29274999909102917
033014ea-1105-48c4-b61e-12d005165b17,0.699999988079071,14,0.0016845144988569367,0.7574999971049172,0.7179999947547913,0.7950000166893005,0.6019285661833627,0.0,0.1555714293250016
033014ea-1105-48c4-b61e-12d005165b17,20.600000381469727,18,0.0021658043556732043,20.64377784729004,20.60300064086914,20.687999725341797,19.102666483985054,1.3006666501363118,0.24044444453385141
033014ea-1105-48c4-b61e-12d005165b17,16.200000762939453,27,0.0032487065335098063,16.254296408759224,16.20199966430664,16.298999786376953,12.379407427929065,3.65796301541505,0.21692592705841418
033014ea-1105-48c4-b61e-12d005165b17,10.600000381469727,21,0.0025267717482854047,10.654999960036506,10.604000091552734,10.696000099182129,9.609333384604682,0.7898095392045521,0.25585714124497916
033014ea-1105-48c4-b61e-12d005165b17,2.0999999046325684,28,0.0033690289977138734,2.1561428478785922,2.1050000190734863,2.1989998817443848,1.8234999908932619,0.08167857064732484,0.2509642871362822
033014ea-1105-48c4-b61e-12d005165b17,15.300000190734863,24,0.0028877391408976055,15.355208357175192,15.309000015258789,15.392999649047852,13.82583330074946,1.2054583430290222,0.3239166693141063
033014ea-1105-48c4-b61e-12d005165b17,26.200000762939453,13,0.0015641920346528696,26.232461489163914,26.201000213623047,26.26799964904785,24.194538593292236,1.7512308267446666,0.28669230754558855
033014ea-1105-48c4-b61e-12d005165b17,7.900000095367432,27,0.0032487065335098063,7.953259256150988,7.90500020980835,7.994999885559082,7.3701852074375855,0.32592593299018013,0.25714814800907065
033014ea-1105-48c4-b61e-12d005165b17,34.79999923706055,7,0.0008422572494284683,34.846857343401226,34.8120002746582,34.87799835205078,34.55528586251395,0.0,0.2915714329906872
033014ea-1105-48c4-b61e-12d005165b17,21.200000762939453,15,0.0018048369630610035,21.25480016072591,21.20400047302246,21.290000915527344,17.31219991048177,3.635866705576579,0.30673333356777827
033014ea-1105-48c4-b61e-12d005165b17,24.700000762939453,13,0.0015641920346528696,24.75207695594201,24.70400047302246,24.798999786376953,20.424615410658028,4.057615426870493,0.2698461516545369
033014ea-1105-48c4-b61e-12d005165b17,10.899999618530273,39,0.0046925761039586095,10.951974281897911,10.902000427246094,10.996999740600586,10.507794832571959,0.19987179988469833,0.2443076926164138
033014ea-1105-48c4-b61e-12d005165b17,4.800000190734863,26,0.003128384069305739,4.847192305784959,4.800000190734863,4.8979997634887695,4.356692323317895,0.2181538435129019,0.27234615643437093
033014ea-1105-48c4-b61e-12d005165b17,40.599998474121094,9,0.0010829021778366022,40.6619995964898,40.62300109863281,40.691001892089844,38.434666315714516,1.9877778821521335,0.23955555591318342
033014ea-1105-48c4-b61e-12d005165b17,24.200000762939453,9,0.0010829021778366022,24.236222161187065,24.201000213623047,24.288000106811523,19.01944445239173,4.947333441840278,0.26944444825251895
033014ea-1105-48c4-b61e-12d005165b17,33.29999923706055,12,0.0014438695704488027,33.36341698964437,33.305999755859375,33.39699935913086,31.20258315404256,1.8930832638094823,0.26774999623497325
033014ea-1105-48c4-b61e-12d005165b17,41.29999923706055,3,0.0003609673926122007,41.34433364868164,41.32400131225586,41.369998931884766,38.96999867757162,2.24233341217041,0.13199999928474426
033014ea-1105-48c4-b61e-12d005165b17,35.400001525878906,11,0.0013235471062447359,35.44099946455522,35.404998779296875,35.494998931884766,32.756817904385656,2.369363633069125,0.31481818042018195
033014ea-1105-48c4-b61e-12d005165b17,33.79999923706055,6,0.0007219347852244014,33.842166900634766,33.80500030517578,33.862998962402344,33.380499521891274,0.2233333388964335,0.23833333452542624
033014ea-1105-48c4-b61e-12d005165b17,5.699999809265137,23,0.002767416676693539,5.75060863080232,5.705999851226807,5.798999786376953,5.383347822272259,0.06843478265015976,0.2988260871042376
033014ea-1105-48c4-b61e-12d005165b17,11.5,20,0.002406449284081338,11.539299917221069,11.5,11.579999923706055,11.209149885177613,0.04059999883174896,0.28955000042915346
033014ea-1105-48c4-b61e-12d005165b17,36.79999923706055,5,0.0006016123210203345,36.85300064086914,36.81399917602539,36.89699935913086,32.043199348449704,4.553200149536133,0.25659999549388884
033014ea-1105-48c4-b61e-12d005165b17,4.699999809265137,26,0.003128384069305739,4.759192264997042,4.703000068664551,4.798999786376953,4.354499991123493,0.1164230750157283,0.28826923123919046
033014ea-1105-48c4-b61e-12d005165b17,11.300000190734863,26,0.003128384069305739,11.342230796813965,11.300000190734863,11.387999534606934,10.753769214336689,0.3160384710018451,0.2724230785209399
033014ea-1105-48c4-b61e-12d005165b17,17.600000381469727,15,0.0018048369630610035,17.652933629353843,17.601999282836914,17.69300079345703,16.341266918182374,1.0902667000889779,0.2213999996582667
033014ea-1105-48c4-b61e-12d005165b17,32.29999923706055,8,0.0009625797136325352,32.341750621795654,32.30400085449219,32.393001556396484,31.757999897003174,0.3973749876022339,0.18637500051409006
033014ea-1105-48c4-b61e-12d005165b17,18.299999237060547,12,0.0014438695704488027,18.349583466847736,18.301000595092773,18.398000717163086,17.984999656677246,0.05566666523615519,0.308916670580705
033014ea-1105-48c4-b61e-12d005165b17,38.70000076293945,5,0.0006016123210203345,38.748400115966795,38.72600173950195,38.78099822998047,20.217200088500977,18.22579984664917,0.3053999990224838
033014ea-1105-48c4-b61e-12d005165b17,13.899999618530273,23,0.002767416676693539,13.95152183201002,13.899999618530273,13.993000030517578,13.435217318327531,0.24234782612842062,0.2739565236412961
033014ea-1105-48c4-b61e-12d005165b17,72.9000015258789,1,0.0001203224642040669,72.93699645996094,72.93699645996094,72.93699645996094,72.79299926757812,0.0,0.14399999380111694
033014ea-1105-48c4-b61e-12d005165b17,6.199999809265137,25,0.0030080616051016726,6.250199966430664,6.201000213623047,6.290999889373779,5.935600070953369,0.03808000087738037,0.2765200009942055
033014ea-1105-48c4-b61e-12d005165b17,20.399999618530273,19,0.002286126819877271,20.433421084755345,20.402000427246094,20.488000869750977,19.036631609264173,1.1185263395309448,0.2782631610569201
033014ea-1105-48c4-b61e-12d005165b17,16.299999237060547,9,0.0010829021778366022,16.338444391886394,16.301000595092773,16.385000228881836,15.372111002604166,0.7514444457160102,0.21488888727294075
033014ea-1105-48c4-b61e-12d005165b17,14.800000190734863,12,0.0014438695704488027,14.84375007947286,14.802000045776367,14.88700008392334,13.975250124931335,0.5695833365122477,0.29891667266686756
033014ea-1105-48c4-b61e-12d005165b17,35.70000076293945,7,0.0008422572494284683,35.756286076136995,35.733001708984375,35.78200149536133,35.5577141898019,0.0,0.1985714329140527
033014ea-1105-48c4-b61e-12d005165b17,33.5,8,0.0009625797136325352,33.55012512207031,33.513999938964844,33.59700012207031,30.521374821662903,2.7200000286102295,0.3087499961256981
033014ea-1105-48c4-b61e-12d005165b17,37.0,6,0.0007219347852244014,37.049500147501625,37.00600051879883,37.097999572753906,34.088165918986,2.6984999974568686,0.262833334505558
033014ea-1105-48c4-b61e-12d005165b17,20.5,14,0.0016845144988569367,20.56414290836879,20.506999969482422,20.597000122070312,20.321642875671387,0.030857143657548085,0.21164285498006002
033014ea-1105-48c4-b61e-12d005165b17,22.899999618530273,12,0.0014438695704488027,22.95858351389567,22.91900062561035,22.993000030517578,22.65274985631307,0.04458333427707354,0.2612500035514434
033014ea-1105-48c4-b61e-12d005165b17,50.900001525878906,1,0.0001203224642040669,50.926998138427734,50.926998138427734,50.926998138427734,50.775001525878906,0.0,0.15199999511241913
033014ea-1105-48c4-b61e-12d005165b17,61.79999923706055,2,0.0002406449284081338,61.82900047302246,61.79999923706055,61.858001708984375,61.57400131225586,0.0,0.2549999952316284
033014ea-1105-48c4-b61e-12d005165b17,38.400001525878906,5,0.0006016123210203345,38.44520034790039,38.41400146484375,38.49399948120117,36.523600006103514,1.662000012397766,0.2595999985933304
033014ea-1105-48c4-b61e-12d005165b17,52.5,4,0.0004812898568162676,52.550750732421875,52.527000427246094,52.573001861572266,52.36825084686279,0.0,0.18250000104308128
033014ea-1105-48c4-b61e-12d005165b17,21.799999237060547,13,0.0015641920346528696,21.848538325383114,21.805999755859375,21.892000198364258,20.339076849130485,1.252538534311148,0.2569230771981753
033014ea-1105-48c4-b61e-12d005165b17,63.79999923706055,1,0.0001203224642040669,63.8390007019043,63.8390007019043,63.8390007019043,62.73099899291992,0.7059999704360962,0.4020000100135803
033014ea-1105-48c4-b61e-12d005165b17,51.900001525878906,3,0.0003609673926122007,51.965999603271484,51.94599914550781,51.99399948120117,51.80399958292643,0.0,0.16200000296036401
033014ea-1105-48c4-b61e-12d005165b17,16.700000762939453,13,0.0015641920346528696,16.753692333514874,16.70199966430664,16.792999267578125,15.129999967721792,1.3897692331900964,0.2339230770101914
033014ea-1105-48c4-b61e-12d005165b17,30.5,9,0.0010829021778366022,30.555999967787002,30.511999130249023,30.5939998626709,24.256999863518608,6.070222165849474,0.22877778112888336
033014ea-1105-48c4-b61e-12d005165b17,27.700000762939453,13,0.0015641920346528696,27.749230751624474,27.707000732421875,27.790000915527344,23.736923291133,3.7490000541393576,0.26330769062042236
033014ea-1105-48c4-b61e-12d005165b17,31.799999237060547,7,0.0008422572494284683,31.849999836512975,31.80699920654297,31.89900016784668,28.030428750174387,3.5871429783957347,0.23242856987885066
033014ea-1105-48c4-b61e-12d005165b17,41.0,4,0.0004812898568162676,41.039249420166016,41.00299835205078,41.09000015258789,36.74375009536743,4.0707502365112305,0.2247500028461218
033014ea-1105-48c4-b61e-12d005165b17,125.30000305175781,1,0.0001203224642040669,125.37300109863281,125.37300109863281,125.37300109863281,125.10700225830078,0.0,0.26600000262260437
033014ea-1105-48c4-b61e-12d005165b17,45.0,5,0.0006016123210203345,45.045999145507814,45.00699996948242,45.08399963378906,39.266200637817384,5.591600036621093,0.18820000439882278
033014ea-1105-48c4-b61e-12d005165b17,33.0,4,0.0004812898568162676,33.04199981689453,33.000999450683594,33.09299850463867,32.8077507019043,0.0,0.2342500016093254
033014ea-1105-48c4-b61e-12d005165b17,43.900001525878906,2,0.0002406449284081338,43.97249984741211,43.95600128173828,43.98899841308594,32.7529993057251,10.880000114440918,0.33949999511241913
033014ea-1105-48c4-b61e-12d005165b17,46.29999923706055,2,0.0002406449284081338,46.34199905395508,46.34199905395508,46.34199905395508,35.570000648498535,10.59749984741211,0.1744999997317791
033014ea-1105-48c4-b61e-12d005165b17,47.5,3,0.0003609673926122007,47.553000132242836,47.518001556396484,47.5890007019043,47.33733367919922,0.0,0.21566666662693024
033014ea-1105-48c4-b61e-12d005165b17,68.5999984741211,1,0.0001203224642040669,68.61100006103516,68.61100006103516,68.61100006103516,68.34200286865234,0.0,0.26899999380111694
033014ea-1105-48c4-b61e-12d005165b17,83.5,1,0.0001203224642040669,83.53600311279297,83.53600311279297,83.53600311279297,83.30899810791016,0.0,0.22699999809265137
033014ea-1105-48c4-b61e-12d005165b17,58.5,1,0.0001203224642040669,58.513999938964844,58.513999938964844,58.513999938964844,58.24800109863281,0.0,0.26600000262260437
033014ea-1105-48c4-b61e-12d005165b17,40.79999923706055,6,0.0007219347852244014,40.85583305358887,40.82600021362305,40.89699935913086,35.33183352152506,5.263000011444092,0.26099999994039536
033014ea-1105-48c4-b61e-12d005165b17,38.900001525878906,3,0.0003609673926122007,38.957332611083984,38.9119987487793,38.99399948120117,25.73133373260498,12.82633368174235,0.3996666570504506
033014ea-1105-48c4-b61e-12d005165b17,32.70000076293945,4,0.0004812898568162676,32.7524995803833,32.71799850463867,32.792999267578125,32.432000160217285,0.0,0.3205000050365925
033014ea-1105-48c4-b61e-12d005165b17,45.599998474121094,2,0.0002406449284081338,45.630998611450195,45.62699890136719,45.6349983215332,45.388999938964844,0.0,0.24199999868869781
033014ea-1105-48c4-b61e-12d005165b17,55.099998474121094,2,0.0002406449284081338,55.16399955749512,55.1619987487793,55.16600036621094,41.04349899291992,13.961000442504883,0.15949999913573265
033014ea-1105-48c4-b61e-12d005165b17,54.900001525878906,1,0.0001203224642040669,54.95399856567383,54.95399856567383,54.95399856567383,54.729000091552734,0.0,0.22499999403953552
033014ea-1105-48c4-b61e-12d005165b17,47.79999923706055,3,0.0003609673926122007,47.840667724609375,47.805999755859375,47.87200164794922,40.482333501180015,7.128999710083008,0.22933333118756613
033014ea-1105-48c4-b61e-12d005165b17,71.19999694824219,2,0.0002406449284081338,71.27299880981445,71.26399993896484,71.28199768066406,59.61899948120117,11.435999870300293,0.21799999475479126
033014ea-1105-48c4-b61e-12d005165b17,73.19999694824219,1,0.0001203224642040669,73.20600128173828,73.20600128173828,73.20600128173828,72.83399963378906,0.0,0.3720000088214874
033014ea-1105-48c4-b61e-12d005165b17,34.5,4,0.0004812898568162676,34.534250259399414,34.500999450683594,34.582000732421875,29.854000091552734,4.408500015735626,0.27174999937415123
033014ea-1105-48c4-b61e-12d005165b17,35.5,5,0.0006016123210203345,35.547000885009766,35.50600051879883,35.5880012512207,23.604200553894042,11.755799865722656,0.18699999749660492
033014ea-1105-48c4-b61e-12d005165b17,60.5,1,0.0001203224642040669,60.520999908447266,60.520999908447266,60.520999908447266,60.00400161743164,0.0,0.5170000195503235
033014ea-1105-48c4-b61e-12d005165b17,65.30000305175781,1,0.0001203224642040669,65.322998046875,65.322998046875,65.322998046875,65.11199951171875,0.0,0.210999995470047
033014ea-1105-48c4-b61e-12d005165b17,52.20000076293945,1,0.0001203224642040669,52.27899932861328,52.27899932861328,52.27899932861328,43.9739990234375,8.079999923706055,0.22499999403953552
033014ea-1105-48c4-b61e-12d005165b17,82.5,1,0.0001203224642040669,82.54000091552734,82.54000091552734,82.54000091552734,82.41000366210938,0.0,0.12999999523162842
033014ea-1105-48c4-b61e-12d005165b17,59.099998474121094,1,0.0001203224642040669,59.11899948120117,59.11899948120117,59.11899948120117,58.97700119018555,0.0,0.1420000046491623
033014ea-1105-48c4-b61e-12d005165b17,65.80000305175781,2,0.0002406449284081338,65.83049774169922,65.8219985961914,65.83899688720703,62.12100028991699,3.4175000190734863,0.2920000031590462
033014ea-1105-48c4-b61e-12d005165b17,100.5,1,0.0001203224642040669,100.50900268554688,100.50900268554688,100.50900268554688,100.31400299072266,0.0,0.19499999284744263
033014ea-1105-48c4-b61e-12d005165b17,30.0,9,0.0010829021778366022,30.05088890923394,30.003999710083008,30.089000701904297,26.812666787041557,3.0312222374810114,0.20699999812576506
